Dynamic pricing bij Europese fuel retailers — operationeel model, impact en LUKOIL-implementatiemodel	61% van de Europese retailers heeft enige vorm van dynamic pricing geadopteerd, voornamelijk rule-based en niet AI-gestuurd.	Dynamic pricing adoptie in Europese retail	61% heeft enige vorm; meerderheid rule-based, niet AI
Dynamic pricing bij Europese fuel retailers — operationeel model, impact en LUKOIL-implementatiemodel	AI analyseert weersomstandigheden, lokale evenementen, verkeerspatronen en historische verkopen om de voorraad van hoogwaardige winkelproducten te optimaliseren.	AI analyseert weersomstandigheden, lokale evenementen, verkeerspatronen en historische verkopen om de voorraad van hoogwaardige shopproducten zoals dranken en snacks te optimaliseren.
Dynamic pricing bij Europese fuel retailers — operationeel model, impact en LUKOIL-implementatiemodel	AI bepaalt de prijsgevoeligheid van verschillende winkelproducten.	AI bepaalt de prijsgevoeligheid van verschillende shopproducten — snacks, dranken en auto-gerelateerde items.
Dynamic pricing bij Europese fuel retailers — operationeel model, impact en LUKOIL-implementatiemodel	AI kan brandstofmarges met 2–4 cent per gallon verbeteren.	Dit kan brandstofmarges met 2–4 cents per gallon verbeteren terwijl concurrentiepositie behouden blijft.
Dynamic pricing bij Europese fuel retailers — operationeel model, impact en LUKOIL-implementatiemodel	AI kan verspilling met 15–25% verminderen en marges verhogen door populaire producten op voorraad te houden tijdens piekmomenten.	Dit kan verspilling met 15–25% verminderen en marges verhogen door populaire producten op voorraad te houden tijdens piekmomenten.
Dynamic pricing bij Europese fuel retailers — operationeel model, impact en LUKOIL-implementatiemodel	AI monitort concurrentieprijzen, lokale marktomstandigheden, verkeerspatronen en brandstofkosten om de prijzen real-time te optimaliseren.	AI monitort concurrentieprijzen, lokale marktomstandigheden, verkeerspatronen en brandstofkosten om de pricing real-time te optimaliseren.
Dynamic pricing bij Europese fuel retailers — operationeel model, impact en LUKOIL-implementatiemodel	AI-adoptie kan 10–20% verbetering in totale winstgevendheid brengen door betere marges en minder verspilling.	AI-adoptie kan 10–20% verbetering in totale winstgevendheid brengen door betere marges en minder verspilling.
Dynamic pricing bij Europese fuel retailers — operationeel model, impact en LUKOIL-implementatiemodel	AI-gedreven dynamic pricing op brandstof mitigeert prijsoorlogen.	Implementatie van AI-gedreven dynamic pricing op brandstof leidt tot bewezen margeverbeteringen van 9% tot 38% (0,8 tot 3,2 cent per liter), voornamelijk door het mitigeren van prijsoorlogen.
Dynamic pricing bij Europese fuel retailers — operationeel model, impact en LUKOIL-implementatiemodel	AI-inventory kan voedselverspilling met 15–25% verminderen.	Voedselverspillingsreductie AI-inventory	15–25%
Dynamic pricing bij Europese fuel retailers — operationeel model, impact en LUKOIL-implementatiemodel	AI-optimalisatie van brandstofmarges levert verbeteringen op van 9% tot 38% (0,8 tot 3,2 cent per liter).	Waar brandstofmarges historisch extreem fragiel zijn, levert AI-optimalisatie margeverbeteringen op van 9% tot 38% (0,8 tot 3,2 cent per liter).
Dynamic pricing bij Europese fuel retailers — operationeel model, impact en LUKOIL-implementatiemodel	Algemene AI-dynamische prijzen leiden tot een winstverbetering van 5–10% in de profit margin in sectoren die AI-pricing effectief inzetten.	Algemene AI-dynamic pricing winstverbetering	5–10% profit margin sectorbrede benchmarks
Dynamic pricing bij Europese fuel retailers — operationeel model, impact en LUKOIL-implementatiemodel	Algoritmes houden prijzen hoog en stabiel zonder illegale menselijke communicatie bij stilzwijgende coördinatie.	met als gevolg dat algoritmes de prijzen hoog en stabiel houden zonder dat er achter de schermen illegale menselijke communicatie plaatsvindt.
Dynamic pricing bij Europese fuel retailers — operationeel model, impact en LUKOIL-implementatiemodel	Algoritmische prijssoftware heeft als primaire doelstelling het balanceren van volume en marge, en het creëren van 'net margins'.	Algoritmische prijssoftware (zoals Kalibrate en EdgePetrol) heeft als primaire doelstelling het balanceren van volume en marge, en het creëren van 'net margins' in plaats van brutomarges.
Dynamic pricing bij Europese fuel retailers — operationeel model, impact en LUKOIL-implementatiemodel	Algoritmische stilzwijgende coördinatie is een niet-gereguleerde, spontane marktsituatie waarbij onafhankelijke AI-systemen wiskundig leren dat direct kopiëren van een prijsverlaging leidt tot verlies.	*Definitie:* Een niet-gereguleerde, spontane marktsituatie waarbij onafhankelijke AI-systemen wiskundig leren dat het direct kopiëren van een prijsverlaging door een concurrent louter leidt tot verlies, met als gevolg dat algoritmes de prijzen hoog en stabiel houden zonder dat er achter de schermen illegale menselijke communicatie plaatsvindt.
Dynamic pricing bij Europese fuel retailers — operationeel model, impact en LUKOIL-implementatiemodel	Alle stations in Luxemburg hanteren dezelfde prijs.	alle stations zelfde prijs in Luxemburg
Dynamic pricing bij Europese fuel retailers — operationeel model, impact en LUKOIL-implementatiemodel	API staat voor Application Programming Interface, een digitale softwarebrug die wetgevende servers direct, realtime en veilig laat communiceren met het kassasysteem van het tankstation.	*(Definitie: Application Programming Interface; een digitale softwarebrug die ervoor zorgt dat de wetgevende servers direct, realtime en veilig kunnen praten met het kassasysteem van het tankstation)*.
Dynamic pricing bij Europese fuel retailers — operationeel model, impact en LUKOIL-implementatiemodel	API-feeds zijn noodzakelijke compliance-voorwaarden voor dynamic pricing.	Hierbij fungeren zogenaamde **API-feeds** *(Definitie: Application Programming Interface; een digitale softwarebrug die ervoor zorgt dat de wetgevende servers direct, realtime en veilig kunnen praten met het kassasysteem van het tankstation)* als noodzakelijke compliance-voorwaarde.
Dynamic pricing bij Europese fuel retailers — operationeel model, impact en LUKOIL-implementatiemodel	Apps zoals Tank Alert vergelijken live prijzen bij meer dan 18.000 stations in Duitsland.	Apps zoals Tank Alert vergelijken live prijzen bij 18.000+ stations in Duitsland en bieden slimme prijsalerts wanneer prijzen dalen.
Dynamic pricing bij Europese fuel retailers — operationeel model, impact en LUKOIL-implementatiemodel	Artikel 29a GWB creëert een sectorspecifiek prijsmisbruikregime gericht op raffinaderij- en groothandelsleveranciers.	Het pakket introduceert Artikel 29a van de Wet op de Mededinging (GWB), waarmee een sectorspecifiek prijsmisbruikregime wordt gecreëerd dat gericht is op raffinaderij- en groothandelsleveranciers.
Dynamic pricing bij Europese fuel retailers — operationeel model, impact en LUKOIL-implementatiemodel	Asymmetrische prijzen (snel omhoog, langzaam omlaag) zijn een reëel marge-instrument voor retailers.	Het VK-bewijs toont aan dat asymmetrische pricing (snel omhoog, langzaam omlaag) een reëel marge-instrument is voor retailers.
Dynamic pricing bij Europese fuel retailers — operationeel model, impact en LUKOIL-implementatiemodel	BDI staat voor Belief-Desire-Intention en is een neuraal logica-model voor software-agenten.	*Definitie:* BDI staat voor Belief-Desire-Intention. Het is een neuraal logica-model voor software-agenten.
Dynamic pricing bij Europese fuel retailers — operationeel model, impact en LUKOIL-implementatiemodel	BDI-architectuur acteert proactief en streeft zelfstandig lange termijn volumebalans na.	Waar verouderde regel-gebaseerde software enkel reactief kon zakken in prijs als de buurman dat deed, acteert BDI-architectuur *proactief* en streeft het zelfstandig lange termijn volumebalans na.
Dynamic pricing bij Europese fuel retailers — operationeel model, impact en LUKOIL-implementatiemodel	Bedrijven zoals EdgePetrol opereren via veilige SD-WAN verbindingen.	Bedrijven zoals EdgePetrol opereren via veilige **SD-WAN** verbindingen *(Definitie: Software-Defined Wide Area Network, een virtuele netwerkarchitectuur waarbij centraal beheer via de cloud de dataversleuteling en routering aanstuurt, zonder de noodzaak van fysieke datacentra per locatie)*.
Dynamic pricing bij Europese fuel retailers — operationeel model, impact en LUKOIL-implementatiemodel	België en Luxemburg berekenen elke werkdag een officiële, wettelijke maximumprijs voor brandstof.	De Belgische FOD Economie, en de Luxemburgse equivalent, berekenen elke werkdag een officiële, wettelijke maximumprijs.
Dynamic pricing bij Europese fuel retailers — operationeel model, impact en LUKOIL-implementatiemodel	België en Luxemburg hanteren een strikte wettelijke overheidscap, waardoor alleen geoptimaliseerde discounting mogelijk is.	Waar Duitsland per april 2026 de KPAnG heeft geactiveerd (maximaal één prijsstijging per dag stipt om 12:00 uur), hanteren België en Luxemburg een strikte wettelijke overheidscap waaronder uitsluitend geoptimaliseerde *discounting* mogelijk is.
Dynamic pricing bij Europese fuel retailers — operationeel model, impact en LUKOIL-implementatiemodel	België heeft een dagelijks prijsplafond.	België heeft een dagelijks prijsplafond, Luxemburg uniforme prijzen, en Duitsland heeft per april 2026 een eén-keer-per-dag-verhogingsregel ingevoerd.
Dynamic pricing bij Europese fuel retailers — operationeel model, impact en LUKOIL-implementatiemodel	België is een van de weinige Europese landen, samen met Luxemburg, dat prijsplafonds toepast op aardolieproducten.	het land blijft een van de weinige Europese landen, samen met Luxemburg, dat prijsplafonds toepast op aardolieproducten.
Dynamic pricing bij Europese fuel retailers — operationeel model, impact en LUKOIL-implementatiemodel	België opereert onder een van de meest dirigistische prijsregimes van Europa.	België opereert onder een van de meest dirigistische prijsregimes van Europa.
Dynamic pricing bij Europese fuel retailers — operationeel model, impact en LUKOIL-implementatiemodel	Bellinger (onafhankelijk JET dealer, VK) gebruikt EdgePetrol, de marktleider in het VK met 30 van de top 50 onafhankelijke netwerken onder contract.	EdgePetrol (de marktleider in het VK met 30 van de top 50 onafhankelijke netwerken onder contract).
Dynamic pricing bij Europese fuel retailers — operationeel model, impact en LUKOIL-implementatiemodel	Bellinger past dynamic pricing uitsluitend toe op brandstof.	Uitsluitend Brandstof.
Dynamic pricing bij Europese fuel retailers — operationeel model, impact en LUKOIL-implementatiemodel	Benchmarks tonen 10–20% winstverbeteringspotentieel bij AI-implementatie.	Benchmarks tonen 10–20% winstverbeteringspotentieel bij AI-implementatie.
Dynamic pricing bij Europese fuel retailers — operationeel model, impact en LUKOIL-implementatiemodel	Benzinestations in Duitsland zijn verplicht hun prijzen door te geven aan een centrale database.	Benzinestations in Duitsland zijn verplicht hun prijzen door te geven aan een centrale database, beheerd door de Markttransparentie-eenheid (MTU), een subeenheid van de Bundeskartellamt.
Dynamic pricing bij Europese fuel retailers — operationeel model, impact en LUKOIL-implementatiemodel	Berlijn presenteert het "Fuel Measures Package" als een transparantie- en anti-misbruikmaatregel.	Berlijn presenteert dit als een transparantie- en anti-misbruikmaatregel, gecombineerd met sterkere bevoegdheden voor het Bundeskartellamt.
Dynamic pricing bij Europese fuel retailers — operationeel model, impact en LUKOIL-implementatiemodel	Bernhardt et al. (2025) suggereren dat het initiële prijsverlagende effect van de hervorming uit 2011 in Oostenrijk mogelijk deels is tenietgedaan door verhoogde markttransparantie.	Bernhardt et al. (2025) herzien de transparantieregulering in Europese brandstofmarkten en suggereren dat in Oostenrijk het aanvankelijke prijsverlagend effect van de hervorming uit 2011 mogelijk deels is tenietgedaan door het effect van verhoogde markttransparantie.
Dynamic pricing bij Europese fuel retailers — operationeel model, impact en LUKOIL-implementatiemodel	Bernhardt et al. (2025) suggereren dat in Oostenrijk het initiële prijsverlagende effect van de 2011-hervorming mogelijk deels is tenietgedaan door verhoogde markttransparantie.	Bernhardt et al. (2025) suggereren dat in Oostenrijk het initiële prijsverlagend effect van de 2011-hervorming mogelijk deels is tenietgedaan door het effect van verhoogde markttransparantie.
Dynamic pricing bij Europese fuel retailers — operationeel model, impact en LUKOIL-implementatiemodel	Bestuurders betaalden 13 pence per liter meer voor diesel in de eerste vijf maanden van 2023 dan bij marges op het 2017–2022-gemiddelde.	Dit betekende dat bestuurders 13 pence per liter meer betaalden voor diesel in de eerste vijf maanden van 2023 dan bij marges op het 2017–2022-gemiddelde.
Dynamic pricing bij Europese fuel retailers — operationeel model, impact en LUKOIL-implementatiemodel	Bij onbemande pompen reageren automobilisten strikt elastisch op brandstofprijs als er geen winkel in de nabije omgeving is voor cross-selling of toiletbezoek.	als er geen winkel in de nabije omgeving is voor cross-selling of toiletbezoek, reageren automobilisten strikt elastisch op brandstofprijs.
Dynamic pricing bij Europese fuel retailers — operationeel model, impact en LUKOIL-implementatiemodel	Binnen de maximumprijs 'ceiling' in België en Luxemburg is neerwaartse dynamic pricing (dynamisch discounting) toegestaan.	Binnen deze 'ceiling' is echter neerwaartse dynamic pricing toegestaan (dynamisch discounting).
Dynamic pricing bij Europese fuel retailers — operationeel model, impact en LUKOIL-implementatiemodel	Brandstofalgoritmes gebruiken realtime POS-data en weers-/concurrentie-inputs voor continue aanpassingen.	Brandstofalgoritmes maken gebruik van realtime POS-data en weers-/concurrentie-inputs voor continue aanpassingen (waarbij EdgePetrol specifiek optimaliseert op *live weighted & blended margin*).
Dynamic pricing bij Europese fuel retailers — operationeel model, impact en LUKOIL-implementatiemodel	Carlyle zal de komende 3–5 jaar gericht investeren in operationele waardecreatie.	Dit suggereert dat een rationeel investeerder als Carlyle de komende 3–5 jaar gericht zal investeren in operationele waardecreatie — waaronder pricing-innovatie — om de exitwaarde te maximaliseren.
Dynamic pricing bij Europese fuel retailers — operationeel model, impact en LUKOIL-implementatiemodel	Cloud-gebaseerde platforms zoals PROS, Revionics en Pricefx domineren de markt.	Cloud-gebaseerde platforms zoals PROS, Revionics en Pricefx domineren de markt, grotendeels vanwege hun naadloze integratie met ERP- en CRM-systemen.
Dynamic pricing bij Europese fuel retailers — operationeel model, impact en LUKOIL-implementatiemodel	Competitive fuel tracking is van toepassing in alle EU-landen met prijstransparantie.	Toepassingsgebied	Alle EU-landen met prijstransparantie
Dynamic pricing bij Europese fuel retailers — operationeel model, impact en LUKOIL-implementatiemodel	Competitive fuel tracking omvat real-time reactie op concurrentieprijzen via transparantiesystemen.	Competitive fuel tracking	Real-time reactie op concurrentieprijzen via transparantiesystemen
Dynamic pricing bij Europese fuel retailers — operationeel model, impact en LUKOIL-implementatiemodel	Complexe ESL-varianten kunnen $50 of meer kosten.	Zeer basic monochrome labels zijn er al voor $5, terwijl complexe varianten tot wel $50 of meer kunnen kosten.
Dynamic pricing bij Europese fuel retailers — operationeel model, impact en LUKOIL-implementatiemodel	Consumenten kunnen actuele pomprijzen in heel Duitsland raadplegen via de Markttransparenzstelle.	Dit stelt consumenten in staat actuele pomprijzen in heel Duitsland te raadplegen.
Dynamic pricing bij Europese fuel retailers — operationeel model, impact en LUKOIL-implementatiemodel	Consumentenpatronen verschuiven aanzienlijk door de '12-Uhr-Regel'.	Consumentenpatronen verschuiven hierdoor aanzienlijk: tanken is het goedkoopst in de late ochtend, waarna om 12:00 uur een abrupte prijsstijging plaatsvindt die gedurende de namiddag weer stapsgewijs afkalft.
Dynamic pricing bij Europese fuel retailers — operationeel model, impact en LUKOIL-implementatiemodel	Consumentenrechtadvocaten in Californië bepleiten dat Kalibrate en EdgePetrol systemen lokale benzineprijzen tot wel 6 à 30 dollarcent per gallon onnatuurlijk hoog houden.	consumentenrechtadvocaten in Californië bepleiten onder de aangepaste anti-kartelwet AB 325 dat deze systemen de lokale benzineprijzen tot wel 6 à 30 dollarcent per gallon onnatuurlijk hoog houden ten koste van de consument.
Dynamic pricing bij Europese fuel retailers — operationeel model, impact en LUKOIL-implementatiemodel	Daarna zal er een vaste prijs van €68/tCO2 zijn voor CO2-certificaten in Duitsland.	In 2026 worden certificaten geveild binnen een prijskoridor van €55–€65/tCO2, met daarna een vaste prijs van €68/tCO2.
Dynamic pricing bij Europese fuel retailers — operationeel model, impact en LUKOIL-implementatiemodel	Data over basketgrootte/transactiewaarde cross-sell per Europese brandstofretailer zijn niet beschikbaar.	Basketgrootte / transactiewaarde cross-sell	Data niet beschikbaar per Europese fuel retailer
Dynamic pricing bij Europese fuel retailers — operationeel model, impact en LUKOIL-implementatiemodel	De "eenmaal per dag verhogen"-regel in Duitsland zal waarschijnlijk niet leiden tot goedkopere brandstof.	Het is echter waarschijnlijk dat dit brandstof niet goedkoper maakt.
Dynamic pricing bij Europese fuel retailers — operationeel model, impact en LUKOIL-implementatiemodel	De "eenmaal per dag verhogen"-regel kan intraday prijsschommelingen efficiënt uitvlakken.	Het kan wel intraday prijsschommelingen efficiënt uitvlakken.
Dynamic pricing bij Europese fuel retailers — operationeel model, impact en LUKOIL-implementatiemodel	De "Luxembourg rule", die een maximale marge voor retailers invoert, verlaagt de consumentenwelvaart.	Uit laboratoriumexperiment blijkt dat de "Luxembourg rule" — die een maximale marge voor retailers invoert — de consumentenwelvaart eerder verlaagt dan verhoogt.
Dynamic pricing bij Europese fuel retailers — operationeel model, impact en LUKOIL-implementatiemodel	De "rocket and feather" margewinst in het VK in 2023 was +6 pence/L cumulatief over 2019–2022.	"Rocket and feather" margewinst VK 2023	+6 pence/L cumulatief over 2019–2022
Dynamic pricing bij Europese fuel retailers — operationeel model, impact en LUKOIL-implementatiemodel	De '12-Uhr-Regel' vernietigt de voordelen van dynamische prijsstellingsalgoritmes.	Deze maatregel vernietigt de voordelen van dynamische prijsstellingsalgoritmes die door internationale partijen worden gebruikt om marges te maximaliseren.
Dynamic pricing bij Europese fuel retailers — operationeel model, impact en LUKOIL-implementatiemodel	De aanvullende infrastructuur voor Fase 2 (Fuel Dynamic Pricing NL) omvat een real-time competitor fuel price feed, LED-prijsbordintegratie, een wholesale cost feed en een compliance module.	AANVULLENDE INFRASTRUCTUUR: ├── Real-time competitor fuel price feed (bijv. Tankservice.nl, ANWB data) ├── LED-prijsbordintegratie (centrale aansturing) ├── Wholesale cost feed (Platts + eigen inkoopkosten Zeeland Refinery) └── Compliance module (NL: geen cap; bewaking ACM-regels)
Dynamic pricing bij Europese fuel retailers — operationeel model, impact en LUKOIL-implementatiemodel	De aanvullende vereisten voor Fase 3 (Germany Entry Integration) omvatten een MTS-K compliance module, een "één verhoging per dag"-lock, een verlagingsautomaat en Bundeskartellamt reporting compliance.	AANVULLENDE VEREISTEN: ├── MTS-K (Markttransparenzstelle) compliance module ├── "Eén verhoging per dag"-lock (12:00-protocol) ├── Verlagingsautomaat (onbeperkte verlaging = competitive weapon) └── Bundeskartellamt reporting compliance
Dynamic pricing bij Europese fuel retailers — operationeel model, impact en LUKOIL-implementatiemodel	De adoptie van dynamic pricing in de Europese brandstofretail was initieel het domein van grote multinationale oliemaatschappijen.	De adoptie van dynamic pricing in de Europese brandstofretail was initieel het domein van de grote multinationale oliemaatschappijen, maar is door de proliferatie van gespecialiseerde Software-as-a-Service (SaaS) aanbieders toegankelijk geworden.
Dynamic pricing bij Europese fuel retailers — operationeel model, impact en LUKOIL-implementatiemodel	De adoptie van dynamische beprijzing is versneld door gespecialiseerde oplossingen zoals EdgePetrol (Groot-Brittannië), Kalibrate en a2i Systems (Scandinavië/Benelux), en ESL-providers zoals Delfi en Panasonic (Duitsland).	De adoptie is in een stroomversnelling geraakt met gespecialiseerde oplossingen zoals EdgePetrol (Groot-Brittannië), Kalibrate en a2i Systems (Scandinavië/Benelux), en ESL-providers zoals Delfi en Panasonic (Duitsland).
Dynamic pricing bij Europese fuel retailers — operationeel model, impact en LUKOIL-implementatiemodel	De afwezigheid van federale plafonds in Nederland stelt software in staat om volledig bi-directioneel, opwaarts en neerwaarts, te opereren in lokale duopolies.	Desondanks stelt deze afwezigheid van federale plafonds software aan de Nederlandse zijde van de grens in staat om volledig bi-directioneel, opwaarts en neerwaarts, te opereren in lokale duopolies.
Dynamic pricing bij Europese fuel retailers — operationeel model, impact en LUKOIL-implementatiemodel	De algehele winstverbetering door AI-prijzen is 10–20% van de totale winstgevendheid.	Overall winstverbetering AI-pricing	10–20% verbetering totale winstgevendheid
Dynamic pricing bij Europese fuel retailers — operationeel model, impact en LUKOIL-implementatiemodel	De algemene margeverbetering door stilzwijgende coördinatie is 28% tot 38%.	Dit is een onverwachte algemene margeverbetering van 28% tot 38%.
Dynamic pricing bij Europese fuel retailers — operationeel model, impact en LUKOIL-implementatiemodel	De arbeidskost voor het handmatig vervangen van prijskaartjes bedraagt $32.760 per jaar, gebaseerd op een uurloon van $18 per uur.	Berekend tegen een uurloon van $18 per uur, resulteert dit in een arbeidskost van $32.760 per jaar.
Dynamic pricing bij Europese fuel retailers — operationeel model, impact en LUKOIL-implementatiemodel	De Belgische Directorate-General Energie actualiseert dagelijks de officiële maximumprijzen voor aardolieproducten.	De Belgische Directorate-General Energie actualiseert dagelijks de officiële maximumprijzen voor aardolieproducten.
Dynamic pricing bij Europese fuel retailers — operationeel model, impact en LUKOIL-implementatiemodel	De Belgische Directorate-General Energie actualiseert de prijzen dagelijks en publiceert officiële maximumprijzen voor aardolieproducten.	De Belgische Directorate-General Energie actualiseert de prijzen dagelijks en publiceert officiële maximumprijzen voor aardolieproducten.
Dynamic pricing bij Europese fuel retailers — operationeel model, impact en LUKOIL-implementatiemodel	De Belgische formule voor maximumprijzen is opgebouwd uit internationale raffinageprijzen (Rotterdam), accijnzen, BTW en bijdragen voor strategische reserves (APETRA).	De Belgische formule is opgebouwd uit internationale raffinageprijzen (Rotterdam), accijnzen, BTW en bijdragen voor strategische reserves (APETRA).
Dynamic pricing bij Europese fuel retailers — operationeel model, impact en LUKOIL-implementatiemodel	De BeNeLux cross-border prijsstructuur is een structureel volume-voordeel dat LUKOIL nog niet optimaal benut.	De BeNeLux cross-border prijsstructuur is een structureel volume-voordeel dat LUKOIL nog niet optimaal benut.
Dynamic pricing bij Europese fuel retailers — operationeel model, impact en LUKOIL-implementatiemodel	De brandstofprijs in België was €1,811/L in juli 2026.	De buurlandprijzen tov België (€1,811/L in juli 2026): Luxemburg €1,698/L, Frankrijk €1,964/L, Duitsland €2,101/L, Nederland €2,297/L.
Dynamic pricing bij Europese fuel retailers — operationeel model, impact en LUKOIL-implementatiemodel	De brandstofprijs in Duitsland was €2,101/L in juli 2026.	De buurlandprijzen tov België (€1,811/L in juli 2026): Luxemburg €1,698/L, Frankrijk €1,964/L, Duitsland €2,101/L, Nederland €2,297/L.
Dynamic pricing bij Europese fuel retailers — operationeel model, impact en LUKOIL-implementatiemodel	De brandstofprijs in Frankrijk was €1,964/L in juli 2026.	De buurlandprijzen tov België (€1,811/L in juli 2026): Luxemburg €1,698/L, Frankrijk €1,964/L, Duitsland €2,101/L, Nederland €2,297/L.
Dynamic pricing bij Europese fuel retailers — operationeel model, impact en LUKOIL-implementatiemodel	De brandstofprijs in Luxemburg was €1,698/L in juli 2026.	De buurlandprijzen tov België (€1,811/L in juli 2026): Luxemburg €1,698/L, Frankrijk €1,964/L, Duitsland €2,101/L, Nederland €2,297/L.
Dynamic pricing bij Europese fuel retailers — operationeel model, impact en LUKOIL-implementatiemodel	De brandstofprijs in Nederland was €2,297/L in juli 2026.	De buurlandprijzen tov België (€1,811/L in juli 2026): Luxemburg €1,698/L, Frankrijk €1,964/L, Duitsland €2,101/L, Nederland €2,297/L.
Dynamic pricing bij Europese fuel retailers — operationeel model, impact en LUKOIL-implementatiemodel	De brandstofprijzen in Duitsland stijgen 's nachts.	Fuel prices in Germany rise overnight.
Dynamic pricing bij Europese fuel retailers — operationeel model, impact en LUKOIL-implementatiemodel	De brandstofprijzen in Duitsland zijn het hoogst in de ochtend en dalen gedurende de dag.	Fuel prices in Germany are highest in the morning and decline throughout the day.
Dynamic pricing bij Europese fuel retailers — operationeel model, impact en LUKOIL-implementatiemodel	De brandstofprijzen in Duitsland zijn het hoogst in de ochtend.	Fuel prices in Germany are highest in the morning.
Dynamic pricing bij Europese fuel retailers — operationeel model, impact en LUKOIL-implementatiemodel	De brandstofprijzen in Duitsland zijn het hoogst op donderdag.	Fuel prices in Germany are highest on Thursdays.
Dynamic pricing bij Europese fuel retailers — operationeel model, impact en LUKOIL-implementatiemodel	De brandstofprijzen in Duitsland zijn het hoogst tussen 5.00 en 8.00 uur.	Fuel prices in Germany are highest between 5 a.m. and 8 a.m.
Dynamic pricing bij Europese fuel retailers — operationeel model, impact en LUKOIL-implementatiemodel	De brandstofprijzen in Duitsland zijn het laagst in de avond.	Fuel prices in Germany are lowest in the evening.
Dynamic pricing bij Europese fuel retailers — operationeel model, impact en LUKOIL-implementatiemodel	De brandstofprijzen in Duitsland zijn het laagst op zondag.	Fuel prices in Germany are lowest on Sundays.
Dynamic pricing bij Europese fuel retailers — operationeel model, impact en LUKOIL-implementatiemodel	De brandstofprijzen in Duitsland zijn het laagst tussen 18.00 en 22.00 uur.	Fuel prices in Germany are lowest between 6 p.m. and 10 p.m.
Dynamic pricing bij Europese fuel retailers — operationeel model, impact en LUKOIL-implementatiemodel	De brandstofprijzen in Europa kunnen meerdere keren per dag veranderen.	Fuel prices in Europe can change multiple times a day.
Dynamic pricing bij Europese fuel retailers — operationeel model, impact en LUKOIL-implementatiemodel	De break-even tijd voor het conservatieve scenario is 2–4 jaar.	Break-even (conservative)	2–4 jaar
Dynamic pricing bij Europese fuel retailers — operationeel model, impact en LUKOIL-implementatiemodel	De break-even tijd voor het optimistische scenario is 6–14 maanden.	Break-even (optimistic)	6–14 maanden
Dynamic pricing bij Europese fuel retailers — operationeel model, impact en LUKOIL-implementatiemodel	De Bundeskartellamt heeft procedures gestart, hoewel de Düsseldorf Higher Regional Court interim relief verleende aan prijsinformatiediensten Argus Media en S&P Global.	De Bundeskartellamt heeft procedures gestart, hoewel de Düsseldorf Higher Regional Court interim relief verleende aan prijsinformatiediensten Argus Media en S&P Global.
Dynamic pricing bij Europese fuel retailers — operationeel model, impact en LUKOIL-implementatiemodel	De businesscase voor een Duitse markttoetreding hangt primair af van winkel- en servicemarge.	De businesscase voor DE-entry hangt primair af van shop- en servicemarge — precies de capabilities die LUKOIL BeNeLux nu kan opbouwen en documenteren.
Dynamic pricing bij Europese fuel retailers — operationeel model, impact en LUKOIL-implementatiemodel	De Carlyle-acquisitie vond plaats na de dreiging van Amerikaanse sancties tegen het Russische moederbedrijf.	Carlyle-acquisitie na dreiging US-sancties tegen Russisch moederbedrijf
Dynamic pricing bij Europese fuel retailers — operationeel model, impact en LUKOIL-implementatiemodel	De Close2U-app vormt de digitale infrastructuurlaag waarop een dynamische prijsmodule gebouwd kan worden.	De app vormt echter de digitale infrastructuurlaag waarop een dynamic pricing-module gebouwd kan worden.
Dynamic pricing bij Europese fuel retailers — operationeel model, impact en LUKOIL-implementatiemodel	De data-ingestie omvat concurrentieprijzen, wholesale Platts-notering, vraagdata, weersdata en evenementenkalender.	LAAG 1: DATA-INGESTIE ├── Concurrentieprijzen (real-time scraping / MTS-K / nationale feeds) ├── Wholesale Platts-notering (live) ├── Vraagdata (historisch + actueel verkeersvolume) ├── Weersdata (API-feeds) └── Evenementenkalender (lokaal)
Dynamic pricing bij Europese fuel retailers — operationeel model, impact en LUKOIL-implementatiemodel	De datum van het rapport is juli 2026.	Datum rapport: Juli 2026
Dynamic pricing bij Europese fuel retailers — operationeel model, impact en LUKOIL-implementatiemodel	De DG Energie publiceert dagelijks de officiële maximumprijs in België.	DG Energie publiceert officiële maximumprijs dagelijks
Dynamic pricing bij Europese fuel retailers — operationeel model, impact en LUKOIL-implementatiemodel	De Duitse brandstofmarkt kende sinds de oprichting van de federale database *Markttransparenzstelle für Kraftstoffe (MTS-K)* in 2013 een periode van algoritmische oververhitting.	De Duitse brandstofmarkt kende sinds de oprichting van de federale database *Markttransparenzstelle für Kraftstoffe (MTS-K)* in 2013 een periode van algoritmische oververhitting.
Dynamic pricing bij Europese fuel retailers — operationeel model, impact en LUKOIL-implementatiemodel	De Duitse mededingingsautoriteit, het Bundeskartellamt, heeft de brandstofprijzen in de gaten gehouden.	Germany’s competition authority, the Bundeskartellamt, has monitored fuel prices.
Dynamic pricing bij Europese fuel retailers — operationeel model, impact en LUKOIL-implementatiemodel	De Duitse minerale oliesector heeft een hoge afhankelijkheid van ruwe olie-import en verticale integratie.	Het Bundeskartellamt stelt vast dat de voorwaarden voor effectieve concurrentie in de Duitse minerale oliesector moeilijk zijn, met een hoge afhankelijkheid van ruwe olieïmport en verticale integratie.
Dynamic pricing bij Europese fuel retailers — operationeel model, impact en LUKOIL-implementatiemodel	De Duitse regelgeving dwingt traditionele hoogfrequente prijsalgoritmes tot nieuwe, asymmetrische optimalisatiemodellen.	wat de traditionele hoogfrequente prijsalgoritmes dwingt tot nieuwe, asymmetrische optimalisatiemodellen.
Dynamic pricing bij Europese fuel retailers — operationeel model, impact en LUKOIL-implementatiemodel	De Duitse regelgeving eist een zwaar predictief model dat berekent hoe hoog de eenmalige initiële pieksprong op exact 12:00 uur moet zijn.	Dit eist een zwaar predictief model dat berekent hoe hoog de eenmalige initiële pieksprong op exact 12:00 uur moet zijn, in tegendeel tot systemen in Groot-Brittannië of Denemarken die veel vaker micro-correcties uitvoeren.
Dynamic pricing bij Europese fuel retailers — operationeel model, impact en LUKOIL-implementatiemodel	De duurzame concurrentievoorsprong verschuift naar winkel, service en loyaliteit.	De duurzame competitive moat verschuift naar shop, service en loyaliteit — precies de dimensies waar dynamic pricing het sterkste rendement biedt zonder regulatoire restrictie.
Dynamic pricing bij Europese fuel retailers — operationeel model, impact en LUKOIL-implementatiemodel	De dynamische prijsstrategie in België is structureel beperkt tot competitieve onderbieding en winkelprijzen.	Dynamic pricing-strategie in België is bijgevolg structureel beperkt tot: 1. Competitive undercutting (altijd onder het plafond blijven voor volumeoptimalisatie) 2. Shop pricing — geen overheidsbeperking op shopproducten
Dynamic pricing bij Europese fuel retailers — operationeel model, impact en LUKOIL-implementatiemodel	De 'Edgeworth Price Cycles' dwongen automatische algoritmes om prijzen tot wel 20 keer per dag met micro-centen aan te passen.	De 'Edgeworth Price Cycles' dwongen automatische algoritmes om prijzen tot wel 20 keer per dag met micro-centen aan te passen.
Dynamic pricing bij Europese fuel retailers — operationeel model, impact en LUKOIL-implementatiemodel	De enige strategische hefboom in Luxemburg is winkel- en serviceprijsoptimalisatie.	De enige strategische hefboom is shop- en serviceprijsoptimalisatie.
Dynamic pricing bij Europese fuel retailers — operationeel model, impact en LUKOIL-implementatiemodel	De Europese brandstofretailmarkt bevindt zich in een kritische transitiefase.	De Europese brandstofretailmarkt bevindt zich in een kritische transitiefase.
Dynamic pricing bij Europese fuel retailers — operationeel model, impact en LUKOIL-implementatiemodel	De executie omvat Electronic Shelf Labels (ESL) voor de winkel, digitale prijsborden (LED) voor pompprijzen en app-integratie.	LAAG 3: EXECUTIE ├── Electronic Shelf Labels (ESL) voor shop ├── Digitale prijsborden (LED) voor pompprijzen └── App-integratie (personalized pricing / loyalty)
Dynamic pricing bij Europese fuel retailers — operationeel model, impact en LUKOIL-implementatiemodel	De financiële impact van dynamische prijzen is een belangrijke katalysator voor adoptie.	De financiële impact van dynamic pricing is een belangrijke katalysator voor adoptie, waarbij winstmarges met 5–10% stijgen in sectoren die AI-gestuurde strategieën effectief inzetten.
Dynamic pricing bij Europese fuel retailers — operationeel model, impact en LUKOIL-implementatiemodel	De Fuel Price Fixing Act van 2011 stond maximaal één prijsverhoging per dag toe, uitsluitend om 12:00 uur, met vrije verlagingen.	2011: Fuel Price Fixing Act — maximaal één prijsverhoging per dag, uitsluitend om 12:00 uur; verlagingen altijd vrij.
Dynamic pricing bij Europese fuel retailers — operationeel model, impact en LUKOIL-implementatiemodel	De gemiddelde brandstofmarges bij de vier grote supermarktretailers in het VK stegen met ongeveer 6 pence per liter tussen 2019 en 2022.	De gemiddelde brandstofmarges bij de vier grote supermarktretailers stegen met een geschatte 6 pence per liter tussen 2019 en 2022, wat hun klanten circa £900 miljoen kostte.
Dynamic pricing bij Europese fuel retailers — operationeel model, impact en LUKOIL-implementatiemodel	De gemiddelde marges in Duitsland stegen op korte termijn direct met 5 tot 6 cent per liter na de invoering van KPAnG.	Omdat stations na 12:00 uur hun marges niet meer incrementeel omhoog kunnen corrigeren als reactie op een inschattingsfout, stegen in reactie de gemiddelde marges op korte termijn direct met 5 tot 6 cent per liter (omdat retailers hun middagprijzen veiliger/hoger inzetten).
Dynamic pricing bij Europese fuel retailers — operationeel model, impact en LUKOIL-implementatiemodel	De gemiddelde verblijfstijd voor tanken is vijf minuten.	gemiddeld 35 minuten vergeleken met vijf minuten voor tanken
Dynamic pricing bij Europese fuel retailers — operationeel model, impact en LUKOIL-implementatiemodel	De grootste margesprongen komen voort uit Algoritmische stilzwijgende coördinatie (tacit collusion).	De grootste margesprongen komen voort uit **Algoritmische stilzwijgende coördinatie (tacit collusion)**.
Dynamic pricing bij Europese fuel retailers — operationeel model, impact en LUKOIL-implementatiemodel	De hardware-investering voor ESL is €5.000–€15.000 per station.	Hardware-investering: €5.000–€15.000/station (indicatief, afhankelijk van aantal SKUs)
Dynamic pricing bij Europese fuel retailers — operationeel model, impact en LUKOIL-implementatiemodel	De hoogste pomprijzen in de BeNeLux zijn in Nederland, met €2,297/L voor benzine in juli 2026.	Nederland heeft de minst beperkende prijsregulering in de BeNeLux — en tevens de hoogste pomprijzen: €2,297/L voor benzine in juli 2026.
Dynamic pricing bij Europese fuel retailers — operationeel model, impact en LUKOIL-implementatiemodel	De hoogste prijzen in Europa worden waargenomen in Nederland, IJsland en Groot-Brittannië.	De hoogste prijzen in Europa worden waargenomen in Nederland, IJsland en Groot-Brittannië.
Dynamic pricing bij Europese fuel retailers — operationeel model, impact en LUKOIL-implementatiemodel	De impact van het Oostenrijkse 1x/dag regime op benzine is -23,4% ten opzichte van de controlegroep op korte termijn.	Impact Oostenrijks 1x/dag regime op benzine	–23,4% tov controlegroep (korte termijn)
Dynamic pricing bij Europese fuel retailers — operationeel model, impact en LUKOIL-implementatiemodel	De impact van het Oostenrijkse regime op de dieselprijs is -6,6% ten opzichte van de controlegroep op korte termijn.	Impact Oostenrijks regime op dieselprijs	–6,6% tov controlegroep (korte termijn)
Dynamic pricing bij Europese fuel retailers — operationeel model, impact en LUKOIL-implementatiemodel	De integratie- en IT-projectkosten bedragen €400K–€800K.	Integratie + IT-projectkosten	€400K–€800K
Dynamic pricing bij Europese fuel retailers — operationeel model, impact en LUKOIL-implementatiemodel	De integratie van dynamic pricing technologieën is een operationele noodzaak geworden voor LUKOIL BeNeLux.	Voor LUKOIL BeNeLux biedt dit concurrentielandschap bewijs dat de integratie van dergelijke technologieën een operationele noodzaak is geworden.
Dynamic pricing bij Europese fuel retailers — operationeel model, impact en LUKOIL-implementatiemodel	De intraday pricing-cyclus in het oude Duitse model werd gevoed door wholesale Platts-notering, real-time concurrentiemonitoring via MTS-K, lokale vraagpatronen en locatietype.	De intraday pricing-cyclus werd gevoed door: (1) wholesale Platts-notering, (2) real-time concurrentiemonitoring via MTS-K, (3) lokale vraagpatronen (ochtendspits vs. avond), (4) locatietype (snelweg vs. stedelijk).
Dynamic pricing bij Europese fuel retailers — operationeel model, impact en LUKOIL-implementatiemodel	De investering voor winkelautomatisering bedraagt eenmalig circa $120.000 voor een middelgroot filiaal.	De investering voor winkelautomatisering bedraagt eenmalig circa $120.000 voor een middelgroot filiaal.
Dynamic pricing bij Europese fuel retailers — operationeel model, impact en LUKOIL-implementatiemodel	De jaarlijkse impact van AI-gestuurde winkel-dynamische prijzen is €18.000–€28.000 per station in BE+NL.	Shop dynamic pricing (AI)	+5–8% shopomzetmarge verbetering	€18.000–€28.000/station BE+NL
Dynamic pricing bij Europese fuel retailers — operationeel model, impact en LUKOIL-implementatiemodel	De jaarlijkse impact van dynamische brandstofprijzen in NL is €35.000–€55.000 per station.	Fuel dynamic pricing NL	+€0,018/L netto marge	€35.000–€55.000/station NL
Dynamic pricing bij Europese fuel retailers — operationeel model, impact en LUKOIL-implementatiemodel	De jaarlijkse impact van margeverbetering op winkelproducten is €8.000–€12.000 per station per jaar.	Margeverbetering shopproducten	+3% op gemiddelde shopomzet	€8.000–€12.000/station/jaar
Dynamic pricing bij Europese fuel retailers — operationeel model, impact en LUKOIL-implementatiemodel	De jaarlijkse impact van verspillingsreductie is €2.000–€4.000 per station per jaar.	Verspillingsreductie	–15% waste op verse producten	€2.000–€4.000/station/jaar
Dynamic pricing bij Europese fuel retailers — operationeel model, impact en LUKOIL-implementatiemodel	De jaarlijkse impact van verspillingsreductie is €4.000–€6.000 per station.	Verspillingsreductie	–20% waste	€4.000–€6.000/station
Dynamic pricing bij Europese fuel retailers — operationeel model, impact en LUKOIL-implementatiemodel	De jaarlijkse waarde per gemiddeld station door dynamische brandstofprijzen is €45.000–€90.000.	Jaarlijkse waarde per gemiddeld station	€45.000–€90.000
Dynamic pricing bij Europese fuel retailers — operationeel model, impact en LUKOIL-implementatiemodel	De kosten voor ESL-hardware (80 stations, gemiddeld 200 labels/station) bedragen €800K–€2,4 miljoen.	ESL-hardware (80 stations, gemiddeld 200 labels/station)	€800K–€2,4 mln
Dynamic pricing bij Europese fuel retailers — operationeel model, impact en LUKOIL-implementatiemodel	De kosten voor PMS software-licenties (3 jaar) bedragen €300K–€600K.	PMS software-licenties (3 jaar)	€300K–€600K
Dynamic pricing bij Europese fuel retailers — operationeel model, impact en LUKOIL-implementatiemodel	De margerange voor winkelproducten in een c-store is 30–40%.	Margerange shopproducten c-store	30–40%
Dynamic pricing bij Europese fuel retailers — operationeel model, impact en LUKOIL-implementatiemodel	De marges op winkelproducten zijn 30–40%, vergeleken met centen per liter op brandstof.	30–40% marge op shopproducten vs. centen per liter op brandstof
Dynamic pricing bij Europese fuel retailers — operationeel model, impact en LUKOIL-implementatiemodel	De margeverbetering door dynamische brandstofprijzen is €0,018–€0,036 per liter (excl. belastingen).	Margeverbetering dynamic fuel pricing	€0,018–0,036/liter (excl. belastingen)
Dynamic pricing bij Europese fuel retailers — operationeel model, impact en LUKOIL-implementatiemodel	De marktgroei van de EU fuel retail is +2,6% jaar-op-jaar.	marktgroei +2,6% YoY
Dynamic pricing bij Europese fuel retailers — operationeel model, impact en LUKOIL-implementatiemodel	De marktomvang van de EU fuel retail bedroeg €324,2 miljard in 2026.	Marktomvang EU fuel retail	€324,2 mrd (2026)
Dynamic pricing bij Europese fuel retailers — operationeel model, impact en LUKOIL-implementatiemodel	De Markttransparentie-eenheid (MTU) is een subeenheid van de Bundeskartellamt.	beheerd door de Markttransparentie-eenheid (MTU), een subeenheid van de Bundeskartellamt.
Dynamic pricing bij Europese fuel retailers — operationeel model, impact en LUKOIL-implementatiemodel	De Markttransparenzstelle (Market Transparency Unit for Fuels) verzamelt real-time prijsdata bij alle stations in Duitsland.	De Market Transparency Unit for Fuels (Markttransparenzstelle) verzamelt real-time prijsdata bij alle stations in Duitsland en geeft deze door aan consumenteninformatiediensten.
Dynamic pricing bij Europese fuel retailers — operationeel model, impact en LUKOIL-implementatiemodel	De maximumprijs in België wordt vastgesteld op basis van de programmaovereenkomst tussen de Belgische staat en Energia (voormalig BPF).	Dit gebeurt op basis van de programmaovereenkomst tussen de Belgische staat en Energia (voormalig BPF).
Dynamic pricing bij Europese fuel retailers — operationeel model, impact en LUKOIL-implementatiemodel	De minimale dataset voor lancering omvat 12 maanden historische verkoopdata per SKU, klantfrequentiedata per uur en een lokale competitieve baseline.	MINIMALE DATASET VOOR LANCERING: ├── 12 maanden historische verkoopdata per SKU ├── Klantfrequentiedata per uur (uit POS) └── Lokale competitieve baseline
Dynamic pricing bij Europese fuel retailers — operationeel model, impact en LUKOIL-implementatiemodel	De naam LUKOIL is afgeleid van de eerste letters van de steden Langepas, Uray en Kogalym.	The name LUKOIL is derived from the first letters of the cities of Langepas, Uray, and Kogalym.
Dynamic pricing bij Europese fuel retailers — operationeel model, impact en LUKOIL-implementatiemodel	De Nederlandse brandstofmarkt wordt ontmoedigd door extreem hoge brandstofbelastingen en strenge milieu-compliance kosten.	Echter wordt deze markt ontmoedigd door extreem hoge brandstofbelastingen en strenge milieu-compliance kosten.
Dynamic pricing bij Europese fuel retailers — operationeel model, impact en LUKOIL-implementatiemodel	De Nederlandse markt kent vrije prijsvorming voor brandstof.	De Nederlandse markt is een uitschieter. Er is sprake van vrije prijsvorming (geen federaal dag-plafond zoals in België, noch een 12:00-uur restrictie zoals de Duitse KPAnG).
Dynamic pricing bij Europese fuel retailers — operationeel model, impact en LUKOIL-implementatiemodel	De nieuwe Duitse wet introduceert Artikel 29a GWB, een sectorspecifiek prijscontrolemechanisme.	De nieuwe wet introduceert een sectorspecifiek prijscontrolemechanisme.
Dynamic pricing bij Europese fuel retailers — operationeel model, impact en LUKOIL-implementatiemodel	De onderzochte periode voor dit rapport was 2023–2026.	Onderzochte periode: 2023–2026
Dynamic pricing bij Europese fuel retailers — operationeel model, impact en LUKOIL-implementatiemodel	De onderzoeksscope omvat de BeNeLux (kern), Duitsland (expansiecontext) en selectieve Europese precedenten.	Onderzoeksscope: BeNeLux (kern), Duitsland (expansiecontext), Europese precedenten (selectief)
Dynamic pricing bij Europese fuel retailers — operationeel model, impact en LUKOIL-implementatiemodel	De pilot van *team energie* (HEM) wees uit dat marges aanzienlijk groeien door na 22:00 uur een 'night-time margin premium' door te voeren.	Naast arbeidsreductie wees de pilot van *team energie* (HEM) uit dat de marges aanzienlijk groeien door na 22:00 uur (wanneer reguliere Duitse supermarkten sluiten) een 'night-time margin premium' door te voeren op hun shop-inventaris.
Dynamic pricing bij Europese fuel retailers — operationeel model, impact en LUKOIL-implementatiemodel	De pilot voor dynamische winkelprijzen (20 stations) is urgent en gepland voor Q4 2026.	Pilot shop dynamic pricing (20 stations)	Q4 2026
Dynamic pricing bij Europese fuel retailers — operationeel model, impact en LUKOIL-implementatiemodel	De POS-integratie voor ESL vereist eenmalig circa $2.000 tot soms wel $15.000.	De POS-integratie vereist tevens eenmalig circa $2.000 tot soms wel $15.000.
Dynamic pricing bij Europese fuel retailers — operationeel model, impact en LUKOIL-implementatiemodel	De praktijk in Nederland leidt tot structurele volumemigratie naar België en Luxemburg.	In de praktijk leidt dit echter tot structurele volumemigratie vanuit Nederland naar België en Luxemburg, wat de businesscase voor premium pricing in NL ondermijnt.
Dynamic pricing bij Europese fuel retailers — operationeel model, impact en LUKOIL-implementatiemodel	De PriceCast module is actief op meer dan 12.500 locaties wereldwijd.	OK Benzin (Denemarken) Technologie: a2i Systems (de PriceCast module, in 2024 geacquireerd door Dow Jones/OPIS en actief op meer dan 12.500 locaties wereldwijd) en Delfi ESL.
Dynamic pricing bij Europese fuel retailers — operationeel model, impact en LUKOIL-implementatiemodel	De PriceCast module van a2i Systems is in 2024 geacquireerd door Dow Jones/OPIS.	OK Benzin (Denemarken) Technologie: a2i Systems (de PriceCast module, in 2024 geacquireerd door Dow Jones/OPIS en actief op meer dan 12.500 locaties wereldwijd) en Delfi ESL.
Dynamic pricing bij Europese fuel retailers — operationeel model, impact en LUKOIL-implementatiemodel	De pricing engine omvat een rule-based component, een ML-component en een competitor response model.	LAAG 2: PRICING ENGINE ├── Rule-based component (compliance: max-prijsplafonds, frequentielimieten) ├── ML-component (demand elasticiteitsmodellering per uur/dag/week) └── Competitor response model (game-theory gebaseerd)
Dynamic pricing bij Europese fuel retailers — operationeel model, impact en LUKOIL-implementatiemodel	De prioriteit van Fase 1 is snel en meetbaar rendement ter grootte van ~$45.000 besparing per jaar, per filiaal zonder overheidsrestricties.	Prioriteit: Snel en meetbaar rendement ter grootte van ~$45.000 besparing per jaar, per filiaal zonder overheidsrestricties.
Dynamic pricing bij Europese fuel retailers — operationeel model, impact en LUKOIL-implementatiemodel	De prioriteit van Fase 2 is optimalisatie van discounting onder wettelijke plafonds in België/Luxemburg, en volledige AI-sturing in Nederland.	Prioriteit: Optimalisatie van discounting onder wettelijke plafonds in België/Luxemburg, en volledige AI-sturing in Nederland.
Dynamic pricing bij Europese fuel retailers — operationeel model, impact en LUKOIL-implementatiemodel	De prioriteit van Fase 3 is de aanpassing van de in Fase 2 geconfigureerde pricing engine aan de unieke KPAnG-wetgeving (Duitsland).	Prioriteit: Aanpassing van de in Fase 2 geconfigureerde pricing engine aan de unieke KPAnG-wetgeving (Duitsland).
Dynamic pricing bij Europese fuel retailers — operationeel model, impact en LUKOIL-implementatiemodel	De ROI-logica in Duitsland verschuift richting winkel-gebaseerde dynamische prijzen als primaire margedrijver.	Dit verschuift de ROI-logica richting shop-gebaseerde dynamic pricing als primaire margin-driver.
Dynamic pricing bij Europese fuel retailers — operationeel model, impact en LUKOIL-implementatiemodel	De rollout van dynamische winkelprijzen naar 80 stations is een hoge prioriteit en gepland voor Q1–Q2 2027.	Rollout shop dynamic pricing 80 stations	Q1–Q2 2027
Dynamic pricing bij Europese fuel retailers — operationeel model, impact en LUKOIL-implementatiemodel	De roll-out van hardware-installatie duurt gemiddeld 1 dag per station.	roll-out duurt gemiddeld 1 dag hardware-installatie per station.
Dynamic pricing bij Europese fuel retailers — operationeel model, impact en LUKOIL-implementatiemodel	De saga van de overname van LUKOIL BeNeLux begon in oktober 2025 met nieuwe Amerikaanse sancties tegen Rusland.	Vervolgens werd LUKOIL BeNeLux overgenomen door het Amerikaanse investeringsbedrijf Carlyle, nadat een saga begon in oktober 2025 met nieuwe US-sancties tegen Rusland.
Dynamic pricing bij Europese fuel retailers — operationeel model, impact en LUKOIL-implementatiemodel	De Scandinavische markt, met OK Benzin en Preem, was een vroege pionier in dynamic pricing om marge-erosie te bestrijden.	De Scandinavische markt (aangevoerd door OK Benzin en Preem) was een vroege pionier ter bestrijding van marge-erosie.
Dynamic pricing bij Europese fuel retailers — operationeel model, impact en LUKOIL-implementatiemodel	De schaalbaarheid van prijsinnovaties in het shop-model en de brandstofverkoop is een fundamentele pijler voor toekomstige winstgevendheid van LUKOIL BeNeLux.	Voor LUKOIL BeNeLux, met een strategische horizon gericht op een mogelijke marktbetreding in Duitsland in 2027, vormt de schaalbaarheid van prijsinnovaties in zowel het shop-model als de brandstofverkoop een fundamentele pijler voor toekomstige winstgevendheid.
Dynamic pricing bij Europese fuel retailers — operationeel model, impact en LUKOIL-implementatiemodel	De stijging van de brandstofmarges kostte klanten van de vier grote supermarktretailers in het VK circa £900 miljoen.	De gemiddelde brandstofmarges bij de vier grote supermarktretailers stegen met een geschatte 6 pence per liter tussen 2019 en 2022, wat hun klanten circa £900 miljoen kostte.
Dynamic pricing bij Europese fuel retailers — operationeel model, impact en LUKOIL-implementatiemodel	De stijging van de brandstofprijzen werd veroorzaakt door een escalatie in het Midden-Oosten-conflict.	De aanleiding was een grote escalatie in het Midden-Oosten-conflict, wat ertoe leidde dat Iran de Straat van Hormuz blokkeerde.
Dynamic pricing bij Europese fuel retailers — operationeel model, impact en LUKOIL-implementatiemodel	De stilzwijgende coördinatie is groter geworden in Duitsland nu niemand nog willekeurig prijzen kan stuwen gedurende de namiddag.	(de stilzwijgende coördinatie is groter geworden nu niemand nog willekeurig prijzen kan stuwen gedurende de namiddag).
Dynamic pricing bij Europese fuel retailers — operationeel model, impact en LUKOIL-implementatiemodel	De strategische waarde van brandstof-side dynamische prijzen is beperkt tot competitief-reactieve neerwaartse prijzen.	De strategische waarde van fuel-side dynamic pricing is beperkt tot competitief-reactieve neerwaartse prijzen (onbeperkt toegestaan in alle markten) en is het sterkst in Nederland (geen cap, vrijste markt).
Dynamic pricing bij Europese fuel retailers — operationeel model, impact en LUKOIL-implementatiemodel	De strategische waarde van brandstof-side dynamische prijzen is het sterkst in Nederland.	De strategische waarde van fuel-side dynamic pricing is beperkt tot competitief-reactieve neerwaartse prijzen (onbeperkt toegestaan in alle markten) en is het sterkst in Nederland (geen cap, vrijste markt).
Dynamic pricing bij Europese fuel retailers — operationeel model, impact en LUKOIL-implementatiemodel	De supermarktketen sloot in februari 2024 een partnerschap met IntelligenceNode voor AI- en machine-learning-gestuurde dynamische prijzen en marktanalyse.	In de VS heeft een grote supermarktketen ESL-technologie uitgebreid naar circa 500 winkels en in februari 2024 een partnerschap gesloten met IntelligenceNode voor AI- en machine-learning-gestuurde dynamic pricing en marktanalyse.
Dynamic pricing bij Europese fuel retailers — operationeel model, impact en LUKOIL-implementatiemodel	De technologische infrastructuur voor Fase 1 omvat POS-integratie (back-end SaaS, kosten $150-$400/maand), installatie van WiFi/IoT-gateways (circa $200-$600 per zender op het plafond), en E-ink labels.	Technologische infrastructuur: POS-integratie (back-end SaaS, kosten $150-$400/maand), installatie van WiFi/IoT-gateways (circa $200-$600 per zender op het plafond), en E-ink labels.
Dynamic pricing bij Europese fuel retailers — operationeel model, impact en LUKOIL-implementatiemodel	De technologische infrastructuur voor Fase 2 omvat de implementatie van gesloten SD-WAN / Mako VPN's om kassa's en API-feeds van de FOD Economie PCI-DS-veilig aan het Cloud algoritme te koppelen.	Technologische infrastructuur: Implementatie van gesloten SD-WAN / Mako VPN's om kassa's en API-feeds van de FOD Economie op een PCI-DS-veilige manier aan het Cloud algoritme te hangen.
Dynamic pricing bij Europese fuel retailers — operationeel model, impact en LUKOIL-implementatiemodel	De technologische infrastructuur voor Fase 3 omvat directe en wettelijk vereiste data(API)-koppelingen met de federale Duitse *MTS-K* voor real-time transparantie.	Technologische infrastructuur: Directe en wettelijk vereiste data(API)-koppelingen realiseren met de federale Duitse *MTS-K* ten behoeve van real-time transparantie.
Dynamic pricing bij Europese fuel retailers — operationeel model, impact en LUKOIL-implementatiemodel	De terugverdientijd voor winkelautomatisering is ongeveer 2,6 jaar.	wat leidt tot $45.760 aan bespaarde manuren en foutreductie per jaar (een terugverdientijd van ~2,6 jaar).
Dynamic pricing bij Europese fuel retailers — operationeel model, impact en LUKOIL-implementatiemodel	De tijdlijn voor Fase 1 omvat pilots op 5 bemande snelweg/stedelijke locaties met veel SKU's gedurende 1 maand.	Tijdlijn: Pilots op 5 bemande snelweg/stedelijke locaties met veel SKU's gedurende 1 maand.
Dynamic pricing bij Europese fuel retailers — operationeel model, impact en LUKOIL-implementatiemodel	De totale conservatieve jaarlijkse impact is €10.000–€16.000 per station.	Totaal conservatief	€10.000–€16.000/station/jaar
Dynamic pricing bij Europese fuel retailers — operationeel model, impact en LUKOIL-implementatiemodel	De totale implementatiekosten bedragen €1,5–€3,8 miljoen.	Totale implementatiekosten	€1,5–€3,8 mln
Dynamic pricing bij Europese fuel retailers — operationeel model, impact en LUKOIL-implementatiemodel	De totale optimistische jaarlijkse impact is €25.000–€45.000 per station.	Totaal optimistisch	€25.000–€45.000/station/jaar
Dynamic pricing bij Europese fuel retailers — operationeel model, impact en LUKOIL-implementatiemodel	De totale winstverbetering door AI-prijzen voor brandstof en winkel is 10–20%.	Totale winstverbetering AI-pricing fuel+shop	10–20%
Dynamic pricing bij Europese fuel retailers — operationeel model, impact en LUKOIL-implementatiemodel	De transparantie-paradox is een strategische versneller richting de winkel.	De transparantie-paradox is een strategische versneller richting shop.
Dynamic pricing bij Europese fuel retailers — operationeel model, impact en LUKOIL-implementatiemodel	De vereiste infrastructuur voor Fase 1 (Shop Dynamic Pricing) omvat Electronic Shelf Labels (ESL), een Centraal Pricing Management Systeem (PMS), POS-data integratie, een competitor price feed en een demand forecasting module.	VEREISTE INFRASTRUCTUUR: ├── Electronic Shelf Labels (ESL) ├── Centraal Pricing Management Systeem (PMS) ├── POS-data integratie (transactiedata per SKU, per uur) ├── Competitor price feed (lokale supermarkt/tabakszaak/bakker prijzen) └── Demand forecasting module (historisch + weersdata + evenementen)
Dynamic pricing bij Europese fuel retailers — operationeel model, impact en LUKOIL-implementatiemodel	De verkoop van brandstof fungeert als een marginaal 'loss leader'-mechanisme om klanten de winkel in te lokken.	waardoor de verkoop fungeert als een marginaal 'loss leader'-mechanisme om klanten de winkel in te lokken.
Dynamic pricing bij Europese fuel retailers — operationeel model, impact en LUKOIL-implementatiemodel	De verwachte ROI voor Fase 1 is een terugverdientijd na 2,6 jaar door bespaarde uren, plus verhoogde brutowinst op FMCG via trendgebaseerde 'night-premiums'.	Verwachte ROI: Terugverdientijd (payback) na 2,6 jaar door bespaarde uren, plus verhoogde brutowinst op FMCG via trendgebaseerde 'night-premiums'.
Dynamic pricing bij Europese fuel retailers — operationeel model, impact en LUKOIL-implementatiemodel	De verwachte ROI voor Fase 2 is een historisch bewezen realisatie van 0,8 tot maximaal 2-3 cent per liter netto margeverbetering.	Verwachte ROI: Historisch bewezen realisatie van 0,8 tot maximaal 2-3 cent per liter (afhankelijk van oligopolies) netto margeverbetering.
Dynamic pricing bij Europese fuel retailers — operationeel model, impact en LUKOIL-implementatiemodel	De vier lagen van een modern dynamisch brandstofprijs-systeem zijn data-ingestie, pricing engine, executie en feedback & leren.	De vier lagen van een modern dynamic fuel pricing-systeem: LAAG 1: DATA-INGESTIE, LAAG 2: PRICING ENGINE, LAAG 3: EXECUTIE, LAAG 4: FEEDBACK & LEREN
Dynamic pricing bij Europese fuel retailers — operationeel model, impact en LUKOIL-implementatiemodel	De waarde van dynamische prijzen voor brandstof in België is minimaal.	Dynamic pricing-waarde = minimaal op fuel, maximaal op shop.
Dynamic pricing bij Europese fuel retailers — operationeel model, impact en LUKOIL-implementatiemodel	De waarde van dynamische prijzen voor winkels in België is maximaal.	Dynamic pricing-waarde = minimaal op fuel, maximaal op shop.
Dynamic pricing bij Europese fuel retailers — operationeel model, impact en LUKOIL-implementatiemodel	De winstverbetering van 10-20% is het resultaat van gecombineerde brandstof- en winkel-AI-implementaties.	gecombineerde fuel + shop AI-implementaties
Dynamic pricing bij Europese fuel retailers — operationeel model, impact en LUKOIL-implementatiemodel	Deze Duitse regulering is onderdeel van het "Fuel Measures Package 2026".	Duitsland "Fuel Measures Package 2026"
Dynamic pricing bij Europese fuel retailers — operationeel model, impact en LUKOIL-implementatiemodel	Distributeurs draaien op slechts 3 tot 4 dollarcent per gallon winst.	en distributeurs draaien op slechts 3 tot 4 dollarcent per gallon winst.
Dynamic pricing bij Europese fuel retailers — operationeel model, impact en LUKOIL-implementatiemodel	Dit onderzoeksrapport biedt een kwantitatieve analyse van de huidige staat van dynamic pricing binnen de Europese fuel retailsector in de periode 2023-2026.	Dit onderzoeksrapport biedt een exhaustieve, kwantitatieve analyse van de huidige staat van dynamic pricing binnen de Europese fuel retailsector in de periode 2023-2026.
Dynamic pricing bij Europese fuel retailers — operationeel model, impact en LUKOIL-implementatiemodel	Dit rapport behandelt LUKOIL BeNeLux als een zelfstandige going concern onder Carlyle-eigendom.	Dit rapport behandelt LUKOIL BeNeLux als een zelfstandige going concern onder Carlyle-eigendom — de strategische analyses blijven volledig relevant.
Dynamic pricing bij Europese fuel retailers — operationeel model, impact en LUKOIL-implementatiemodel	Dit structurele kostencomponent verhoogt de drempel voor margecompressie bij een Germany-entry.	Dit structurele kostencomponent verhoogt de drempel voor margecompressie bij een Germany-entry.
Dynamic pricing bij Europese fuel retailers — operationeel model, impact en LUKOIL-implementatiemodel	Duitsland heeft een "Fuel Measures Package" (Kraftstoffmaßnahmenpaket) aangenomen om hoge brandstofprijzen tegen te gaan.	Duitsland heeft een "Fuel Measures Package" (Kraftstoffmaßnahmenpaket) aangenomen om hoge brandstofprijzen te counteren.
Dynamic pricing bij Europese fuel retailers — operationeel model, impact en LUKOIL-implementatiemodel	Duitsland heeft ingrijpende wijzigingen in zijn mededingingsrechtelijk kader doorgevoerd in reactie op de brandstofprijscrisis na de Straat van Hormuz-blokkade.	In reactie op de brandstofprijscrisis na de Straat van Hormuz-blokkade heeft Duitsland ingrijpende wijzigingen in zijn mededingingsrechtelijk kader doorgevoerd.
Dynamic pricing bij Europese fuel retailers — operationeel model, impact en LUKOIL-implementatiemodel	Duitsland heeft per april 2026 de KPAnG geactiveerd, die maximaal één prijsstijging per dag stipt om 12:00 uur toestaat.	Waar Duitsland per april 2026 de KPAnG heeft geactiveerd (maximaal één prijsstijging per dag stipt om 12:00 uur), hanteren België en Luxemburg een strikte wettelijke overheidscap waaronder uitsluitend geoptimaliseerde *discounting* mogelijk is.
Dynamic pricing bij Europese fuel retailers — operationeel model, impact en LUKOIL-implementatiemodel	Duitsland heeft per april 2026 een één-keer-per-dag-verhogingsregel ingevoerd.	België heeft een dagelijks prijsplafond, Luxemburg uniforme prijzen, en Duitsland heeft per april 2026 een eén-keer-per-dag-verhogingsregel ingevoerd.
Dynamic pricing bij Europese fuel retailers — operationeel model, impact en LUKOIL-implementatiemodel	Duitsland heeft zijn mededingingsrechtelijk kader ingrijpend aangepast in reactie op de brandstofprijscrisis.	In reactie op de brandstofprijscrisis heeft Duitsland zijn mededingingsrechtelijk kader in recordtijd ingrijpend aangepast, waarbij het Bundeskartellamt onmiddellijk onderzoeken startte naar raffinaderijprijspraktijken.
Dynamic pricing bij Europese fuel retailers — operationeel model, impact en LUKOIL-implementatiemodel	Duitsland kende het meest intensieve intraday dynamic fuel pricing-systeem van Europa vóór april 2026.	Duitsland kende het meest intensieve intraday dynamic fuel pricing-systeem van Europa.
Dynamic pricing bij Europese fuel retailers — operationeel model, impact en LUKOIL-implementatiemodel	Duitsland zag de brandstofprijzen ruwweg twee keer zo snel stijgen als het EU-gemiddelde in deze periode.	Duitsland zag brandstof ruwweg twee keer zo snel stijgen als het EU-gemiddelde in deze periode.
Dynamic pricing bij Europese fuel retailers — operationeel model, impact en LUKOIL-implementatiemodel	Dynamic pricing in België en Luxemburg vertaalt zich operationeel naar dynamisch discounting onder de wettelijke limiet.	In België en Luxemburg dicteert een stringente overheidscap de maximale brandstofprijzen, waardoor dynamic pricing zich hier operationeel vertaalt naar dynamisch *discounting* onder de wettelijke limiet.
Dynamic pricing bij Europese fuel retailers — operationeel model, impact en LUKOIL-implementatiemodel	Dynamic pricing is toegankelijk geworden door de proliferatie van gespecialiseerde Software-as-a-Service (SaaS) aanbieders.	De adoptie van dynamic pricing in de Europese brandstofretail was initieel het domein van de grote multinationale oliemaatschappijen, maar is door de proliferatie van gespecialiseerde Software-as-a-Service (SaaS) aanbieders toegankelijk geworden.
Dynamic pricing bij Europese fuel retailers — operationeel model, impact en LUKOIL-implementatiemodel	Dynamische brandstofprijzen op pompprijzen zijn in de BeNeLux structureel beperkt en in Duitsland verder aan banden gelegd.	Dynamic fuel pricing op pumpprijzen is in BeNeLux structureel beperkt, in Duitsland verder aan banden gelegd.
Dynamic pricing bij Europese fuel retailers — operationeel model, impact en LUKOIL-implementatiemodel	Dynamische prijzen naar boven zijn juridisch niet mogelijk boven de dagelijkse overheidsformule in België.	Dynamic pricing naar boven is juridisch niet mogelijk boven de dagelijkse overheidsformule.
Dynamic pricing bij Europese fuel retailers — operationeel model, impact en LUKOIL-implementatiemodel	Dynamische prijzen passen perfect in de investeringslogica van Carlyle.	Dynamic pricing past perfect in deze investeringslogica.
Dynamic pricing bij Europese fuel retailers — operationeel model, impact en LUKOIL-implementatiemodel	Dynamische prijzen voor brandstof in Duitsland worden structureel beperkt tot neergaande prijsbewegingen (onbeperkt) en één dagelijkse stijging.	Dynamic pricing op brandstof in Duitsland wordt daarmee structureel beperkt tot neergaande prijsbewegingen (onbeperkt) en één dagelijkse stijging.
Dynamic pricing bij Europese fuel retailers — operationeel model, impact en LUKOIL-implementatiemodel	Dynamische prijzen voor brandstof zijn structureel onmogelijk in Luxemburg.	Dynamic pricing op brandstof is in Luxemburg structureel onmogelijk.
Dynamic pricing bij Europese fuel retailers — operationeel model, impact en LUKOIL-implementatiemodel	Dynamische prijzen worden gebruikt door 90% van de tankstations in Europa.	Dynamic pricing is used by 90% of fuel stations in Europe.
Dynamic pricing bij Europese fuel retailers — operationeel model, impact en LUKOIL-implementatiemodel	Dynamische winkelprijzen op high-traffic grenslocaties hebben bovengemiddeld potentieel.	Dynamic shop pricing op deze high-traffic grenslocaties heeft bovengemiddeld potentieel.
Dynamic pricing bij Europese fuel retailers — operationeel model, impact en LUKOIL-implementatiemodel	EdgePetrol biedt een live continue weergave van marges voor de filiaalmanager.	Live continue weergave van marges voor de filiaalmanager om te acteren.
Dynamic pricing bij Europese fuel retailers — operationeel model, impact en LUKOIL-implementatiemodel	EdgePetrol integreert direct met POS (Point of Sale), ATG's (Automatic Tank Gauges) en leest real-time de CMA-data (Competition and Markets Authority brandstofdatabase in het VK) in.	Integreert direct met POS (Point of Sale), ATG's (Automatic Tank Gauges) en leest real-time de CMA-data (Competition and Markets Authority brandstofdatabase in het VK) in.
Dynamic pricing bij Europese fuel retailers — operationeel model, impact en LUKOIL-implementatiemodel	EdgePetrol optimaliseert specifiek op 'live weighted & blended margin'.	Brandstofalgoritmes maken gebruik van realtime POS-data en weers-/concurrentie-inputs voor continue aanpassingen (waarbij EdgePetrol specifiek optimaliseert op *live weighted & blended margin*).
Dynamic pricing bij Europese fuel retailers — operationeel model, impact en LUKOIL-implementatiemodel	Een 1% prijsverbetering levert een +8,7% stijging van het operationele resultaat op.	1% prijsverbetering → operationeel resultaat	+8,7% operating profit
Dynamic pricing bij Europese fuel retailers — operationeel model, impact en LUKOIL-implementatiemodel	Een complete end-to-end ESL-implementatie voor een groter, conventioneel filiaal kost circa $120.000.	Voor een groter, conventioneel filiaal kost een complete end-to-end ESL-implementatie al snel in totaal circa $120.000.
Dynamic pricing bij Europese fuel retailers — operationeel model, impact en LUKOIL-implementatiemodel	Een correctiemechanisme is aanwezig in België om plotselinge marktfluctuaties af te vlakken en scherpe stijgingen te beperken.	Een correctiemechanisme is aanwezig om plotselinge marktfluctuaties af te vlakken en scherpe stijgingen te beperken.
Dynamic pricing bij Europese fuel retailers — operationeel model, impact en LUKOIL-implementatiemodel	Een Duitse markttoetreding in 2027 vereist bewijs uit BeNeLux winkelprijzen, niet uit brandstofprijzen.	Germany-entry 2027 vereist bewijs uit BeNeLux shop-pricing, niet uit fuel pricing.
Dynamic pricing bij Europese fuel retailers — operationeel model, impact en LUKOIL-implementatiemodel	Een eenmalige backend-licentie voor ESL-software ligt tussen de $3.000 en $8.000.	danwel een eenmalige backend-licentie die tussen de $3.000 en $8.000 ligt.
Dynamic pricing bij Europese fuel retailers — operationeel model, impact en LUKOIL-implementatiemodel	Een grote supermarktketen in de VS heeft ESL-technologie uitgebreid naar circa 500 winkels.	In de VS heeft een grote supermarktketen ESL-technologie uitgebreid naar circa 500 winkels en in februari 2024 een partnerschap gesloten met IntelligenceNode voor AI- en machine-learning-gestuurde dynamic pricing en marktanalyse.
Dynamic pricing bij Europese fuel retailers — operationeel model, impact en LUKOIL-implementatiemodel	Een individueel station kan gemiddeld 1 tot 2 pence per liter (ppl) aan marge vasthouden door niet blindelings de prijs te verlagen.	Door niet blindelings de prijs te verlagen, kan een individueel station gemiddeld 1 tot 2 pence per liter (ppl) aan marge vasthouden die normaliter vernietigd zou zijn.
Dynamic pricing bij Europese fuel retailers — operationeel model, impact en LUKOIL-implementatiemodel	Een kleine neerwaartse correctie van de concurrent vernietigt onmiddellijk de minimale brandstofmarges.	Een kleine neerwaartse correctie van de concurrent vernietigt deze toch al minimale marges onmiddellijk, waardoor de verkoop fungeert als een marginaal 'loss leader'-mechanisme om klanten de winkel in te lokken.
Dynamic pricing bij Europese fuel retailers — operationeel model, impact en LUKOIL-implementatiemodel	Een middelgrote shop met circa 10.000 SKU's besteedt wekelijks zo'n 40 uur aan het handmatig vervangen van papieren prijskaartjes.	Een middelgrote shop met circa 10.000 SKU's (Stock Keeping Units) besteedt wekelijks zo'n 40 uur aan het handmatig vervangen van papieren prijskaartjes.
Dynamic pricing bij Europese fuel retailers — operationeel model, impact en LUKOIL-implementatiemodel	Een recent sectoronderzoek in Duitsland bevestigde vermoedens van stilzwijgende collusie.	Een recent sectoronderzoek in Duitsland bevestigde vermoedens van tacit collusie en stelde voor reguleringsregels in te voeren vergelijkbaar met die in Oostenrijk, delen van Australië, Luxemburg of delen van Canada.
Dynamic pricing bij Europese fuel retailers — operationeel model, impact en LUKOIL-implementatiemodel	Elke gateway heeft een bereik van circa 15 meter.	Voor de datacommunicatie naar de bordjes zijn gateways (vergelijkbaar met WiFi-routers) benodigd die circa $200 tot $600 per stuk kosten en elk een bereik hebben van circa 15 meter.
Dynamic pricing bij Europese fuel retailers — operationeel model, impact en LUKOIL-implementatiemodel	Elke werkdag besluit de Belgische overheid over een maximumprijs voor brandstoffen.	Elke werkdag besluit de Belgische overheid over een maximumprijs voor brandstoffen.
Dynamic pricing bij Europese fuel retailers — operationeel model, impact en LUKOIL-implementatiemodel	Elke werkdag besluit de Belgische overheid over een maximumprijs.	Elke werkdag besluit de Belgische overheid over een maximumprijs.
Dynamic pricing bij Europese fuel retailers — operationeel model, impact en LUKOIL-implementatiemodel	Er is duidelijk bewijs van "rocket and feather pricing" voor diesel in het VK in 2023.	Er is duidelijk bewijs van "rocket and feather pricing" voor diesel in 2023.
Dynamic pricing bij Europese fuel retailers — operationeel model, impact en LUKOIL-implementatiemodel	Er is nagenoeg geen front-end luifel-hardware nodig in Fase 2, zolang luifels reeds digitaal aangestuurd worden.	Er is nagenoeg geen front-end luifel-hardware nodig, zolang luifels reeds digitaal aangestuurd worden.
Dynamic pricing bij Europese fuel retailers — operationeel model, impact en LUKOIL-implementatiemodel	Er worden geen beperkingen gesteld aan de omvang van prijswijzigingen in Duitsland.	Er worden geen beperkingen gesteld aan de omvang van prijswijzigingen.
Dynamic pricing bij Europese fuel retailers — operationeel model, impact en LUKOIL-implementatiemodel	Er zijn circa $5.000 aan inkt- en papierkosten voor prijskaartjes per jaar.	bovenop circa $5.000 aan inkt- en papierkosten en aanzienlijke foutgevoelige derving.
Dynamic pricing bij Europese fuel retailers — operationeel model, impact en LUKOIL-implementatiemodel	ESL (Electronic Shelf Labels) vormt de kritische hardware-enabling technologie voor dynamische winkelprijzen.	ESL vormt de kritische hardware-enabling technology voor shop-side dynamic pricing.
Dynamic pricing bij Europese fuel retailers — operationeel model, impact en LUKOIL-implementatiemodel	ESL-implementatie leidt tot arbeidsbesparingen van 30 tot 35 manuren per week ($32.760 jaarlijks).	en arbeidsbesparingen van 30 tot 35 manuren per week ($32.760 jaarlijks).
Dynamic pricing bij Europese fuel retailers — operationeel model, impact en LUKOIL-implementatiemodel	ESL-implementatie leidt tot een directe structurele eliminatie van foutgerelateerde derving, geschat op $8.000 jaarlijks.	Hiertegenover staat een directe structurele eliminatie van foutgerelateerde derving (geschat op $8.000 jaarlijks).
Dynamic pricing bij Europese fuel retailers — operationeel model, impact en LUKOIL-implementatiemodel	ESL-investering vereist geen pompintegratiewerk.	ESL-investering vereist geen pompintegratiewerk
Dynamic pricing bij Europese fuel retailers — operationeel model, impact en LUKOIL-implementatiemodel	EV-laden introduceert langere verblijfstijden, gemiddeld 35 minuten.	EV-laden introduceert langere verblijfstijden — gemiddeld 35 minuten vergeleken met vijf minuten voor tanken — terwijl slechts 25% van de Europese bestuurders in de auto blijft terwijl de stekker in zit.
Dynamic pricing bij Europese fuel retailers — operationeel model, impact en LUKOIL-implementatiemodel	EV-rijders gaven 25% meer uit aan voedsel dan degenen die tanken.	met 25% hogere uitgaven aan voedsel.
Dynamic pricing bij Europese fuel retailers — operationeel model, impact en LUKOIL-implementatiemodel	Exclusie-criterium voor Fase 1: sla onbemande of piepkleine rurale shops over.	Exclusie-criterium (anti-use case): Sla onbemande of piepkleine rurale shops in deze fase over.
Dynamic pricing bij Europese fuel retailers — operationeel model, impact en LUKOIL-implementatiemodel	Fase 1 omvat de implementatie van het hardware-pakket (Electronic Shelf Labels van $5-$20) in de convenience stores.	Actie: Implementatie van het hardware-pakket (Electronic Shelf Labels van $5-$20) in de convenience stores.
Dynamic pricing bij Europese fuel retailers — operationeel model, impact en LUKOIL-implementatiemodel	Fase 1 van het LUKOIL implementatiemodel is winkelautomatisering (Q3-Q4 2026), gericht op efficiëntie.	Fase 1: Winkelautomatisering (Q3-Q4 2026) – Focus op Efficiëntie.
Dynamic pricing bij Europese fuel retailers — operationeel model, impact en LUKOIL-implementatiemodel	Fase 2 omvat de selectie van een SaaS provider zoals EdgePetrol, a2i of Kalibrate.	Actie: Selectie van een SaaS provider zoals EdgePetrol, a2i of Kalibrate.
Dynamic pricing bij Europese fuel retailers — operationeel model, impact en LUKOIL-implementatiemodel	Fase 2 van het LUKOIL implementatiemodel is de Brandstof Algoritme Pilot in de BeNeLux (Q1-Q2 2027), binnen gereguleerde kaders.	Fase 2: Brandstof Algoritme Pilot in de BeNeLux (Q1-Q2 2027) – Binnen Gereguleerde Kaders.
Dynamic pricing bij Europese fuel retailers — operationeel model, impact en LUKOIL-implementatiemodel	Fase 3 omvat de ontwikkeling van asymmetrische en zeer voorspellende AI-modellen voor de Duitse markt.	Actie: Ontwikkeling van asymmetrische en zeer voorspellende AI-modellen.
Dynamic pricing bij Europese fuel retailers — operationeel model, impact en LUKOIL-implementatiemodel	Fase 3 van het LUKOIL implementatiemodel is de voorbereiding op de Germany Entry (Vóór Q2 2027), gericht op compliant volumemanagement.	Fase 3: Voorbereiding Germany Entry (Vóór Q2 2027) – Compliant Volumemanagement.
Dynamic pricing bij Europese fuel retailers — operationeel model, impact en LUKOIL-implementatiemodel	Feedback & leren omvat transactiedata, basketanalyse en een A/B testing framework.	LAAG 4: FEEDBACK & LEREN ├── Transactiedata (volume per SKU, per uur) ├── Basketanalyse (cross-sell patronen) └── A/B testing framework
Dynamic pricing bij Europese fuel retailers — operationeel model, impact en LUKOIL-implementatiemodel	Gateways voor datacommunicatie naar de ESL-bordjes kosten circa $200 tot $600 per stuk.	Voor de datacommunicatie naar de bordjes zijn gateways (vergelijkbaar met WiFi-routers) benodigd die circa $200 tot $600 per stuk kosten en elk een bereik hebben van circa 15 meter.
Dynamic pricing bij Europese fuel retailers — operationeel model, impact en LUKOIL-implementatiemodel	Geavanceerde engines (zoals a2i oplossingen) opereren op een specifieke BDI-architectuur.	Aan de algoritmische zijde opereren geavanceerde engines (zoals de a2i oplossingen) op een specifieke **BDI-architectuur**.
Dynamic pricing bij Europese fuel retailers — operationeel model, impact en LUKOIL-implementatiemodel	Geen enkel BeNeLux- of Duits regulatoir kader beperkt winkelproductprijzen.	Geen enkel BeNeLux- of Duits regulatoir kader beperkt shopproductprijzen.
Dynamic pricing bij Europese fuel retailers — operationeel model, impact en LUKOIL-implementatiemodel	Gen AI analyseert demografische informatie van klanten bij elk specifiek station.	Gen AI analyseert demografische informatie (leeftijd, inkomen, voorkeuren) van klanten bij elk specifiek station.
Dynamic pricing bij Europese fuel retailers — operationeel model, impact en LUKOIL-implementatiemodel	Gen AI-platforms zoals RapidPricer creëren dynamische prijsmodellen voor pompstations.	Gen AI-platforms zoals RapidPricer creëren dynamic pricing-modellen voor pompstations die benzine- en shoppricing optimaliseren door klantgedragsanalyse, satellietbeelden, demografische data en verkeersdata te combineren.
Dynamic pricing bij Europese fuel retailers — operationeel model, impact en LUKOIL-implementatiemodel	Gilbarco Veeder-Root-onderzoek toonde aan dat Europese bestuurders 36% meer zouden betalen voor laden om een 5-minuten omrijden te vermijden.	Gilbarco Veeder-Root-onderzoek toonde dat Europese bestuurders 36% meer zouden betalen voor laden om een 5-minuten omrijden te vermijden.
Dynamic pricing bij Europese fuel retailers — operationeel model, impact en LUKOIL-implementatiemodel	Grotere 7.5-inch ESL-modellen of freezer-varianten kosten $12 tot $25 per stuk.	Grotere 7.5-inch modellen of freezer-varianten (die sub-zero temperaturen kunnen weerstaan) stijgen naar $12 tot $25 per stuk.
Dynamic pricing bij Europese fuel retailers — operationeel model, impact en LUKOIL-implementatiemodel	Het "eenmaal per dag verhogen"-model elimineert de meest verfijnde vormen van intraday vraag-gebaseerde brandstofprijzen.	Het "eenmaal per dag verhogen"-model elimineert de meest verfijnde vormen van intraday demand-based fuel pricing.
Dynamic pricing bij Europese fuel retailers — operationeel model, impact en LUKOIL-implementatiemodel	Het aanbevolen pad voor LUKOIL heeft als einddoel een voor de 12:00-uur-regulatie geoptimaliseerd model ten behoeve van de Duitse expansie in 2027.	met als einddoel een voor de 12:00-uur-regulatie geoptimaliseerd model ten behoeve van de Duitse expansie in 2027.
Dynamic pricing bij Europese fuel retailers — operationeel model, impact en LUKOIL-implementatiemodel	Het aanbevolen pad voor LUKOIL is drieledig: starten met ESL in laag-risico shop-omgevingen in Q3 2026.	Het aanbevolen pad voor LUKOIL is drieledig: startend met ESL in laag-risico shop-omgevingen in Q3 2026.
Dynamic pricing bij Europese fuel retailers — operationeel model, impact en LUKOIL-implementatiemodel	Het aanbevolen pad voor LUKOIL omvat algoritmische pilot-sturing onder de vaste prijsplafonds van de BeNeLux.	gevolgd door algoritmische pilot-sturing onder de vaste prijsplafonds van de BeNeLux.
Dynamic pricing bij Europese fuel retailers — operationeel model, impact en LUKOIL-implementatiemodel	Het aantal prijsverlagingen in Duitsland blijft onbeperkt.	Het voorstel van het Federale Ministerie van Economische Zaken houdt in dat pompstations de prijs slechts eenmaal per dag mogen verhogen, terwijl het aantal prijsverlagingen onbeperkt blijft.
Dynamic pricing bij Europese fuel retailers — operationeel model, impact en LUKOIL-implementatiemodel	Het AI-systeem mag na 12:00 uur de prijs absoluut niet meer verhogen in Duitsland.	Het AI-systeem mag na 12:00 uur de prijs absoluut niet meer verhogen.
Dynamic pricing bij Europese fuel retailers — operationeel model, impact en LUKOIL-implementatiemodel	Het budget voor de pilot shop dynamic pricing is indicatief €200K–€400K.	Pilot shop dynamic pricing (20 stations)	Q4 2026	€200K–€400K
Dynamic pricing bij Europese fuel retailers — operationeel model, impact en LUKOIL-implementatiemodel	Het budget voor de rollout van dynamische winkelprijzen naar 80 stations is indicatief €1,2–€2,5 miljoen.	Rollout shop dynamic pricing 80 stations	Q1–Q2 2027	€1,2–€2,5 mln
Dynamic pricing bij Europese fuel retailers — operationeel model, impact en LUKOIL-implementatiemodel	Het budget voor het lanceren van dynamische brandstofprijzen in NL (46 stations) is indicatief €300K–€600K.	Lanceer fuel dynamic pricing NL (46 stations)	Q2 2027	€300K–€600K
Dynamic pricing bij Europese fuel retailers — operationeel model, impact en LUKOIL-implementatiemodel	Het budget voor het selecteren van een ESL + PMS technologiepartner is indicatief €50K (RFP-proces).	Selecteer ESL + PMS technologiepartner	Q3 2026	€50K (RFP-proces)
Dynamic pricing bij Europese fuel retailers — operationeel model, impact en LUKOIL-implementatiemodel	Het Bundeskartellamt heeft geconcludeerd dat er geen sprake is van misbruik van een dominante marktpositie.	The Bundeskartellamt has concluded that there is no abuse of a dominant market position.
Dynamic pricing bij Europese fuel retailers — operationeel model, impact en LUKOIL-implementatiemodel	Het Bundeskartellamt heeft geconcludeerd dat er geen sprake is van prijsafspraken tussen de grote oliemaatschappijen.	The Bundeskartellamt has concluded that there is no price collusion among the major oil companies.
Dynamic pricing bij Europese fuel retailers — operationeel model, impact en LUKOIL-implementatiemodel	Het Bundeskartellamt publiceerde op 19 februari 2025 het eindrapport van het sectoronderzoek naar de concurrentievoorwaarden in raffinaderijen en brandstofgroothandel.	Op 19 februari 2025 publiceerde het Bundeskartellamt het eindrapport van het sectoronderzoek naar de concurrentievoorwaarden in raffinaderijen en brandstofgroothandel.
Dynamic pricing bij Europese fuel retailers — operationeel model, impact en LUKOIL-implementatiemodel	Het Bundeskartellamt startte onmiddellijk onderzoeken naar raffinaderijprijspraktijken.	In reactie op de brandstofprijscrisis heeft Duitsland zijn mededingingsrechtelijk kader in recordtijd ingrijpend aangepast, waarbij het Bundeskartellamt onmiddellijk onderzoeken startte naar raffinaderijprijspraktijken.
Dynamic pricing bij Europese fuel retailers — operationeel model, impact en LUKOIL-implementatiemodel	Het Bundeskartellamt stelt vast dat de voorwaarden voor effectieve concurrentie in de Duitse minerale oliesector moeilijk zijn.	Het Bundeskartellamt stelt vast dat de voorwaarden voor effectieve concurrentie in de Duitse minerale oliesector moeilijk zijn, met een hoge afhankelijkheid van ruwe olieïmport en verticale integratie.
Dynamic pricing bij Europese fuel retailers — operationeel model, impact en LUKOIL-implementatiemodel	Het Bundeskartellamt ziet risico op collusie en manipulatie in de brandstofgroothandel.	Het Bundeskartellamt ziet de volgende mededingingsrechtelijke risico's: (1) risico op collusie — bestaande marktstructuren en transparante opzet van prijsnoteringen bevorderen het risico dat marktpartijen taciet samenspannen; (2) risico op manipulatie — de berekeningsmethode creëert kansen en stimuli voor manipulatie.
Dynamic pricing bij Europese fuel retailers — operationeel model, impact en LUKOIL-implementatiemodel	Het datamodel van EdgePetrol past FIFO (First-In-First-Out) toe om de 'live weighted & blended margin' accuraat te berekenen.	Bijzonder aan dit datamodel is de toepassing van FIFO (First-In-First-Out) om de *live weighted & blended margin* (gewogen brutomarge over leveringen heen) accuraat te berekenen, in plaats van te steunen op historische eenmalige aankoopkosten.
Dynamic pricing bij Europese fuel retailers — operationeel model, impact en LUKOIL-implementatiemodel	Het documenteren van de ROI van BeNeLux als bewijs voor een Duitse markttoetreding is een medium prioriteit en gepland voor Q3 2027.	Documenteer ROI BeNeLux als DE-entry bewijs	Q3 2027
Dynamic pricing bij Europese fuel retailers — operationeel model, impact en LUKOIL-implementatiemodel	Het Duitse regelgevingskader is in april 2026 drastisch gewijzigd.	Het Duitse regelgevingskader is in april 2026 drastisch gewijzigd: prijsverhogingen voor brandstof zijn wettelijk beperkt tot maximaal één keer per dag (om 12:00 uur), wat de traditionele hoogfrequente prijsalgoritmes dwingt tot nieuwe, asymmetrische optimalisatiemodellen.
Dynamic pricing bij Europese fuel retailers — operationeel model, impact en LUKOIL-implementatiemodel	Het Duitse regulatoire kader maakt brandstof tot een gereguleerd basiscommodity.	Het Duits regulatoir kader (1x/dag verhoging, Bundeskartellamt-onderzoeken, CO2-heffing) maakt brandstof tot een gereguleerd basiscommodity.
Dynamic pricing bij Europese fuel retailers — operationeel model, impact en LUKOIL-implementatiemodel	Het EdgePetrol algoritme berekent de daadwerkelijke netto-marge door creditcardkosten direct van de winst af te trekken.	Tevens berekent het algoritme de daadwerkelijke netto-marge door de creditcardkosten direct van de winst af te trekken.
Dynamic pricing bij Europese fuel retailers — operationeel model, impact en LUKOIL-implementatiemodel	Het effect op dieselprijzen in Oostenrijk was minder uitgesproken, met 6,6% lagere prijzen.	Het effect op dieselprijzen was minder uitgesproken en bedroeg 6,6% lagere prijzen.
Dynamic pricing bij Europese fuel retailers — operationeel model, impact en LUKOIL-implementatiemodel	Het intraday prijspatroon bij tankstations is een gevalideerd empirisch fenomeen.	Het intraday prijspatroon bij tankstations is een gevalideerd empirisch fenomeen:
Dynamic pricing bij Europese fuel retailers — operationeel model, impact en LUKOIL-implementatiemodel	Het lanceren van dynamische brandstofprijzen in NL (46 stations) is een hoge prioriteit en gepland voor Q2 2027.	Lanceer fuel dynamic pricing NL (46 stations)	Q2 2027
Dynamic pricing bij Europese fuel retailers — operationeel model, impact en LUKOIL-implementatiemodel	Het monitoren van het Duitse regulatoire klimaat (GWB, MTS-K) is een medium prioriteit en continu.	Monitor Duits regulatoir klimaat (GWB, MTS-K)	Continu
Dynamic pricing bij Europese fuel retailers — operationeel model, impact en LUKOIL-implementatiemodel	Het pakket introduceert Artikel 29a van de Wet op de Mededinging (GWB).	Het pakket introduceert Artikel 29a van de Wet op de Mededinging (GWB), waarmee een sectorspecifiek prijsmisbruikregime wordt gecreëerd dat gericht is op raffinaderij- en groothandelsleveranciers.
Dynamic pricing bij Europese fuel retailers — operationeel model, impact en LUKOIL-implementatiemodel	Het potentiële margevoordeel van dynamische brandstofprijzen is $50.000–$100.000 per station per jaar (VS-benchmark).	$50K–$100K per station/jaar (VS-benchmark)
Dynamic pricing bij Europese fuel retailers — operationeel model, impact en LUKOIL-implementatiemodel	Het potentiële margevoordeel van dynamische brandstofprijzen is €0,02–€0,04 per liter netto voordeel per gallon.	Potentieel margevoordeel dynamic fuel pricing	€0,02–0,04/liter netto voordeel per gallon
Dynamic pricing bij Europese fuel retailers — operationeel model, impact en LUKOIL-implementatiemodel	Het prijsverschil tussen België en Nederland bedraagt bijna €0,49/L.	Dit prijsverschil tussen België en Nederland van bijna €0,49/L is een enorme structurele trekker voor cross-border volume richting LUKOIL Belgische grenslocaties.
Dynamic pricing bij Europese fuel retailers — operationeel model, impact en LUKOIL-implementatiemodel	Het prijsverschil van circa €0,49/L tussen Nederland en België genereert meetbare klantmobiliteit over nationale grenzen.	Dit is de krachtigste empirische proof-of-concept voor prijselasticiteit in de BeNeLux: een prijsverschil van ca. €0,49/L (NL vs. BE) genereert meetbare klantmobiliteit over nationale grenzen.
Dynamic pricing bij Europese fuel retailers — operationeel model, impact en LUKOIL-implementatiemodel	Het rapport concludeert dat er significante concurrentieproblemen zijn op de brandstofgroothandelsmarkten in Duitsland.	Het rapport concludeert dat sprake is van significante concurrentieproblemen op de brandstofgroothandelsmarkten in Duitsland.
Dynamic pricing bij Europese fuel retailers — operationeel model, impact en LUKOIL-implementatiemodel	Het rapport van het Bundeskartellamt identificeert concurrentierisico's in de huidige opzet van prijsnoteringen in de brandstofgroothandel.	Het rapport identificeert concurrentierisico's in de huidige opzet van prijsnoteringen in de brandstofgroothandel, die worden gebruikt om prijzen in de gehele waardeketen van de aardolie-industrie te bepalen.
Dynamic pricing bij Europese fuel retailers — operationeel model, impact en LUKOIL-implementatiemodel	Het risico dat concurrenten snel kopiëren door de transparantie-paradox heeft een hoge kans en matige impact.	Transparantie-paradox: concurrenten kopiëren snel	Alle	Hoog	Matig
Dynamic pricing bij Europese fuel retailers — operationeel model, impact en LUKOIL-implementatiemodel	Het risico op consumentenreactie op zichtbare dynamische prijzen in BE/NL heeft een matige kans en matige impact.	Consumentenreactie op zichtbare dynamic pricing	BE/NL	Matig	Matig
Dynamic pricing bij Europese fuel retailers — operationeel model, impact en LUKOIL-implementatiemodel	Het risico op een ACM mededingingsonderzoek in Nederland heeft een laag-matige kans en matige impact.	ACM mededingingsonderzoek NL	NL	Laag-Matig	Matig
Dynamic pricing bij Europese fuel retailers — operationeel model, impact en LUKOIL-implementatiemodel	Het risico op uitbreiding van het 1x/dag-regime naar de winkel in Duitsland heeft een zeer lage kans en lage impact.	Uitbreiding 1x/dag-regime naar shop	DE	Zeer laag	Laag
Dynamic pricing bij Europese fuel retailers — operationeel model, impact en LUKOIL-implementatiemodel	Het risico op verlaging van het Belgische prijsplafond heeft een lage kans en hoge impact.	Verlaging Belgisch prijsplafond	BE	Laag	Hoog
Dynamic pricing bij Europese fuel retailers — operationeel model, impact en LUKOIL-implementatiemodel	Het selecteren van een ESL + PMS technologiepartner is urgent en gepland voor Q3 2026.	Selecteer ESL + PMS technologiepartner	Q3 2026
Dynamic pricing bij Europese fuel retailers — operationeel model, impact en LUKOIL-implementatiemodel	Het VK biedt het meest gedocumenteerde Europese bewijs van retailer-gestuurde prijsstrategieën met reële commerciële impact.	Het VK biedt het meest gedocumenteerde Europese bewijs van retailer-gestuurde pricing-strategieën met reële commerciële impact.
Dynamic pricing bij Europese fuel retailers — operationeel model, impact en LUKOIL-implementatiemodel	Het voorstel van het Federale Ministerie van Economische Zaken houdt in dat pompstations de prijs slechts eenmaal per dag mogen verhogen.	Het voorstel van het Federale Ministerie van Economische Zaken houdt in dat pompstations de prijs slechts eenmaal per dag mogen verhogen, terwijl het aantal prijsverlagingen onbeperkt blijft.
Dynamic pricing bij Europese fuel retailers — operationeel model, impact en LUKOIL-implementatiemodel	Hoe meer markttransparantie, hoe meer brandstofprijsdifferentiatie verdwijnt.	Hoe meer markttransparantie, hoe meer fuel-prijsdifferentiatie verdwijnt — en hoe belangrijker shop- en servicedifferentiatie wordt voor het onderscheidend vermogen van stations.
Dynamic pricing bij Europese fuel retailers — operationeel model, impact en LUKOIL-implementatiemodel	Houders van pompstations in België mogen de maximumprijs niet overschrijden.	Houders van pompstations mogen de maximumprijs niet overschrijden.
Dynamic pricing bij Europese fuel retailers — operationeel model, impact en LUKOIL-implementatiemodel	Implementatie van AI-gedreven dynamic pricing op brandstof leidt tot bewezen margeverbeteringen van 9% tot 38% (0,8 tot 3,2 cent per liter).	Implementatie van AI-gedreven dynamic pricing op brandstof leidt tot bewezen margeverbeteringen van 9% tot 38% (0,8 tot 3,2 cent per liter), voornamelijk door het mitigeren van prijsoorlogen.
Dynamic pricing bij Europese fuel retailers — operationeel model, impact en LUKOIL-implementatiemodel	In 2011 werd in Oostenrijk de Fuel Price Fixing Act ingevoerd.	2011: Fuel Price Fixing Act — maximaal één prijsverhoging per dag, uitsluitend om 12:00 uur; verlagingen altijd vrij.
Dynamic pricing bij Europese fuel retailers — operationeel model, impact en LUKOIL-implementatiemodel	In 2023 verhoogden retailers in het VK hun dieselmarges meer dan die voor benzine.	In 2023 verhoogden retailers hun dieselmarges meer dan die voor benzine.
Dynamic pricing bij Europese fuel retailers — operationeel model, impact en LUKOIL-implementatiemodel	In 2026 werden de regels in Oostenrijk aangescherpt na de Hormuz-crisis.	2026: Aanscherping na Hormuz-crisis — prijsverhogingen bij tankstations alleen nog op maandag, woensdag en vrijdag om 12:00 uur.
Dynamic pricing bij Europese fuel retailers — operationeel model, impact en LUKOIL-implementatiemodel	In 2026 worden CO2-certificaten geveild binnen een prijskorridor van €55–€65/tCO2.	In 2026 worden certificaten geveild binnen een prijskoridor van €55–€65/tCO2.
Dynamic pricing bij Europese fuel retailers — operationeel model, impact en LUKOIL-implementatiemodel	In 2026 worden CO2-certificaten in Duitsland geveild binnen een prijskorridor van €55–€65/tCO2.	In 2026 worden certificaten geveild binnen een prijskoridor van €55–€65/tCO2, met daarna een vaste prijs van €68/tCO2.
Dynamic pricing bij Europese fuel retailers — operationeel model, impact en LUKOIL-implementatiemodel	In België dekt de maximumprijs de upside volledig af voor brandstof.	België: Maximumprijs dekt the upside volledig af.
Dynamic pricing bij Europese fuel retailers — operationeel model, impact en LUKOIL-implementatiemodel	In België en Luxemburg dicteert een stringente overheidscap de maximale brandstofprijzen.	In België en Luxemburg dicteert een stringente overheidscap de maximale brandstofprijzen, waardoor dynamic pricing zich hier operationeel vertaalt naar dynamisch *discounting* onder de wettelijke limiet.
Dynamic pricing bij Europese fuel retailers — operationeel model, impact en LUKOIL-implementatiemodel	In België en Oostenrijk kunnen brandstofprijzen gedurende de dag onbeperkt dalen.	In Belgium and Austria, fuel prices can decrease an unlimited number of times throughout the day.
Dynamic pricing bij Europese fuel retailers — operationeel model, impact en LUKOIL-implementatiemodel	In België en Oostenrijk mogen brandstofprijzen alleen dalen ten opzichte van de maximumprijs.	In Belgium and Austria, fuel prices can only decrease from the maximum price.
Dynamic pricing bij Europese fuel retailers — operationeel model, impact en LUKOIL-implementatiemodel	In België en Oostenrijk mogen brandstofprijzen niet stijgen boven de maximumprijs.	In Belgium and Austria, fuel prices cannot increase above the maximum price.
Dynamic pricing bij Europese fuel retailers — operationeel model, impact en LUKOIL-implementatiemodel	In België en Oostenrijk mogen brandstofprijzen slechts één keer per dag stijgen.	In Belgium and Austria, fuel prices can only increase once a day.
Dynamic pricing bij Europese fuel retailers — operationeel model, impact en LUKOIL-implementatiemodel	In België en Oostenrijk vindt de prijsstijging meestal plaats om 11.00 uur 's ochtends.	In Belgium and Austria, the price increase typically occurs at 11 a.m.
Dynamic pricing bij Europese fuel retailers — operationeel model, impact en LUKOIL-implementatiemodel	In België en Oostenrijk zijn de brandstofprijzen wettelijk gereguleerd.	In Belgium and Austria, fuel prices are regulated by law.
Dynamic pricing bij Europese fuel retailers — operationeel model, impact en LUKOIL-implementatiemodel	In België is er een kritisch regulatoir risico door een dagelijkse maximumprijs via een overheidsformule.	Kritisch regulatoir risico BE	Dagelijks maximumprijs via overheidsformule
Dynamic pricing bij Europese fuel retailers — operationeel model, impact en LUKOIL-implementatiemodel	In de shop (FMCG) maken IoT-gedreven Electronic Shelf Labels (ESL) asymmetrische margestrategieën gedurende de dag mogelijk zonder manuele interventie.	In de shop (FMCG) maken IoT-gedreven Electronic Shelf Labels (ESL) asymmetrische margestrategieën gedurende de dag mogelijk zonder manuele interventie.
Dynamic pricing bij Europese fuel retailers — operationeel model, impact en LUKOIL-implementatiemodel	In Duitse en Deense lokale gebieden met meerdere stations die dit AI-model gebruiken, leidt stilzwijgende coördinatie tot een verhoging van de benzine-marges met 2,2 tot 3,2 cent per liter.	In Duitse en Deense lokale gebieden waar meerdere stations dit AI-model gebruiken (oligopolies), leidt deze virtuele adempauze direct tot een verhoging van de benzine-marges met maar liefst 2,2 tot 3,2 cent per liter.
Dynamic pricing bij Europese fuel retailers — operationeel model, impact en LUKOIL-implementatiemodel	In Duitsland is een kritisch regulatoir risico dat prijsverhogingen maximaal 1 keer per dag (om 12:00 uur) zijn toegestaan vanaf april 2026.	Kritisch regulatoir risico DE	Prijsverhoging max 1x/dag (12:00) per april 2026
Dynamic pricing bij Europese fuel retailers — operationeel model, impact en LUKOIL-implementatiemodel	In Duitsland is er geen wettelijke regulering van de brandstofprijzen.	In Germany, there is no legal regulation of fuel prices.
Dynamic pricing bij Europese fuel retailers — operationeel model, impact en LUKOIL-implementatiemodel	In Duitsland kunnen brandstofprijzen tot 8 keer per dag veranderen.	In Germany, fuel prices can change up to 8 times a day.
Dynamic pricing bij Europese fuel retailers — operationeel model, impact en LUKOIL-implementatiemodel	In Duitsland werd de markttransparantie-eenheid opgericht op 31 augustus 2013 als onderdeel van het Bundeskartellamt.	In Duitsland werd de markttransparantie-eenheid opgericht op 31 augustus 2013 als onderdeel van het Bundeskartellamt.
Dynamic pricing bij Europese fuel retailers — operationeel model, impact en LUKOIL-implementatiemodel	In Duitsland zien we een versnelde adoptie van Electronic Shelf Labels (ESL) voor shopproducten.	In Duitsland zien we een versnelde adoptie van Electronic Shelf Labels (ESL) voor shopproducten.
Dynamic pricing bij Europese fuel retailers — operationeel model, impact en LUKOIL-implementatiemodel	In Luxemburg is er een kritisch regulatoir risico door een uniforme prijs voor alle stations en een vaste maximummarge.	Kritisch regulatoir risico LU	Uniforme prijs alle stations; vaste maximummarge
Dynamic pricing bij Europese fuel retailers — operationeel model, impact en LUKOIL-implementatiemodel	In Luxemburg is er een uniforme prijs, wat nul differentiatiemogelijkheid op brandstof betekent.	Luxemburg: Uniforme prijs = nul differentiatiemogelijkheid op fuel.
Dynamic pricing bij Europese fuel retailers — operationeel model, impact en LUKOIL-implementatiemodel	In Luxemburg lag de maximumprijs in 2025 op €1.473 per liter voor Euro 95.	In Luxemburg lag dit in 2025 bijvoorbeeld hard gecapt op €1.473 per liter voor Euro 95.
Dynamic pricing bij Europese fuel retailers — operationeel model, impact en LUKOIL-implementatiemodel	In Luxemburg zijn de brandstofprijzen bij alle pompstations gelijk.	In Luxemburg zijn de brandstofprijzen bij alle pompstations gelijk.
Dynamic pricing bij Europese fuel retailers — operationeel model, impact en LUKOIL-implementatiemodel	In Luxemburg zijn de brandstofprijzen bij alle pompstations identiek.	In Luxemburg zijn de brandstofprijzen bij alle pompstations identiek — dit is niet het geval in alle Europese landen.
Dynamic pricing bij Europese fuel retailers — operationeel model, impact en LUKOIL-implementatiemodel	In Luxemburg zijn er vrijwel geen belastingen en accijnzen op brandstof.	In Luxemburg zijn er vrijwel geen belastingen en accijnzen op brandstof, wat leidt tot veel lagere brandstofprijzen.
Dynamic pricing bij Europese fuel retailers — operationeel model, impact en LUKOIL-implementatiemodel	In Nederland, IJsland en Groot-Brittannië is E5 (Super) 25–30% duurder dan het Europees gemiddelde.	In deze landen is E5 (Super) 25–30% duurder dan het Europees gemiddelde.
Dynamic pricing bij Europese fuel retailers — operationeel model, impact en LUKOIL-implementatiemodel	Intraday fuel pricing is van toepassing in Duitsland (vóór 2026), het VK en Scandinavië.	Toepassingsgebied	Duitsland (pre-2026), VK, Scandinavië
Dynamic pricing bij Europese fuel retailers — operationeel model, impact en LUKOIL-implementatiemodel	Intraday fuel pricing omvat meerdere prijswijzigingen per dag op pompprijzen.	Intraday fuel pricing	Meerdere prijswijzigingen per dag op pompprijzen
Dynamic pricing bij Europese fuel retailers — operationeel model, impact en LUKOIL-implementatiemodel	Inventoryoptimalisatie en afvalreductie zijn zichtbaar binnen een kwartaal.	Inventoryoptimalisatie + waste reduction zichtbaar binnen kwartaal
Dynamic pricing bij Europese fuel retailers — operationeel model, impact en LUKOIL-implementatiemodel	Investering in dynamic pricing is inadequaat voor extreem rurale monopolie-locaties.	Extreem Rurale Monopolie-locaties.
Dynamic pricing bij Europese fuel retailers — operationeel model, impact en LUKOIL-implementatiemodel	Investering in dynamic pricing is inadequaat voor volledig onbemande pompen.	Op basis van empirische data is investering in dynamic pricing technologisch en financieel volkomen inadequaat voor: Volledig Onbemande Pompen.
Dynamic pricing bij Europese fuel retailers — operationeel model, impact en LUKOIL-implementatiemodel	Iran blokkeerde de Straat van Hormuz.	wat ertoe leidde dat Iran de Straat van Hormuz blokkeerde.
Dynamic pricing bij Europese fuel retailers — operationeel model, impact en LUKOIL-implementatiemodel	Juridische onzekerheid over handhaving blijft hoog in Duitsland.	Juridische onzekerheid over handhaving blijft hoog.
Dynamic pricing bij Europese fuel retailers — operationeel model, impact en LUKOIL-implementatiemodel	Kalibrate benadrukt dat elke retailer 100% eigenaarschap behoudt over hun macro- en micro-datastrategieën.	Kalibrate benadrukt in contrast daarop dat elke retailer 100% eigenaarschap behoudt over hun macro- en micro-datastrategieën.
Dynamic pricing bij Europese fuel retailers — operationeel model, impact en LUKOIL-implementatiemodel	Kalibrate claimt gemiddelde volumestijgingen van 0,1% bij hun optimalisatie op 1.250 netwerken.	Vergelijkbare aanbieders, zoals Kalibrate, claimen gemiddelde volumestijgingen van 0,1% bij hun optimalisatie op 1.250 netwerken.
Dynamic pricing bij Europese fuel retailers — operationeel model, impact en LUKOIL-implementatiemodel	Kalibrate-modellen worden strikt getraind op afgeschermde data van de licentienemer om onafhankelijkheid te borgen.	Kalibrate-modellen worden hierbij strikt getraind op afgeschermde data van de licentienemer om onafhankelijkheid te borgen.
Dynamic pricing bij Europese fuel retailers — operationeel model, impact en LUKOIL-implementatiemodel	Klantfrequentiewijzigingen, gemiddelde transactiewaarden en cross-sell-ratio's per LUKOIL-station zijn niet traceerbaar via publieke bronnen.	Klantfrequentiewijzigingen, gemiddelde transactiewaarden en cross-sell-ratio's per LUKOIL-station zijn niet traceerbaar via publieke bronnen.
Dynamic pricing bij Europese fuel retailers — operationeel model, impact en LUKOIL-implementatiemodel	Laboratoriumbewijs toont aan dat de "Luxembourg rule" de consumentenwelvaart eerder verlaagt dan verhoogt.	Laboratoriumbewijs toont aan dat de "Luxembourg rule" — vaste maximummarge voor retailers — de consumentenwelvaart eerder verlaagt dan verhoogt.
Dynamic pricing bij Europese fuel retailers — operationeel model, impact en LUKOIL-implementatiemodel	Lagere Belgische prijzen hebben geleid tot een toename van grensoverschrijdend tanken.	De lagere Belgische prijzen hebben geleid tot een surge in grensoverschrijdend tanken.
Dynamic pricing bij Europese fuel retailers — operationeel model, impact en LUKOIL-implementatiemodel	Landen als Duitsland, Frankrijk, Oostenrijk en België hebben transparantieregulering ingevoerd die concurrentie op brandstofprijs intensiveert.	Landen als Duitsland, Frankrijk, Oostenrijk en België hebben transparantieregulering ingevoerd die concurrentie op brandstofprijs intensiveert.
Dynamic pricing bij Europese fuel retailers — operationeel model, impact en LUKOIL-implementatiemodel	Landen als Frankrijk, Oostenrijk, Duitsland, België en Italië hebben beleidsmaatregelen ingevoerd om de concurrentie tussen stations te intensiveren.	Landen als Frankrijk, Oostenrijk, Duitsland, België en Italië hebben beleidsmaatregelen ingevoerd om de concurrentie tussen stations te intensiveren.
Dynamic pricing bij Europese fuel retailers — operationeel model, impact en LUKOIL-implementatiemodel	Lange files vormden zich bij Belgische pompstations, met name door vrachtwagens.	Tegelijkertijd vormden zich lange files bij Belgische pompstations, met name door trucks die snelwegen verlieten op zoek naar goedkopere brandstof.
Dynamic pricing bij Europese fuel retailers — operationeel model, impact en LUKOIL-implementatiemodel	Lekkerland (Frischwerk-concept, Duitsland) gebruikt een eigen dynamisch prijsmodel op de shopvloer, niet verbonden aan tankpompen.	Eigen dynamisch prijsmodel op de shopvloer, niet verbonden aan tankpompen.
Dynamic pricing bij Europese fuel retailers — operationeel model, impact en LUKOIL-implementatiemodel	Lekkerland focust op hogere marge 'food-to-go' en convenience producten.	Hogere marge 'food-to-go' en convenience producten.
Dynamic pricing bij Europese fuel retailers — operationeel model, impact en LUKOIL-implementatiemodel	Lekkerland past prijzen aan in vaste tijdsvensters, hoofdzakelijk 's avonds en 's nachts.	Vaste tijdsvensters, hoofdzakelijk 's avonds en 's nachts.
Dynamic pricing bij Europese fuel retailers — operationeel model, impact en LUKOIL-implementatiemodel	Lekkerland's data-inputs omvatten analyse van prijsgevoeligheid versus gemaksgevoeligheid.	Analyse van prijsgevoeligheid vs. gemaksgevoeligheid.
Dynamic pricing bij Europese fuel retailers — operationeel model, impact en LUKOIL-implementatiemodel	Leveranciers van brandstof upstream van de eindconsumentverkoop zijn verboden te handelen in strijd met de regels.	Leveranciers van brandstof upstream van de eindconsumentverkoop (raffinaderij of groothandel) zijn verboden te handelen in strijd met de regels.
Dynamic pricing bij Europese fuel retailers — operationeel model, impact en LUKOIL-implementatiemodel	LUKOIL BeNeLux heeft een strategische horizon gericht op een mogelijke marktbetreding in Duitsland in 2027.	Voor LUKOIL BeNeLux, met een strategische horizon gericht op een mogelijke marktbetreding in Duitsland in 2027, vormt de schaalbaarheid van prijsinnovaties in zowel het shop-model als de brandstofverkoop een fundamentele pijler voor toekomstige winstgevendheid.
Dynamic pricing bij Europese fuel retailers — operationeel model, impact en LUKOIL-implementatiemodel	LUKOIL BeNeLux werd eind januari 2026 overgenomen door Carlyle (VS), waarbij de naam intact bleef.	LUKOIL BeNeLux eigendomsstatus	Overgenomen door Carlyle (VS) eind jan. 2026; naam intact
Dynamic pricing bij Europese fuel retailers — operationeel model, impact en LUKOIL-implementatiemodel	LUKOIL BeNeLux werd eind januari 2026 overgenomen door het Amerikaanse investeringsbedrijf Carlyle.	LUKOIL BeNeLux werd overgenomen door het Amerikaanse investeringsbedrijf Carlyle eind januari 2026.
Dynamic pricing bij Europese fuel retailers — operationeel model, impact en LUKOIL-implementatiemodel	LUKOIL heeft 228 stations in de BeNeLux (180 in België, 46 in Nederland, 2 in Luxemburg).	228 LUKOIL-stations in BeNeLux (180 in België, 46 in Nederland, 2 in Luxemburg), beleverd vanuit de Zeeland Refinery waar LUKOIL een 45%-belang heeft.
Dynamic pricing bij Europese fuel retailers — operationeel model, impact en LUKOIL-implementatiemodel	LUKOIL heeft activiteiten in meer dan 30 landen wereldwijd.	LUKOIL conducts its operations in more than 30 countries worldwide.
Dynamic pricing bij Europese fuel retailers — operationeel model, impact en LUKOIL-implementatiemodel	LUKOIL heeft een belang van 100% in het Adygea-olieveld in Rusland.	LUKOIL holds a 100% interest in the Adygea oil field in Russia.
Dynamic pricing bij Europese fuel retailers — operationeel model, impact en LUKOIL-implementatiemodel	LUKOIL heeft een belang van 100% in het Altaj Krai-olieveld in Rusland.	LUKOIL holds a 100% interest in the Altai Krai oil field in Russia.
Dynamic pricing bij Europese fuel retailers — operationeel model, impact en LUKOIL-implementatiemodel	LUKOIL heeft een belang van 100% in het Altaj-olieveld in Rusland.	LUKOIL holds a 100% interest in the Altai oil field in Russia.
Dynamic pricing bij Europese fuel retailers — operationeel model, impact en LUKOIL-implementatiemodel	LUKOIL heeft een belang van 100% in het Altaj-republiek-olieveld in Rusland.	LUKOIL holds a 100% interest in the Altai Republic oil field in Russia.
Dynamic pricing bij Europese fuel retailers — operationeel model, impact en LUKOIL-implementatiemodel	LUKOIL heeft een belang van 100% in het Amoer Oblast-olieveld in Rusland.	LUKOIL holds a 100% interest in the Amur Oblast oil field in Russia.
Dynamic pricing bij Europese fuel retailers — operationeel model, impact en LUKOIL-implementatiemodel	LUKOIL heeft een belang van 100% in het Amoer-olieveld in Rusland.	LUKOIL holds a 100% interest in the Amur oil field in Russia.
Dynamic pricing bij Europese fuel retailers — operationeel model, impact en LUKOIL-implementatiemodel	LUKOIL heeft een belang van 100% in het Archangelsk Oblast-olieveld in Rusland.	LUKOIL holds a 100% interest in the Arkhangelsk Oblast oil field in Russia.
Dynamic pricing bij Europese fuel retailers — operationeel model, impact en LUKOIL-implementatiemodel	LUKOIL heeft een belang van 100% in het Archangelsk-olieveld in Rusland.	LUKOIL holds a 100% interest in the Arkhangelsk oil field in Russia.
Dynamic pricing bij Europese fuel retailers — operationeel model, impact en LUKOIL-implementatiemodel	LUKOIL heeft een belang van 100% in het Astrakhan Oblast-olieveld in Rusland.	LUKOIL holds a 100% interest in the Astrakhan Oblast oil field in Russia.
Dynamic pricing bij Europese fuel retailers — operationeel model, impact en LUKOIL-implementatiemodel	LUKOIL heeft een belang van 100% in het Astrakhan-olieveld in Rusland.	LUKOIL holds a 100% interest in the Astrakhan oil field in Russia.
Dynamic pricing bij Europese fuel retailers — operationeel model, impact en LUKOIL-implementatiemodel	LUKOIL heeft een belang van 100% in het Basjkortostan-olieveld in Rusland.	LUKOIL holds a 100% interest in the Bashkortostan oil field in Russia.
Dynamic pricing bij Europese fuel retailers — operationeel model, impact en LUKOIL-implementatiemodel	LUKOIL heeft een belang van 100% in het Belgorod Oblast-olieveld in Rusland.	LUKOIL holds a 100% interest in the Belgorod Oblast oil field in Russia.
Dynamic pricing bij Europese fuel retailers — operationeel model, impact en LUKOIL-implementatiemodel	LUKOIL heeft een belang van 100% in het Belgorod-olieveld in Rusland.	LUKOIL holds a 100% interest in the Belgorod oil field in Russia.
Dynamic pricing bij Europese fuel retailers — operationeel model, impact en LUKOIL-implementatiemodel	LUKOIL heeft een belang van 100% in het Boeriatië-olieveld in Rusland.	LUKOIL holds a 100% interest in the Buryatia oil field in Russia.
Dynamic pricing bij Europese fuel retailers — operationeel model, impact en LUKOIL-implementatiemodel	LUKOIL heeft een belang van 100% in het Brjansk Oblast-olieveld in Rusland.	LUKOIL holds a 100% interest in the Bryansk Oblast oil field in Russia.
Dynamic pricing bij Europese fuel retailers — operationeel model, impact en LUKOIL-implementatiemodel	LUKOIL heeft een belang van 100% in het Brjansk-olieveld in Rusland.	LUKOIL holds a 100% interest in the Bryansk oil field in Russia.
Dynamic pricing bij Europese fuel retailers — operationeel model, impact en LUKOIL-implementatiemodel	LUKOIL heeft een belang van 100% in het Chabarovsk Krai-olieveld in Rusland.	LUKOIL holds a 100% interest in the Khabarovsk Krai oil field in Russia.
Dynamic pricing bij Europese fuel retailers — operationeel model, impact en LUKOIL-implementatiemodel	LUKOIL heeft een belang van 100% in het Chabarovsk-olieveld in Rusland.	LUKOIL holds a 100% interest in the Khabarovsk oil field in Russia.
Dynamic pricing bij Europese fuel retailers — operationeel model, impact en LUKOIL-implementatiemodel	LUKOIL heeft een belang van 100% in het Chakassië-olieveld in Rusland.	LUKOIL holds a 100% interest in the Khakassia oil field in Russia.
Dynamic pricing bij Europese fuel retailers — operationeel model, impact en LUKOIL-implementatiemodel	LUKOIL heeft een belang van 100% in het Chanto-Mansië Autonome Okroeg-olieveld in Rusland.	LUKOIL holds a 100% interest in the Khanty-Mansi Autonomous Okrug oil field in Russia.
Dynamic pricing bij Europese fuel retailers — operationeel model, impact en LUKOIL-implementatiemodel	LUKOIL heeft een belang van 100% in het Chanto-Mansië-olieveld in Rusland.	LUKOIL holds a 100% interest in the Khanty-Mansiysk oil field in Russia.
Dynamic pricing bij Europese fuel retailers — operationeel model, impact en LUKOIL-implementatiemodel	LUKOIL heeft een belang van 100% in het Dagestan-olieveld in Rusland.	LUKOIL holds a 100% interest in the Dagestan oil field in Russia.
Dynamic pricing bij Europese fuel retailers — operationeel model, impact en LUKOIL-implementatiemodel	LUKOIL heeft een belang van 100% in het Ingoesjetië-olieveld in Rusland.	LUKOIL holds a 100% interest in the Ingushetia oil field in Russia.
Dynamic pricing bij Europese fuel retailers — operationeel model, impact en LUKOIL-implementatiemodel	LUKOIL heeft een belang van 100% in het Irkoetsk Oblast-olieveld in Rusland.	LUKOIL holds a 100% interest in the Irkutsk Oblast oil field in Russia.
Dynamic pricing bij Europese fuel retailers — operationeel model, impact en LUKOIL-implementatiemodel	LUKOIL heeft een belang van 100% in het Irkoetsk-olieveld in Rusland.	LUKOIL holds a 100% interest in the Irkutsk oil field in Russia.
Dynamic pricing bij Europese fuel retailers — operationeel model, impact en LUKOIL-implementatiemodel	LUKOIL heeft een belang van 100% in het Ivanovo Oblast-olieveld in Rusland.	LUKOIL holds a 100% interest in the Ivanovo Oblast oil field in Russia.
Dynamic pricing bij Europese fuel retailers — operationeel model, impact en LUKOIL-implementatiemodel	LUKOIL heeft een belang van 100% in het Ivanovo-olieveld in Rusland.	LUKOIL holds a 100% interest in the Ivanovo oil field in Russia.
Dynamic pricing bij Europese fuel retailers — operationeel model, impact en LUKOIL-implementatiemodel	LUKOIL heeft een belang van 100% in het Jakoetië-olieveld in Rusland.	LUKOIL holds a 100% interest in the Yakutia oil field in Russia.
Dynamic pricing bij Europese fuel retailers — operationeel model, impact en LUKOIL-implementatiemodel	LUKOIL heeft een belang van 100% in het Jamalië-Nenetsië Autonome Okroeg-olieveld in Rusland.	LUKOIL holds a 100% interest in the Yamal-Nenets Autonomous Okrug oil field in Russia.
Dynamic pricing bij Europese fuel retailers — operationeel model, impact en LUKOIL-implementatiemodel	LUKOIL heeft een belang van 100% in het Jamalië-olieveld in Rusland.	LUKOIL holds a 100% interest in the Yamalia oil field in Russia.
Dynamic pricing bij Europese fuel retailers — operationeel model, impact en LUKOIL-implementatiemodel	LUKOIL heeft een belang van 100% in het Jaroslavl Oblast-olieveld in Rusland.	LUKOIL holds a 100% interest in the Yaroslavl Oblast oil field in Russia.
Dynamic pricing bij Europese fuel retailers — operationeel model, impact en LUKOIL-implementatiemodel	LUKOIL heeft een belang van 100% in het Jaroslavl-olieveld in Rusland.	LUKOIL holds a 100% interest in the Yaroslavl oil field in Russia.
Dynamic pricing bij Europese fuel retailers — operationeel model, impact en LUKOIL-implementatiemodel	LUKOIL heeft een belang van 100% in het Joodse Autonome Oblast-olieveld in Rusland.	LUKOIL holds a 100% interest in the Jewish Autonomous Oblast oil field in Russia.
Dynamic pricing bij Europese fuel retailers — operationeel model, impact en LUKOIL-implementatiemodel	LUKOIL heeft een belang van 100% in het Kabardië-Balkarië-olieveld in Rusland.	LUKOIL holds a 100% interest in the Kabardino-Balkaria oil field in Russia.
Dynamic pricing bij Europese fuel retailers — operationeel model, impact en LUKOIL-implementatiemodel	LUKOIL heeft een belang van 100% in het Kaliningrad Oblast-olieveld in Rusland.	LUKOIL holds a 100% interest in the Kaliningrad Oblast oil field in Russia.
Dynamic pricing bij Europese fuel retailers — operationeel model, impact en LUKOIL-implementatiemodel	LUKOIL heeft een belang van 100% in het Kaliningrad-olieveld in Rusland.	LUKOIL holds a 100% interest in the Kaliningrad oil field in Russia.
Dynamic pricing bij Europese fuel retailers — operationeel model, impact en LUKOIL-implementatiemodel	LUKOIL heeft een belang van 100% in het Kalmukkië-olieveld in Rusland.	LUKOIL holds a 100% interest in the Kalmykia oil field in Russia.
Dynamic pricing bij Europese fuel retailers — operationeel model, impact en LUKOIL-implementatiemodel	LUKOIL heeft een belang van 100% in het Kaluga Oblast-olieveld in Rusland.	LUKOIL holds a 100% interest in the Kaluga Oblast oil field in Russia.
Dynamic pricing bij Europese fuel retailers — operationeel model, impact en LUKOIL-implementatiemodel	LUKOIL heeft een belang van 100% in het Kaluga-olieveld in Rusland.	LUKOIL holds a 100% interest in the Kaluga oil field in Russia.
Dynamic pricing bij Europese fuel retailers — operationeel model, impact en LUKOIL-implementatiemodel	LUKOIL heeft een belang van 100% in het Kamtsjatka Krai-olieveld in Rusland.	LUKOIL holds a 100% interest in the Kamchatka Krai oil field in Russia.
Dynamic pricing bij Europese fuel retailers — operationeel model, impact en LUKOIL-implementatiemodel	LUKOIL heeft een belang van 100% in het Kamtsjatka-olieveld in Rusland.	LUKOIL holds a 100% interest in the Kamchatka oil field in Russia.
Dynamic pricing bij Europese fuel retailers — operationeel model, impact en LUKOIL-implementatiemodel	LUKOIL heeft een belang van 100% in het Karatsjaj-Tsjerkessië-olieveld in Rusland.	LUKOIL holds a 100% interest in the Karachay-Cherkessia oil field in Russia.
Dynamic pricing bij Europese fuel retailers — operationeel model, impact en LUKOIL-implementatiemodel	LUKOIL heeft een belang van 100% in het Karelië-olieveld in Rusland.	LUKOIL holds a 100% interest in the Karelia oil field in Russia.
Dynamic pricing bij Europese fuel retailers — operationeel model, impact en LUKOIL-implementatiemodel	LUKOIL heeft een belang van 100% in het Kemerovo Oblast-olieveld in Rusland.	LUKOIL holds a 100% interest in the Kemerovo Oblast oil field in Russia.
Dynamic pricing bij Europese fuel retailers — operationeel model, impact en LUKOIL-implementatiemodel	LUKOIL heeft een belang van 100% in het Kemerovo-olieveld in Rusland.	LUKOIL holds a 100% interest in the Kemerovo oil field in Russia.
Dynamic pricing bij Europese fuel retailers — operationeel model, impact en LUKOIL-implementatiemodel	LUKOIL heeft een belang van 100% in het Kirov Oblast-olieveld in Rusland.	LUKOIL holds a 100% interest in the Kirov Oblast oil field in Russia.
Dynamic pricing bij Europese fuel retailers — operationeel model, impact en LUKOIL-implementatiemodel	LUKOIL heeft een belang van 100% in het Kirov-olieveld in Rusland.	LUKOIL holds a 100% interest in the Kirov oil field in Russia.
Dynamic pricing bij Europese fuel retailers — operationeel model, impact en LUKOIL-implementatiemodel	LUKOIL heeft een belang van 100% in het Koergan Oblast-olieveld in Rusland.	LUKOIL holds a 100% interest in the Kurgan Oblast oil field in Russia.
Dynamic pricing bij Europese fuel retailers — operationeel model, impact en LUKOIL-implementatiemodel	LUKOIL heeft een belang van 100% in het Koergan-olieveld in Rusland.	LUKOIL holds a 100% interest in the Kurgan oil field in Russia.
Dynamic pricing bij Europese fuel retailers — operationeel model, impact en LUKOIL-implementatiemodel	LUKOIL heeft een belang van 100% in het Koersk Oblast-olieveld in Rusland.	LUKOIL holds a 100% interest in the Kursk Oblast oil field in Russia.
Dynamic pricing bij Europese fuel retailers — operationeel model, impact en LUKOIL-implementatiemodel	LUKOIL heeft een belang van 100% in het Koersk-olieveld in Rusland.	LUKOIL holds a 100% interest in the Kursk oil field in Russia.
Dynamic pricing bij Europese fuel retailers — operationeel model, impact en LUKOIL-implementatiemodel	LUKOIL heeft een belang van 100% in het Kogalym-olieveld in Rusland.	LUKOIL holds a 100% interest in the Kogalym oil field in Russia.
Dynamic pricing bij Europese fuel retailers — operationeel model, impact en LUKOIL-implementatiemodel	LUKOIL heeft een belang van 100% in het Komi-olieveld in Rusland.	LUKOIL holds a 100% interest in the Komi oil field in Russia.
Dynamic pricing bij Europese fuel retailers — operationeel model, impact en LUKOIL-implementatiemodel	LUKOIL heeft een belang van 100% in het Kostroma Oblast-olieveld in Rusland.	LUKOIL holds a 100% interest in the Kostroma Oblast oil field in Russia.
Dynamic pricing bij Europese fuel retailers — operationeel model, impact en LUKOIL-implementatiemodel	LUKOIL heeft een belang van 100% in het Kostroma-olieveld in Rusland.	LUKOIL holds a 100% interest in the Kostroma oil field in Russia.
Dynamic pricing bij Europese fuel retailers — operationeel model, impact en LUKOIL-implementatiemodel	LUKOIL heeft een belang van 100% in het Krasnodar Krai-olieveld in Rusland.	LUKOIL holds a 100% interest in the Krasnodar Krai oil field in Russia.
Dynamic pricing bij Europese fuel retailers — operationeel model, impact en LUKOIL-implementatiemodel	LUKOIL heeft een belang van 100% in het Krasnodar-olieveld in Rusland.	LUKOIL holds a 100% interest in the Krasnodar oil field in Russia.
Dynamic pricing bij Europese fuel retailers — operationeel model, impact en LUKOIL-implementatiemodel	LUKOIL heeft een belang van 100% in het Krasnojarsk Krai-olieveld in Rusland.	LUKOIL holds a 100% interest in the Krasnoyarsk Krai oil field in Russia.
Dynamic pricing bij Europese fuel retailers — operationeel model, impact en LUKOIL-implementatiemodel	LUKOIL heeft een belang van 100% in het Krasnojarsk-olieveld in Rusland.	LUKOIL holds a 100% interest in the Krasnoyarsk oil field in Russia.
Dynamic pricing bij Europese fuel retailers — operationeel model, impact en LUKOIL-implementatiemodel	LUKOIL heeft een belang van 100% in het Krim-olieveld in Rusland.	LUKOIL holds a 100% interest in the Crimea oil field in Russia.
Dynamic pricing bij Europese fuel retailers — operationeel model, impact en LUKOIL-implementatiemodel	LUKOIL heeft een belang van 100% in het Langepas-olieveld in Rusland.	LUKOIL holds a 100% interest in the Langepas oil field in Russia.
Dynamic pricing bij Europese fuel retailers — operationeel model, impact en LUKOIL-implementatiemodel	LUKOIL heeft een belang van 100% in het Leningrad Oblast-olieveld in Rusland.	LUKOIL holds a 100% interest in the Leningrad Oblast oil field in Russia.
Dynamic pricing bij Europese fuel retailers — operationeel model, impact en LUKOIL-implementatiemodel	LUKOIL heeft een belang van 100% in het Leningrad-olieveld in Rusland.	LUKOIL holds a 100% interest in the Leningrad oil field in Russia.
Dynamic pricing bij Europese fuel retailers — operationeel model, impact en LUKOIL-implementatiemodel	LUKOIL heeft een belang van 100% in het Lipetsk Oblast-olieveld in Rusland.	LUKOIL holds a 100% interest in the Lipetsk Oblast oil field in Russia.
Dynamic pricing bij Europese fuel retailers — operationeel model, impact en LUKOIL-implementatiemodel	LUKOIL heeft een belang van 100% in het Lipetsk-olieveld in Rusland.	LUKOIL holds a 100% interest in the Lipetsk oil field in Russia.
Dynamic pricing bij Europese fuel retailers — operationeel model, impact en LUKOIL-implementatiemodel	LUKOIL heeft een belang van 100% in het Magadan Oblast-olieveld in Rusland.	LUKOIL holds a 100% interest in the Magadan Oblast oil field in Russia.
Dynamic pricing bij Europese fuel retailers — operationeel model, impact en LUKOIL-implementatiemodel	LUKOIL heeft een belang van 100% in het Magadan-olieveld in Rusland.	LUKOIL holds a 100% interest in the Magadan oil field in Russia.
Dynamic pricing bij Europese fuel retailers — operationeel model, impact en LUKOIL-implementatiemodel	LUKOIL heeft een belang van 100% in het Mari El-olieveld in Rusland.	LUKOIL holds a 100% interest in the Mari El oil field in Russia.
Dynamic pricing bij Europese fuel retailers — operationeel model, impact en LUKOIL-implementatiemodel	LUKOIL heeft een belang van 100% in het Moermansk Oblast-olieveld in Rusland.	LUKOIL holds a 100% interest in the Murmansk Oblast oil field in Russia.
Dynamic pricing bij Europese fuel retailers — operationeel model, impact en LUKOIL-implementatiemodel	LUKOIL heeft een belang van 100% in het Moermansk-olieveld in Rusland.	LUKOIL holds a 100% interest in the Murmansk oil field in Russia.
Dynamic pricing bij Europese fuel retailers — operationeel model, impact en LUKOIL-implementatiemodel	LUKOIL heeft een belang van 100% in het Mordovië-olieveld in Rusland.	LUKOIL holds a 100% interest in the Mordovia oil field in Russia.
Dynamic pricing bij Europese fuel retailers — operationeel model, impact en LUKOIL-implementatiemodel	LUKOIL heeft een belang van 100% in het Moskou Oblast-olieveld in Rusland.	LUKOIL holds a 100% interest in the Moscow Oblast oil field in Russia.
Dynamic pricing bij Europese fuel retailers — operationeel model, impact en LUKOIL-implementatiemodel	LUKOIL heeft een belang van 100% in het Moskou-olieveld in Rusland.	LUKOIL holds a 100% interest in the Moscow oil field in Russia.
Dynamic pricing bij Europese fuel retailers — operationeel model, impact en LUKOIL-implementatiemodel	LUKOIL heeft een belang van 100% in het Moskou-stad-olieveld in Rusland.	LUKOIL holds a 100% interest in the Moscow City oil field in Russia.
Dynamic pricing bij Europese fuel retailers — operationeel model, impact en LUKOIL-implementatiemodel	LUKOIL heeft een belang van 100% in het Nenetsië Autonome Okroeg-olieveld in Rusland.	LUKOIL holds a 100% interest in the Nenets Autonomous Okrug oil field in Russia.
Dynamic pricing bij Europese fuel retailers — operationeel model, impact en LUKOIL-implementatiemodel	LUKOIL heeft een belang van 100% in het Nenetsië-olieveld in Rusland.	LUKOIL holds a 100% interest in the Nenetsia oil field in Russia.
Dynamic pricing bij Europese fuel retailers — operationeel model, impact en LUKOIL-implementatiemodel	LUKOIL heeft een belang van 100% in het Nizhny Novgorod Oblast-olieveld in Rusland.	LUKOIL holds a 100% interest in the Nizhny Novgorod Oblast oil field in Russia.
Dynamic pricing bij Europese fuel retailers — operationeel model, impact en LUKOIL-implementatiemodel	LUKOIL heeft een belang van 100% in het Nizhny Novgorod-olieveld in Rusland.	LUKOIL holds a 100% interest in the Nizhny Novgorod oil field in Russia.
Dynamic pricing bij Europese fuel retailers — operationeel model, impact en LUKOIL-implementatiemodel	LUKOIL heeft een belang van 100% in het Noord-Ossetië-Alanië-olieveld in Rusland.	LUKOIL holds a 100% interest in the North Ossetia-Alania oil field in Russia.
Dynamic pricing bij Europese fuel retailers — operationeel model, impact en LUKOIL-implementatiemodel	LUKOIL heeft een belang van 100% in het Novgorod Oblast-olieveld in Rusland.	LUKOIL holds a 100% interest in the Novgorod Oblast oil field in Russia.
Dynamic pricing bij Europese fuel retailers — operationeel model, impact en LUKOIL-implementatiemodel	LUKOIL heeft een belang van 100% in het Novgorod-olieveld in Rusland.	LUKOIL holds a 100% interest in the Novgorod oil field in Russia.
Dynamic pricing bij Europese fuel retailers — operationeel model, impact en LUKOIL-implementatiemodel	LUKOIL heeft een belang van 100% in het Novosibirsk Oblast-olieveld in Rusland.	LUKOIL holds a 100% interest in the Novosibirsk Oblast oil field in Russia.
Dynamic pricing bij Europese fuel retailers — operationeel model, impact en LUKOIL-implementatiemodel	LUKOIL heeft een belang van 100% in het Novosibirsk-olieveld in Rusland.	LUKOIL holds a 100% interest in the Novosibirsk oil field in Russia.
Dynamic pricing bij Europese fuel retailers — operationeel model, impact en LUKOIL-implementatiemodel	LUKOIL heeft een belang van 100% in het Oedmoertië-olieveld in Rusland.	LUKOIL holds a 100% interest in the Udmurtia oil field in Russia.
Dynamic pricing bij Europese fuel retailers — operationeel model, impact en LUKOIL-implementatiemodel	LUKOIL heeft een belang van 100% in het Oeljanovsk Oblast-olieveld in Rusland.	LUKOIL holds a 100% interest in the Ulyanovsk Oblast oil field in Russia.
Dynamic pricing bij Europese fuel retailers — operationeel model, impact en LUKOIL-implementatiemodel	LUKOIL heeft een belang van 100% in het Omsk Oblast-olieveld in Rusland.	LUKOIL holds a 100% interest in the Omsk Oblast oil field in Russia.
Dynamic pricing bij Europese fuel retailers — operationeel model, impact en LUKOIL-implementatiemodel	LUKOIL heeft een belang van 100% in het Omsk-olieveld in Rusland.	LUKOIL holds a 100% interest in the Omsk oil field in Russia.
Dynamic pricing bij Europese fuel retailers — operationeel model, impact en LUKOIL-implementatiemodel	LUKOIL heeft een belang van 100% in het Orenburg Oblast-olieveld in Rusland.	LUKOIL holds a 100% interest in the Orenburg Oblast oil field in Russia.
Dynamic pricing bij Europese fuel retailers — operationeel model, impact en LUKOIL-implementatiemodel	LUKOIL heeft een belang van 100% in het Orenburg-olieveld in Rusland.	LUKOIL holds a 100% interest in the Orenburg oil field in Russia.
Dynamic pricing bij Europese fuel retailers — operationeel model, impact en LUKOIL-implementatiemodel	LUKOIL heeft een belang van 100% in het Orjol Oblast-olieveld in Rusland.	LUKOIL holds a 100% interest in the Oryol Oblast oil field in Russia.
Dynamic pricing bij Europese fuel retailers — operationeel model, impact en LUKOIL-implementatiemodel	LUKOIL heeft een belang van 100% in het Orjol-olieveld in Rusland.	LUKOIL holds a 100% interest in the Oryol oil field in Russia.
Dynamic pricing bij Europese fuel retailers — operationeel model, impact en LUKOIL-implementatiemodel	LUKOIL heeft een belang van 100% in het Penza Oblast-olieveld in Rusland.	LUKOIL holds a 100% interest in the Penza Oblast oil field in Russia.
Dynamic pricing bij Europese fuel retailers — operationeel model, impact en LUKOIL-implementatiemodel	LUKOIL heeft een belang van 100% in het Perm Krai-olieveld in Rusland.	LUKOIL holds a 100% interest in the Perm Krai oil field in Russia.
Dynamic pricing bij Europese fuel retailers — operationeel model, impact en LUKOIL-implementatiemodel	LUKOIL heeft een belang van 100% in het Perm-olieveld in Rusland.	LUKOIL holds a 100% interest in the Perm oil field in Russia.
Dynamic pricing bij Europese fuel retailers — operationeel model, impact en LUKOIL-implementatiemodel	LUKOIL heeft een belang van 100% in het Primorje Krai-olieveld in Rusland.	LUKOIL holds a 100% interest in the Primorye Krai oil field in Russia.
Dynamic pricing bij Europese fuel retailers — operationeel model, impact en LUKOIL-implementatiemodel	LUKOIL heeft een belang van 100% in het Primorje-olieveld in Rusland.	LUKOIL holds a 100% interest in the Primorye oil field in Russia.
Dynamic pricing bij Europese fuel retailers — operationeel model, impact en LUKOIL-implementatiemodel	LUKOIL heeft een belang van 100% in het Pskov Oblast-olieveld in Rusland.	LUKOIL holds a 100% interest in the Pskov Oblast oil field in Russia.
Dynamic pricing bij Europese fuel retailers — operationeel model, impact en LUKOIL-implementatiemodel	LUKOIL heeft een belang van 100% in het Pskov-olieveld in Rusland.	LUKOIL holds a 100% interest in the Pskov oil field in Russia.
Dynamic pricing bij Europese fuel retailers — operationeel model, impact en LUKOIL-implementatiemodel	LUKOIL heeft een belang van 100% in het Rjazan Oblast-olieveld in Rusland.	LUKOIL holds a 100% interest in the Ryazan Oblast oil field in Russia.
Dynamic pricing bij Europese fuel retailers — operationeel model, impact en LUKOIL-implementatiemodel	LUKOIL heeft een belang van 100% in het Rjazan-olieveld in Rusland.	LUKOIL holds a 100% interest in the Ryazan oil field in Russia.
Dynamic pricing bij Europese fuel retailers — operationeel model, impact en LUKOIL-implementatiemodel	LUKOIL heeft een belang van 100% in het Rostov Oblast-olieveld in Rusland.	LUKOIL holds a 100% interest in the Rostov Oblast oil field in Russia.
Dynamic pricing bij Europese fuel retailers — operationeel model, impact en LUKOIL-implementatiemodel	LUKOIL heeft een belang van 100% in het Rostov-olieveld in Rusland.	LUKOIL holds a 100% interest in the Rostov oil field in Russia.
Dynamic pricing bij Europese fuel retailers — operationeel model, impact en LUKOIL-implementatiemodel	LUKOIL heeft een belang van 100% in het Sachalin Oblast-olieveld in Rusland.	LUKOIL holds a 100% interest in the Sakhalin Oblast oil field in Russia.
Dynamic pricing bij Europese fuel retailers — operationeel model, impact en LUKOIL-implementatiemodel	LUKOIL heeft een belang van 100% in het Sachalin-olieveld in Rusland.	LUKOIL holds a 100% interest in the Sakhalin oil field in Russia.
Dynamic pricing bij Europese fuel retailers — operationeel model, impact en LUKOIL-implementatiemodel	LUKOIL heeft een belang van 100% in het Samara Oblast-olieveld in Rusland.	LUKOIL holds a 100% interest in the Samara Oblast oil field in Russia.
Dynamic pricing bij Europese fuel retailers — operationeel model, impact en LUKOIL-implementatiemodel	LUKOIL heeft een belang van 100% in het Samara-olieveld in Rusland.	LUKOIL holds a 100% interest in the Samara oil field in Russia.
Dynamic pricing bij Europese fuel retailers — operationeel model, impact en LUKOIL-implementatiemodel	LUKOIL heeft een belang van 100% in het Saratov Oblast-olieveld in Rusland.	LUKOIL holds a 100% interest in the Saratov Oblast oil field in Russia.
Dynamic pricing bij Europese fuel retailers — operationeel model, impact en LUKOIL-implementatiemodel	LUKOIL heeft een belang van 100% in het Saratov-olieveld in Rusland.	LUKOIL holds a 100% interest in the Saratov oil field in Russia.
Dynamic pricing bij Europese fuel retailers — operationeel model, impact en LUKOIL-implementatiemodel	LUKOIL heeft een belang van 100% in het Sevastopol-olieveld in Rusland.	LUKOIL holds a 100% interest in the Sevastopol oil field in Russia.
Dynamic pricing bij Europese fuel retailers — operationeel model, impact en LUKOIL-implementatiemodel	LUKOIL heeft een belang van 100% in het Sint-Petersburg-olieveld in Rusland.	LUKOIL holds a 100% interest in the St. Petersburg oil field in Russia.
Dynamic pricing bij Europese fuel retailers — operationeel model, impact en LUKOIL-implementatiemodel	LUKOIL heeft een belang van 100% in het Smolensk Oblast-olieveld in Rusland.	LUKOIL holds a 100% interest in the Smolensk Oblast oil field in Russia.
Dynamic pricing bij Europese fuel retailers — operationeel model, impact en LUKOIL-implementatiemodel	LUKOIL heeft een belang van 100% in het Smolensk-olieveld in Rusland.	LUKOIL holds a 100% interest in the Smolensk oil field in Russia.
Dynamic pricing bij Europese fuel retailers — operationeel model, impact en LUKOIL-implementatiemodel	LUKOIL heeft een belang van 100% in het Stavropol Krai-olieveld in Rusland.	LUKOIL holds a 100% interest in the Stavropol Krai oil field in Russia.
Dynamic pricing bij Europese fuel retailers — operationeel model, impact en LUKOIL-implementatiemodel	LUKOIL heeft een belang van 100% in het Stavropol-olieveld in Rusland.	LUKOIL holds a 100% interest in the Stavropol oil field in Russia.
Dynamic pricing bij Europese fuel retailers — operationeel model, impact en LUKOIL-implementatiemodel	LUKOIL heeft een belang van 100% in het Sverdlovsk Oblast-olieveld in Rusland.	LUKOIL holds a 100% interest in the Sverdlovsk Oblast oil field in Russia.
Dynamic pricing bij Europese fuel retailers — operationeel model, impact en LUKOIL-implementatiemodel	LUKOIL heeft een belang van 100% in het Sverdlovsk-olieveld in Rusland.	LUKOIL holds a 100% interest in the Sverdlovsk oil field in Russia.
Dynamic pricing bij Europese fuel retailers — operationeel model, impact en LUKOIL-implementatiemodel	LUKOIL heeft een belang van 100% in het Tambov Oblast-olieveld in Rusland.	LUKOIL holds a 100% interest in the Tambov Oblast oil field in Russia.
Dynamic pricing bij Europese fuel retailers — operationeel model, impact en LUKOIL-implementatiemodel	LUKOIL heeft een belang van 100% in het Tambov-olieveld in Rusland.	LUKOIL holds a 100% interest in the Tambov oil field in Russia.
Dynamic pricing bij Europese fuel retailers — operationeel model, impact en LUKOIL-implementatiemodel	LUKOIL heeft een belang van 100% in het Tatarstan-olieveld in Rusland.	LUKOIL holds a 100% interest in the Tatarstan oil field in Russia.
Dynamic pricing bij Europese fuel retailers — operationeel model, impact en LUKOIL-implementatiemodel	LUKOIL heeft een belang van 100% in het Tjoemen Oblast-olieveld in Rusland.	LUKOIL holds a 100% interest in the Tyumen Oblast oil field in Russia.
Dynamic pricing bij Europese fuel retailers — operationeel model, impact en LUKOIL-implementatiemodel	LUKOIL heeft een belang van 100% in het Tjoemen-olieveld in Rusland.	LUKOIL holds a 100% interest in the Tyumen oil field in Russia.
Dynamic pricing bij Europese fuel retailers — operationeel model, impact en LUKOIL-implementatiemodel	LUKOIL heeft een belang van 100% in het Toela Oblast-olieveld in Rusland.	LUKOIL holds a 100% interest in the Tula Oblast oil field in Russia.
Dynamic pricing bij Europese fuel retailers — operationeel model, impact en LUKOIL-implementatiemodel	LUKOIL heeft een belang van 100% in het Toela-olieveld in Rusland.	LUKOIL holds a 100% interest in the Tula oil field in Russia.
Dynamic pricing bij Europese fuel retailers — operationeel model, impact en LUKOIL-implementatiemodel	LUKOIL heeft een belang van 100% in het Toeva-olieveld in Rusland.	LUKOIL holds a 100% interest in the Tuva oil field in Russia.
Dynamic pricing bij Europese fuel retailers — operationeel model, impact en LUKOIL-implementatiemodel	LUKOIL heeft een belang van 100% in het Tomsk Oblast-olieveld in Rusland.	LUKOIL holds a 100% interest in the Tomsk Oblast oil field in Russia.
Dynamic pricing bij Europese fuel retailers — operationeel model, impact en LUKOIL-implementatiemodel	LUKOIL heeft een belang van 100% in het Tomsk-olieveld in Rusland.	LUKOIL holds a 100% interest in the Tomsk oil field in Russia.
Dynamic pricing bij Europese fuel retailers — operationeel model, impact en LUKOIL-implementatiemodel	LUKOIL heeft een belang van 100% in het Transbaikal Krai-olieveld in Rusland.	LUKOIL holds a 100% interest in the Transbaikal Krai oil field in Russia.
Dynamic pricing bij Europese fuel retailers — operationeel model, impact en LUKOIL-implementatiemodel	LUKOIL heeft een belang van 100% in het Transbaikal-olieveld in Rusland.	LUKOIL holds a 100% interest in the Transbaikal oil field in Russia.
Dynamic pricing bij Europese fuel retailers — operationeel model, impact en LUKOIL-implementatiemodel	LUKOIL heeft een belang van 100% in het Tsjeljabinsk Oblast-olieveld in Rusland.	LUKOIL holds a 100% interest in the Chelyabinsk Oblast oil field in Russia.
Dynamic pricing bij Europese fuel retailers — operationeel model, impact en LUKOIL-implementatiemodel	LUKOIL heeft een belang van 100% in het Tsjeljabinsk-olieveld in Rusland.	LUKOIL holds a 100% interest in the Chelyabinsk oil field in Russia.
Dynamic pricing bij Europese fuel retailers — operationeel model, impact en LUKOIL-implementatiemodel	LUKOIL heeft een belang van 100% in het Tsjetsjenië-olieveld in Rusland.	LUKOIL holds a 100% interest in the Chechnya oil field in Russia.
Dynamic pricing bij Europese fuel retailers — operationeel model, impact en LUKOIL-implementatiemodel	LUKOIL heeft een belang van 100% in het Tsjoekotka Autonome Okroeg-olieveld in Rusland.	LUKOIL holds a 100% interest in the Chukotka Autonomous Okrug oil field in Russia.
Dynamic pricing bij Europese fuel retailers — operationeel model, impact en LUKOIL-implementatiemodel	LUKOIL heeft een belang van 100% in het Tsjoekotka-olieveld in Rusland.	LUKOIL holds a 100% interest in the Chukotka oil field in Russia.
Dynamic pricing bij Europese fuel retailers — operationeel model, impact en LUKOIL-implementatiemodel	LUKOIL heeft een belang van 100% in het Tsjoevasjië-olieveld in Rusland.	LUKOIL holds a 100% interest in the Chuvashia oil field in Russia.
Dynamic pricing bij Europese fuel retailers — operationeel model, impact en LUKOIL-implementatiemodel	LUKOIL heeft een belang van 100% in het Tver Oblast-olieveld in Rusland.	LUKOIL holds a 100% interest in the Tver Oblast oil field in Russia.
Dynamic pricing bij Europese fuel retailers — operationeel model, impact en LUKOIL-implementatiemodel	LUKOIL heeft een belang van 100% in het Tver-olieveld in Rusland.	LUKOIL holds a 100% interest in the Tver oil field in Russia.
Dynamic pricing bij Europese fuel retailers — operationeel model, impact en LUKOIL-implementatiemodel	LUKOIL heeft een belang van 100% in het Ukhta-olieveld in Rusland.	LUKOIL holds a 100% interest in the Ukhta oil field in Russia.
Dynamic pricing bij Europese fuel retailers — operationeel model, impact en LUKOIL-implementatiemodel	LUKOIL heeft een belang van 100% in het Uray-olieveld in Rusland.	LUKOIL holds a 100% interest in the Uray oil field in Russia.
Dynamic pricing bij Europese fuel retailers — operationeel model, impact en LUKOIL-implementatiemodel	LUKOIL heeft een belang van 100% in het Usinskoye-olieveld in Rusland.	LUKOIL holds a 100% interest in the Usinskoye oil field in Russia.
Dynamic pricing bij Europese fuel retailers — operationeel model, impact en LUKOIL-implementatiemodel	LUKOIL heeft een belang van 100% in het Vankor-olieveld in Rusland.	LUKOIL holds a 100% interest in the Vankor oil field in Russia.
Dynamic pricing bij Europese fuel retailers — operationeel model, impact en LUKOIL-implementatiemodel	LUKOIL heeft een belang van 100% in het Vladimir Oblast-olieveld in Rusland.	LUKOIL holds a 100% interest in the Vladimir Oblast oil field in Russia.
Dynamic pricing bij Europese fuel retailers — operationeel model, impact en LUKOIL-implementatiemodel	LUKOIL heeft een belang van 100% in het Vladimir-olieveld in Rusland.	LUKOIL holds a 100% interest in the Vladimir oil field in Russia.
Dynamic pricing bij Europese fuel retailers — operationeel model, impact en LUKOIL-implementatiemodel	LUKOIL heeft een belang van 100% in het Volgograd Oblast-olieveld in Rusland.	LUKOIL holds a 100% interest in the Volgograd Oblast oil field in Russia.
Dynamic pricing bij Europese fuel retailers — operationeel model, impact en LUKOIL-implementatiemodel	LUKOIL heeft een belang van 100% in het Volgograd-olieveld in Rusland.	LUKOIL holds a 100% interest in the Volgograd oil field in Russia.
Dynamic pricing bij Europese fuel retailers — operationeel model, impact en LUKOIL-implementatiemodel	LUKOIL heeft een belang van 100% in het Vologda Oblast-olieveld in Rusland.	LUKOIL holds a 100% interest in the Vologda Oblast oil field in Russia.
Dynamic pricing bij Europese fuel retailers — operationeel model, impact en LUKOIL-implementatiemodel	LUKOIL heeft een belang van 100% in het Vologda-olieveld in Rusland.	LUKOIL holds a 100% interest in the Vologda oil field in Russia.
Dynamic pricing bij Europese fuel retailers — operationeel model, impact en LUKOIL-implementatiemodel	LUKOIL heeft een belang van 100% in het Voronezj Oblast-olieveld in Rusland.	LUKOIL holds a 100% interest in the Voronezh Oblast oil field in Russia.
Dynamic pricing bij Europese fuel retailers — operationeel model, impact en LUKOIL-implementatiemodel	LUKOIL heeft een belang van 100% in het Voronezj-olieveld in Rusland.	LUKOIL holds a 100% interest in the Voronezh oil field in Russia.
Dynamic pricing bij Europese fuel retailers — operationeel model, impact en LUKOIL-implementatiemodel	LUKOIL heeft een belang van 100% in het Yaregskoye-olieveld in Rusland.	LUKOIL holds a 100% interest in the Yaregskoye oil field in Russia.
Dynamic pricing bij Europese fuel retailers — operationeel model, impact en LUKOIL-implementatiemodel	LUKOIL heeft een belang van 25% in het Condensgasveld van Kandym-Khauzak-Shady-Kungrad in Oezbekistan.	LUKOIL holds a 25% interest in the Kandym-Khauzak-Shady-Kungrad gas condensate field in Uzbekistan.
Dynamic pricing bij Europese fuel retailers — operationeel model, impact en LUKOIL-implementatiemodel	LUKOIL heeft een belang van 40% in het Shah Deniz-gascondensaatveld in Azerbeidzjan.	LUKOIL holds a 40% interest in the Shah Deniz gas condensate field in Azerbaijan.
Dynamic pricing bij Europese fuel retailers — operationeel model, impact en LUKOIL-implementatiemodel	LUKOIL heeft een belang van 50% in de West Qurna-2 olievelden in Irak.	LUKOIL holds a 50% interest in the West Qurna-2 oil fields in Iraq.
Dynamic pricing bij Europese fuel retailers — operationeel model, impact en LUKOIL-implementatiemodel	LUKOIL heeft een belang van 60% in het Gissar-project in Oezbekistan.	LUKOIL holds a 60% interest in the Gissar project in Uzbekistan.
Dynamic pricing bij Europese fuel retailers — operationeel model, impact en LUKOIL-implementatiemodel	LUKOIL heeft een belang van 80% in het offshore-blok van Meleiha in Egypte.	LUKOIL holds an 80% interest in the Meleiha offshore block in Egypt.
Dynamic pricing bij Europese fuel retailers — operationeel model, impact en LUKOIL-implementatiemodel	LUKOIL heeft een netwerk van meer dan 5.000 benzinestations.	LUKOIL operates a network of over 5,000 filling stations.
Dynamic pricing bij Europese fuel retailers — operationeel model, impact en LUKOIL-implementatiemodel	LUKOIL heeft raffinaderijen in vier landen.	LUKOIL operates refineries in four countries.
Dynamic pricing bij Europese fuel retailers — operationeel model, impact en LUKOIL-implementatiemodel	LUKOIL heeft zijn hoofdkantoor in Moskou.	LUKOIL is headquartered in Moscow.
Dynamic pricing bij Europese fuel retailers — operationeel model, impact en LUKOIL-implementatiemodel	LUKOIL is een van de grootste olie- en gasbedrijven ter wereld.	LUKOIL is one of the largest oil and gas companies in the world.
Dynamic pricing bij Europese fuel retailers — operationeel model, impact en LUKOIL-implementatiemodel	LUKOIL is een van de grootste particuliere olie- en gasbedrijven in termen van bewezen koolwaterstofreserves.	LUKOIL is one of the largest privately owned oil and gas companies in terms of proven hydrocarbon reserves.
Dynamic pricing bij Europese fuel retailers — operationeel model, impact en LUKOIL-implementatiemodel	LUKOIL is een van de grootste particuliere olie- en gasbedrijven in termen van koolwaterstofproductie.	LUKOIL is one of the largest privately owned oil and gas companies in terms of hydrocarbon production.
Dynamic pricing bij Europese fuel retailers — operationeel model, impact en LUKOIL-implementatiemodel	LUKOIL is een van de grootste particuliere olie- en gasbedrijven ter wereld.	LUKOIL is one of the largest privately owned oil and gas companies in the world.
Dynamic pricing bij Europese fuel retailers — operationeel model, impact en LUKOIL-implementatiemodel	LUKOIL is een van de grootste verticaal geïntegreerde bedrijven ter wereld.	LUKOIL is one of the world’s largest vertically integrated companies.
Dynamic pricing bij Europese fuel retailers — operationeel model, impact en LUKOIL-implementatiemodel	LUKOIL is genoteerd aan de London Stock Exchange.	LUKOIL is listed on the London Stock Exchange.
Dynamic pricing bij Europese fuel retailers — operationeel model, impact en LUKOIL-implementatiemodel	LUKOIL is genoteerd aan de Moscow Exchange.	LUKOIL is listed on the Moscow Exchange.
Dynamic pricing bij Europese fuel retailers — operationeel model, impact en LUKOIL-implementatiemodel	LUKOIL is genoteerd aan de OTCQX in de Verenigde Staten.	LUKOIL is listed on the OTCQX in the United States.
Dynamic pricing bij Europese fuel retailers — operationeel model, impact en LUKOIL-implementatiemodel	LUKOIL is goed voor meer dan 2% van de wereldwijde olieproductie.	LUKOIL accounts for over 2% of global oil production.
Dynamic pricing bij Europese fuel retailers — operationeel model, impact en LUKOIL-implementatiemodel	LUKOIL is goed voor ongeveer 1% van de bewezen koolwaterstofreserves wereldwijd.	LUKOIL accounts for about 1% of the world’s proven hydrocarbon reserves.
Dynamic pricing bij Europese fuel retailers — operationeel model, impact en LUKOIL-implementatiemodel	LUKOIL is in 1991 opgericht.	LUKOIL was established in 1991.
Dynamic pricing bij Europese fuel retailers — operationeel model, impact en LUKOIL-implementatiemodel	LUKOIL is ontstaan uit de fusie van drie staatsbedrijven in West-Siberië.	LUKOIL was formed by merging three state-run enterprises located in western Siberia.
Dynamic pricing bij Europese fuel retailers — operationeel model, impact en LUKOIL-implementatiemodel	LUKOIL is opgericht door Vagit Alekperov.	It was founded by Vagit Alekperov.
Dynamic pricing bij Europese fuel retailers — operationeel model, impact en LUKOIL-implementatiemodel	LUKOIL kan met haar geprepareerde AI direct de vruchten plukken van de verlaagde mededingingsdruk op prijzenslagen in Duitsland.	LUKOIL kan met haar geprepareerde AI direct de vruchten plukken van deze verlaagde mededingingsdruk op prijzenslagen.
Dynamic pricing bij Europese fuel retailers — operationeel model, impact en LUKOIL-implementatiemodel	LUKOIL mag de wettelijke maximumprijs in België en Luxemburg op geen enkel moment van de dag overschrijden.	LUKOIL mag deze wettelijke maximumprijs op geen enkel moment van de dag overschrijden.
Dynamic pricing bij Europese fuel retailers — operationeel model, impact en LUKOIL-implementatiemodel	LUKOIL verkocht zijn internationale operaties aan Gunvor Group na nieuwe Amerikaanse sancties.	LUKOIL verkocht zijn internationale operaties aan Gunvor Group na nieuwe US-sancties die buitenlandse bedrijven verplichtten de banden met Russische oliemajors te doorsnijden, wat vragen opriep over de toekomst van de LUKOIL-stations in België en Nederland.
Dynamic pricing bij Europese fuel retailers — operationeel model, impact en LUKOIL-implementatiemodel	LUKOIL-grenslocaties zijn de directe begunstigden van cross-border tanken.	LUKOIL-grenslocaties zijn de directe begunstigden.
Dynamic pricing bij Europese fuel retailers — operationeel model, impact en LUKOIL-implementatiemodel	LUKOIL's Close2U-app belooft klanten altijd brandstof aan de voordeligste prijs in hun buurt aan te bieden.	LUKOIL's Close2U-app belooft klanten altijd brandstof aan de voordeligste prijs in hun buurt aan te bieden.
Dynamic pricing bij Europese fuel retailers — operationeel model, impact en LUKOIL-implementatiemodel	LUKOIL's strategische positie nabij de Belgisch-Nederlandse grens maakt het een voorkeurkeuze voor Nederlandse rijders.	LUKOIL's strategische positie nabij de Belgisch-Nederlandse grens maakt het een voorkeurkeuze voor Nederlandse rijders.
Dynamic pricing bij Europese fuel retailers — operationeel model, impact en LUKOIL-implementatiemodel	LUKOIL-stations in de BeNeLux worden beleverd vanuit de Zeeland Refinery, waar LUKOIL een 45%-belang heeft.	228 LUKOIL-stations in BeNeLux (180 in België, 46 in Nederland, 2 in Luxemburg), beleverd vanuit de Zeeland Refinery waar LUKOIL een 45%-belang heeft.
Dynamic pricing bij Europese fuel retailers — operationeel model, impact en LUKOIL-implementatiemodel	Luxemburg heeft uniforme prijzen.	België heeft een dagelijks prijsplafond, Luxemburg uniforme prijzen, en Duitsland heeft per april 2026 een eén-keer-per-dag-verhogingsregel ingevoerd.
Dynamic pricing bij Europese fuel retailers — operationeel model, impact en LUKOIL-implementatiemodel	Marktmarges in Duitsland zijn dankzij KPAnG direct gestegen.	Uit de kortetermijndata blijkt dat marktmarges in Duitsland dankzij KPAnG direct gestegen zijn (de stilzwijgende coördinatie is groter geworden nu niemand nog willekeurig prijzen kan stuwen gedurende de namiddag).
Dynamic pricing bij Europese fuel retailers — operationeel model, impact en LUKOIL-implementatiemodel	Meer transparantie leidt tot snellere prijsgelijkschakeling.	meer transparantie leidt tot snellere prijsgelijkschakeling, wat differentiatie op fuelprijs elimineert en de strategische waarde van shop/service-differentiatie verhoogt.
Dynamic pricing bij Europese fuel retailers — operationeel model, impact en LUKOIL-implementatiemodel	Meerdere Europese landen hebben transparantiereguleringen ingevoerd om brandstofprijzen te stabiliseren en te verlagen.	Meerdere Europese landen hebben transparantiereguleringen ingevoerd om brandstofprijzen te stabiliseren en te verlagen door markttransparantie te vergroten.
Dynamic pricing bij Europese fuel retailers — operationeel model, impact en LUKOIL-implementatiemodel	Meerdere Europese landen hebben transparantiereguleringen ingevoerd om intensievere concurrentie te stimuleren.	Meerdere Europese landen hebben transparantiereguleringen ingevoerd om door markttransparantie intensievere concurrentie te stimuleren.
Dynamic pricing bij Europese fuel retailers — operationeel model, impact en LUKOIL-implementatiemodel	Naarmate MTS-K-achtige transparantiesystemen breder worden, verdwijnt de informatievoorsprong van stations bij brandstofprijzen.	Naarmate MTS-K-achtige transparantiesystemen breder worden, verdwijnt de informatievoorsprong van stations bij fuel pricing.
Dynamic pricing bij Europese fuel retailers — operationeel model, impact en LUKOIL-implementatiemodel	Nederland behoort tot de toplanden wereldwijd met de hoogste benzineprijzen.	Dit plaatst Nederland bij de toplanden wereldwijd met de hoogste benzineprijzen.
Dynamic pricing bij Europese fuel retailers — operationeel model, impact en LUKOIL-implementatiemodel	Nederland heeft de minst beperkende prijsregulering in de BeNeLux.	Nederland heeft de minst beperkende prijsregulering in de BeNeLux — en tevens de hoogste pomprijzen: €2,297/L voor benzine in juli 2026.
Dynamic pricing bij Europese fuel retailers — operationeel model, impact en LUKOIL-implementatiemodel	Nederland is de enige BeNeLux-markt waar dynamische brandstofprijzen legaal en strategisch zinvol zijn.	Nederland is de enige BeNeLux-markt waar fuel dynamic pricing legaal en strategisch zinvol is.
Dynamic pricing bij Europese fuel retailers — operationeel model, impact en LUKOIL-implementatiemodel	Nederland is de vrijste markt, maar heeft ook de sterkste prijsgevoeligheid.	Nederland: Vrijste markt maar ook sterkste prijsgevoeligheid (consumenten tanken over de grens).
Dynamic pricing bij Europese fuel retailers — operationeel model, impact en LUKOIL-implementatiemodel	Nederland is theoretisch het meest aantrekkelijk voor competitieve dynamische brandstofprijzen.	Dit maakt Nederland theoretisch het meest aantrekkelijk voor competitive fuel dynamic pricing — er is geen wettelijke maximumprijs en het prijsverschil met buurlanden (met name België) is extreem groot.
Dynamic pricing bij Europese fuel retailers — operationeel model, impact en LUKOIL-implementatiemodel	Nederlandse brandstof is aanzienlijk duurder dan Duitse brandstof.	Nederlands brandstof is aanzienlijk duurder; vul eerst in Duitsland bij.
Dynamic pricing bij Europese fuel retailers — operationeel model, impact en LUKOIL-implementatiemodel	Nederlandse pompstations meldden 10–20% omzetdalingen door grensoverschrijdend tanken naar België.	Nederlandse pompstations meldden 10–20% omzetdalingen door cross-border tanken naar België.
Dynamic pricing bij Europese fuel retailers — operationeel model, impact en LUKOIL-implementatiemodel	Nederlandse pompstations meldden omzetdalingen van 10 tot 20% in recente weken door grensoverschrijdend tanken.	Nederlandse pompstations meldden omzetdalingen van 10 tot 20% in recente weken.
Dynamic pricing bij Europese fuel retailers — operationeel model, impact en LUKOIL-implementatiemodel	Neerwaartse prijzen zijn onbeperkt toegestaan in alle markten.	De strategische waarde van fuel-side dynamic pricing is beperkt tot competitief-reactieve neerwaartse prijzen (onbeperkt toegestaan in alle markten) en is het sterkst in Nederland (geen cap, vrijste markt).
Dynamic pricing bij Europese fuel retailers — operationeel model, impact en LUKOIL-implementatiemodel	Nettomarges op brandstof voor retailers wereldwijd liggen in reguliere marktomstandigheden op slechts circa 2 dollarcent per gallon (ongeveer 0,5 eurocent per liter).	in reguliere marktomstandigheden liggen de nettomarges op brandstof voor retailers wereldwijd op slechts circa 2 dollarcent per gallon (ofwel ~0,5 eurocent per liter).
Dynamic pricing bij Europese fuel retailers — operationeel model, impact en LUKOIL-implementatiemodel	OK Benzin in Denemarken gebruikt a2i Systems (PriceCast) en Delfi ESL.	OK Benzin (Denemarken) Technologie: a2i Systems (de PriceCast module, in 2024 geacquireerd door Dow Jones/OPIS en actief op meer dan 12.500 locaties wereldwijd) en Delfi ESL.
Dynamic pricing bij Europese fuel retailers — operationeel model, impact en LUKOIL-implementatiemodel	OK Benzin past dynamic pricing toe op Euro 95, Diesel en convenience-artikelen.	Euro 95, Diesel en convenience-artikelen.
Dynamic pricing bij Europese fuel retailers — operationeel model, impact en LUKOIL-implementatiemodel	OK Benzin past prijzen meerdere malen per dag aan de pomp aan, reagerend op ochtend- en middagpatronen.	Meerdere malen per dag aan de pomp (sterk reagerend op ochtend- en middagpatronen), en realtime in de shop.
Dynamic pricing bij Europese fuel retailers — operationeel model, impact en LUKOIL-implementatiemodel	OK Benzin past prijzen realtime aan in de shop.	Meerdere malen per dag aan de pomp (sterk reagerend op ochtend- en middagpatronen), en realtime in de shop.
Dynamic pricing bij Europese fuel retailers — operationeel model, impact en LUKOIL-implementatiemodel	OK Benzin's algoritmes zijn getraind op historische afzet, loyaliteitsdata en directe prijzen van nabije concurrenten.	Algoritmische leermodellen getraind op historische afzet, loyaliteitsdata en de directe prijzen op de fysieke borden van nabije concurrenten.
Dynamic pricing bij Europese fuel retailers — operationeel model, impact en LUKOIL-implementatiemodel	Om 12:00 uur vindt een abrupte prijsstijging plaats.	waarna om 12:00 uur een abrupte prijsstijging plaatsvindt die gedurende de namiddag weer stapsgewijs afkalft.
Dynamic pricing bij Europese fuel retailers — operationeel model, impact en LUKOIL-implementatiemodel	Oostenrijk gebruikt dit soort regulering al sinds 2011.	Oostenrijk gebruikt dit soort regulering al sinds 2011.
Dynamic pricing bij Europese fuel retailers — operationeel model, impact en LUKOIL-implementatiemodel	Oostenrijk is de meest gedocumenteerde Europese testcase voor regulering van de frequentie van brandstofprijzen.	Oostenrijk is het meest gedocumenteerde Europese testcase voor fuel price-frequentieregulering.
Dynamic pricing bij Europese fuel retailers — operationeel model, impact en LUKOIL-implementatiemodel	Oostenrijkse brandstofprijsregulering lijkt effectief voor benzine, maar vereist verdere verfijning voor diesel.	Oostenrijks fuel price-regulering lijkt effectief voor benzine maar vereist verdere verfijning voor diesel.
Dynamic pricing bij Europese fuel retailers — operationeel model, impact en LUKOIL-implementatiemodel	Op 1 april 2026 is de *Kraftstoffanpassungsgesetz (KPAnG)* in Duitsland in werking getreden.	Op 1 april 2026 is de *Kraftstoffanpassungsgesetz (KPAnG)* in werking getreden.
Dynamic pricing bij Europese fuel retailers — operationeel model, impact en LUKOIL-implementatiemodel	Op rurale monopolie-locaties functioneren lokaal gepositioneerde maximumprijzen reeds optimaal zonder software.	lokaal gepositioneerde maximumprijzen functioneren hier zonder software reeds optimaal.
Dynamic pricing bij Europese fuel retailers — operationeel model, impact en LUKOIL-implementatiemodel	Operators die AI-oplossingen hebben geïmplementeerd zien 10–20% verbeteringen in totale winstgevendheid.	Operators die AI-oplossingen hebben geïmplementeerd zien reeds 10–20% verbeteringen in totale winstgevendheid.
Dynamic pricing bij Europese fuel retailers — operationeel model, impact en LUKOIL-implementatiemodel	Over 126 stations bedraagt de totale optimistische impact €3,1–€5,7 miljoen per jaar.	Over 126 stations (NL+BE rollout)	€3,1–€5,7 mln/jaar
Dynamic pricing bij Europese fuel retailers — operationeel model, impact en LUKOIL-implementatiemodel	Over 80 stations bedraagt de totale conservatieve impact €800K–€1,3 miljoen per jaar.	Over 80 stations (rollout)	€800K–€1,3 mln/jaar
Dynamic pricing bij Europese fuel retailers — operationeel model, impact en LUKOIL-implementatiemodel	Overtredingen van de KPAnG kunnen resulteren in bestuursrechtelijke boetes tot 100.000 euro.	Overtredingen kunnen resulteren in bestuursrechtelijke boetes tot 100.000 euro.
Dynamic pricing bij Europese fuel retailers — operationeel model, impact en LUKOIL-implementatiemodel	PCI DSS-compliance is een internationale, verplichte veiligheidsnorm gericht op het beschermen van betalingsgegevens en creditcardinformatie van consumenten.	*(Definitie: Payment Card Industry Data Security Standard, een internationale, verplichte veiligheidsnorm gericht op het beschermen van de betalingsgegevens en creditcardinformatie van consumenten)*.
Dynamic pricing bij Europese fuel retailers — operationeel model, impact en LUKOIL-implementatiemodel	Pomprijzen in Duitsland waren 's ochtends het hoogst en 's avonds het laagst (Bundeskartellamt 2021).	Dit patroon verklaart waarom pomprijzen 's ochtends het hoogst en 's avonds het laagst zijn (Bundeskartellamt 2021).
Dynamic pricing bij Europese fuel retailers — operationeel model, impact en LUKOIL-implementatiemodel	Pomprijzen zijn 's ochtends het hoogst en 's avonds het laagst.	Dit patroon verklaart waarom pomprijzen 's ochtends het hoogst en 's avonds het laagst zijn.
Dynamic pricing bij Europese fuel retailers — operationeel model, impact en LUKOIL-implementatiemodel	Pompstations met winkels opereren op uiterst kleine marges.	Pompstations met winkels opereren op uiterst kleine marges waar kleine efficiëntieverbeteringen significant ROI-effect hebben.
Dynamic pricing bij Europese fuel retailers — operationeel model, impact en LUKOIL-implementatiemodel	Preem / ST1 in Scandinavië gebruikt Kalibrate AI software.	Kalibrate AI software.
Dynamic pricing bij Europese fuel retailers — operationeel model, impact en LUKOIL-implementatiemodel	Preem / ST1 past dynamic pricing toe op brandstof.	Brandstof.
Dynamic pricing bij Europese fuel retailers — operationeel model, impact en LUKOIL-implementatiemodel	Preem / ST1's data-inputs omvatten vraagverschuivingen ten opzichte van lokale concurrentie in dunbevolktere gebieden met lokale duopolies.	Vraagverschuivingen ten opzichte van lokale concurrentie in dunbevolktere gebieden met lokale duopolies.
Dynamic pricing bij Europese fuel retailers — operationeel model, impact en LUKOIL-implementatiemodel	Preem / ST1's frequentie van prijsaanpassingen is algoritmisch bepaald per fluctuatie.	Algoritmisch bepaald per fluctuatie.
Dynamic pricing bij Europese fuel retailers — operationeel model, impact en LUKOIL-implementatiemodel	Prijsverhogingen voor brandstof in Duitsland zijn wettelijk beperkt tot maximaal één keer per dag (om 12:00 uur).	prijsverhogingen voor brandstof zijn wettelijk beperkt tot maximaal één keer per dag (om 12:00 uur), wat de traditionele hoogfrequente prijsalgoritmes dwingt tot nieuwe, asymmetrische optimalisatiemodellen.
Dynamic pricing bij Europese fuel retailers — operationeel model, impact en LUKOIL-implementatiemodel	Prijsverlagingen blijven te allen tijde toegestaan in Duitsland.	Prijsverlagingen blijven te allen tijde toegestaan.
Dynamic pricing bij Europese fuel retailers — operationeel model, impact en LUKOIL-implementatiemodel	Prijsverlagingen in Duitsland blijven te allen tijde, onbeperkt toegestaan gedurende de rest van de dag.	Prijsverlagingen blijven te allen tijde, onbeperkt toegestaan gedurende de rest van de dag.
Dynamic pricing bij Europese fuel retailers — operationeel model, impact en LUKOIL-implementatiemodel	Prijsverlagingen zijn op elk moment toegestaan in Duitsland vanaf 1 april.	Vanaf 1 april mogen pompstations de prijs slechts eenmaal per dag verhogen, om 12:00 uur 's middags, terwijl prijsverlagingen op elk moment zijn toegestaan.
Dynamic pricing bij Europese fuel retailers — operationeel model, impact en LUKOIL-implementatiemodel	Prognoses zijn de meest gewenste locaties voor EV-laden.	Prognoses zijn de meest gewenste locaties voor EV-laden, terwijl Gilbarco Veeder-Root-onderzoek toonde dat Europese bestuurders 36% meer zouden betalen voor laden om een 5-minuten omrijden te vermijden.
Dynamic pricing bij Europese fuel retailers — operationeel model, impact en LUKOIL-implementatiemodel	Puur Europese, station-niveau kwantitatieve data over dynamische winkelprijzen zijn niet publiek beschikbaar in traceerbare primaire bronnen.	Puur Europese, station-niveau kwantitatieve data over dynamic shop pricing zijn niet publiek beschikbaar in traceerbare primaire bronnen.
Dynamic pricing bij Europese fuel retailers — operationeel model, impact en LUKOIL-implementatiemodel	Recent ADAC-onderzoek uit 2025, gebaseerd op meer dan 14.000 stations, toont aan dat het ochtend/avond-prijsverschil nog steeds zeer uitgesproken aanwezig was.	Recent ADAC-onderzoek gebaseerd op meer dan 14.000 stations toont aan dat dit ochtend/avond-patroon in 2025 nog steeds zeer uitgesproken aanwezig was.
Dynamic pricing bij Europese fuel retailers — operationeel model, impact en LUKOIL-implementatiemodel	Recente McKinsey-analyse toonde aan dat EV-rijders 45% meer kans hadden om de C-store te betreden dan degenen die tanken.	Recente McKinsey-analyse toonde aan dat EV-rijders 45% meer kans hadden om de C-store te betreden dan degenen die tanken, met 25% hogere uitgaven aan voedsel.
Dynamic pricing bij Europese fuel retailers — operationeel model, impact en LUKOIL-implementatiemodel	's Avonds is er weinig werkverkeer, waardoor consumenten prijsgevoeliger zijn.	's Avonds is er weinig werkverkeer, waardoor consumenten prijsgevoeliger zijn.
Dynamic pricing bij Europese fuel retailers — operationeel model, impact en LUKOIL-implementatiemodel	's Ochtends zijn forensen en bedrijven relatief prijsongevoelig.	's Ochtends zijn forensen en bedrijven relatief prijsongevoelig (werkgebonden vraag).
Dynamic pricing bij Europese fuel retailers — operationeel model, impact en LUKOIL-implementatiemodel	SaaS-fee kosten voor ESL-software variëren tussen $150 en $400 per winkel, per maand.	Er is sprake van SaaS-fee kosten die variëren tussen $150 en $400 per winkel, per maand.
Dynamic pricing bij Europese fuel retailers — operationeel model, impact en LUKOIL-implementatiemodel	SD-WAN is een virtuele netwerkarchitectuur waarbij centraal beheer via de cloud de dataversleuteling en routering aanstuurt, zonder fysieke datacentra per locatie.	*(Definitie: Software-Defined Wide Area Network, een virtuele netwerkarchitectuur waarbij centraal beheer via de cloud de dataversleuteling en routering aanstuurt, zonder de noodzaak van fysieke datacentra per locatie)*.
Dynamic pricing bij Europese fuel retailers — operationeel model, impact en LUKOIL-implementatiemodel	SD-WAN is strikt noodzakelijk om te voldoen aan PCI DSS-compliance.	Dit is strikt noodzakelijk om te voldoen aan **PCI DSS-compliance** *(Definitie: Payment Card Industry Data Security Standard, een internationale, verplichte veiligheidsnorm gericht op het beschermen van de betalingsgegevens en creditcardinformatie van consumenten)*.
Dynamic pricing bij Europese fuel retailers — operationeel model, impact en LUKOIL-implementatiemodel	Shell gebruikt algoritmische prijssoftware met diepe integraties van Kalibrate Location Intelligence & Pricing Cloud.	Algoritmische prijssoftware met diepe integraties van Kalibrate Location Intelligence & Pricing Cloud.
Dynamic pricing bij Europese fuel retailers — operationeel model, impact en LUKOIL-implementatiemodel	Shell gebruikt 'PriceLens' voor visuele concurrentie-tracking.	(Kalibrate Fuel Pricing Mobile met 'PriceLens' voor visuele concurrentie-tracking).
Dynamic pricing bij Europese fuel retailers — operationeel model, impact en LUKOIL-implementatiemodel	Shell past prijzen realtime of in gedefinieerde batches aan, aangestuurd via gecentraliseerde Cloud- of iPad-applicaties (Kalibrate Fuel Pricing Mobile met 'PriceLens').	Realtime of in gedefinieerde batches, aangestuurd via gecentraliseerde Cloud- of iPad-applicaties (Kalibrate Fuel Pricing Mobile met 'PriceLens' voor visuele concurrentie-tracking).
Dynamic pricing bij Europese fuel retailers — operationeel model, impact en LUKOIL-implementatiemodel	Shell's AI-optimalisatie is exclusief voor brandstof.	Exclusief Brandstof voor de AI-optimalisatie.
Dynamic pricing bij Europese fuel retailers — operationeel model, impact en LUKOIL-implementatiemodel	Shell's data-inputs omvatten verkeersstromen, macro-economische trends en inkoopprijsfluctuaties.	Verkeersstromen, macro-economische trends en inkoopprijsfluctuaties.
Dynamic pricing bij Europese fuel retailers — operationeel model, impact en LUKOIL-implementatiemodel	Shop/convenience dynamic pricing omvat AI-gestuurde prijsoptimalisatie op winkelproducten (dranken, snacks, warme maaltijden).	Shop/convenience dynamic pricing	AI-gestuurde prijsoptimalisatie op shopproducten (dranken, snacks, warme maaltijden)
Dynamic pricing bij Europese fuel retailers — operationeel model, impact en LUKOIL-implementatiemodel	Shop/convenience dynamic pricing wordt vroeg geadopteerd in het VK, Scandinavië en de VS.	Toepassingsgebied	Vroege adoptie VK, Scandinavië, VS
Dynamic pricing bij Europese fuel retailers — operationeel model, impact en LUKOIL-implementatiemodel	Shop-side dynamic pricing is de primaire onbegrensde marge-hefboom.	Shop-side dynamic pricing is de primaire onbegrensde margin-hefboom.
Dynamic pricing bij Europese fuel retailers — operationeel model, impact en LUKOIL-implementatiemodel	Sinds eind februari 2026 stegen de benzineprijzen in Duitsland met circa 25 cent.	Sinds eind februari 2026 stegen de benzineprijzen in Duitsland met circa 25 cent en diesel met tot 44 cent per liter.
Dynamic pricing bij Europese fuel retailers — operationeel model, impact en LUKOIL-implementatiemodel	Sinds eind februari 2026 stegen de dieselprijzen in Duitsland met tot 44 cent per liter.	Sinds eind februari 2026 stegen de benzineprijzen in Duitsland met circa 25 cent en diesel met tot 44 cent per liter.
Dynamic pricing bij Europese fuel retailers — operationeel model, impact en LUKOIL-implementatiemodel	Slechts 25% van de Europese bestuurders blijft in de auto tijdens het laden van een EV.	terwijl slechts 25% van de Europese bestuurders in de auto blijft terwijl de stekker in zit.
Dynamic pricing bij Europese fuel retailers — operationeel model, impact en LUKOIL-implementatiemodel	Slimme consumenten in Duitsland weten dat avondprijzen soms meerdere centen goedkoper zijn dan 's ochtends.	Slimme consumenten in Duitsland weten al lang dat avondprijzen soms meerdere centen goedkoper zijn dan 's ochtends — een fluctuatie die niets te maken heeft met de olieprijs zelf.
Dynamic pricing bij Europese fuel retailers — operationeel model, impact en LUKOIL-implementatiemodel	Software zoals EdgePetrol toont bij zijn Britse klanten (waaronder Bellinger) een algemene winsttoename van 18% door betere datavisibiliteit.	Software zoals EdgePetrol toont bij zijn Britse klanten (waaronder Bellinger) een algemene winsttoename van 18% door betere datavisibiliteit ten opzichte van concurrentie.
Dynamic pricing bij Europese fuel retailers — operationeel model, impact en LUKOIL-implementatiemodel	Specifieke dynamische prijsimplementaties van Nederlandse brandstofretailers (BP, Shell, TotalEnergies) op stationsniveau zijn niet traceerbaar in publieke primaire bronnen.	Specifieke dynamic pricing implementaties van Nederlandse fuel retailers (BP, Shell, TotalEnergies) op stationsniveau zijn niet traceerbaar in publieke primaire bronnen.
Dynamic pricing bij Europese fuel retailers — operationeel model, impact en LUKOIL-implementatiemodel	Specifieke ESL-adoptiecijfers bij Europese brandstofretailers op BeNeLux-stationsniveau zijn niet beschikbaar in publieke primaire bronnen.	Specifieke ESL-adoptiecijfers bij Europese fuel retailers (LUKOIL, Q8, TotalEnergies, Shell) op BeNeLux-stationsniveau zijn niet beschikbaar in publieke primaire bronnen.
Dynamic pricing bij Europese fuel retailers — operationeel model, impact en LUKOIL-implementatiemodel	Standaard kleine e-ink labels (2.13 inch) kosten $8 tot $12 per stuk.	Standaard kleine e-ink labels (2.13 inch) kosten $8 tot $12 per stuk.
Dynamic pricing bij Europese fuel retailers — operationeel model, impact en LUKOIL-implementatiemodel	Station-niveau P&L-impact voor individuele retailers als gevolg van het Oostenrijkse regime is niet traceerbaar via publieke bronnen.	Station-niveau P&L-impact voor individuele retailers als gevolg van het Oostenrijkse regime is niet traceerbaar via publieke bronnen.
Dynamic pricing bij Europese fuel retailers — operationeel model, impact en LUKOIL-implementatiemodel	Stations in België kunnen wel onder de maximumprijs opereren.	Stations kunnen wél onder de maximumprijs opereren — dit is de enige legale ruimte voor downward price competition.
Dynamic pricing bij Europese fuel retailers — operationeel model, impact en LUKOIL-implementatiemodel	Stations passen prijsdiscriminatie toe op dagdeelniveau.	Stations passen prijsdiscriminatie toe op dagdeelniveau.
Dynamic pricing bij Europese fuel retailers — operationeel model, impact en LUKOIL-implementatiemodel	Synthetisch controlonderzoek (Becker et al. 2021) toont aan dat benzineprijzen 23,4% lager lagen na het inwerkingtreden van de Fuel Price Fixing Act.	Synthetisch controlonderzoek (Becker et al. 2021) toont aan dat onmiddellijk na het inwerkingtreden van de Fuel Price Fixing Act de benzineprijzen 23,4% lager lagen dan de synthetische controle voorspelde.
Dynamic pricing bij Europese fuel retailers — operationeel model, impact en LUKOIL-implementatiemodel	Tanken is het goedkoopst in de late ochtend.	tanken is het goedkoopst in de late ochtend
Dynamic pricing bij Europese fuel retailers — operationeel model, impact en LUKOIL-implementatiemodel	Tankstations in Duitsland mogen hun brandstofprijzen slechts één keer per dag verhogen, op exact 12:00 uur 's middags.	Tankstations mogen hun brandstofprijzen slechts **één keer per dag** verhogen, met een verplicht, vast tijdstip dat is vastgesteld op exact 12:00 uur 's middags.
Dynamic pricing bij Europese fuel retailers — operationeel model, impact en LUKOIL-implementatiemodel	team energie (HEM) focust volledig op FMCG (Fast-Moving Consumer Goods).	Volledige focus op **FMCG** *(Fast-Moving Consumer Goods – een paraplubegrip voor verpakte consumptiegoederen met een hoge omzetsnelheid zoals snacks, dranken en rookwaren)*.
Dynamic pricing bij Europese fuel retailers — operationeel model, impact en LUKOIL-implementatiemodel	team energie (HEM) gebruikt tijdstip (avonduren t.o.v. supermarktopeningen), actuele weersomstandigheden en fysieke voorraad als data-inputs.	Tijdstip (avonduren ten opzichte van supermarktopeningen), actuele weersomstandigheden en fysieke voorraad.
Dynamic pricing bij Europese fuel retailers — operationeel model, impact en LUKOIL-implementatiemodel	team energie (HEM) in Duitsland gebruikt Panasonic en Delfi ESL, verbonden met Huth kassa- en ERP-systemen.	Panasonic en Delfi ESL (verbonden met Huth kassa- en ERP-systemen).
Dynamic pricing bij Europese fuel retailers — operationeel model, impact en LUKOIL-implementatiemodel	team energie (HEM) past prijzen realtime en geautomatiseerd aan op basis van dagdeel-regels.	Realtime en geautomatiseerd op basis van dagdeel-regels.
Dynamic pricing bij Europese fuel retailers — operationeel model, impact en LUKOIL-implementatiemodel	Toonaangevende retailers zoals OK Benzin, team energie, TotalEnergies, Shell, Preem, Lekkerland en onafhankelijke JET-dealers (zoals Bellinger) passen dynamische beprijzing succesvol toe.	Toonaangevende spelers zoals OK Benzin, team energie, TotalEnergies, Shell, Preem, Lekkerland en diverse onafhankelijke JET-dealers (zoals Bellinger) passen dynamische beprijzing succesvol toe.
Dynamic pricing bij Europese fuel retailers — operationeel model, impact en LUKOIL-implementatiemodel	TotalEnergies gebruikt eigen in-house AI platformen gecombineerd met modules van marktleider Kalibrate.	Eigen in-house AI platformen gecombineerd met modules van marktleider Kalibrate.
Dynamic pricing bij Europese fuel retailers — operationeel model, impact en LUKOIL-implementatiemodel	TotalEnergies optimaliseert prijzen dynamisch, afhankelijk van lokale wetgeving.	Dynamisch geoptimaliseerd, afhankelijk van lokale wetgeving.
Dynamic pricing bij Europese fuel retailers — operationeel model, impact en LUKOIL-implementatiemodel	TotalEnergies past dynamic pricing toe op brandstoffen, convenience store-assortiment en EV-laadinfrastructuur.	Brandstoffen, convenience store-assortiment, en recentelijk EV-laadinfrastructuur.
Dynamic pricing bij Europese fuel retailers — operationeel model, impact en LUKOIL-implementatiemodel	TotalEnergies' systemen scannen naar micro-marktevaluaties, lokale vraagelasticiteit en de posities van naburige stations.	Systemen scannen naar micro-marktevaluaties, lokale vraagelasticiteit en de posities van naburige stations.
Dynamic pricing bij Europese fuel retailers — operationeel model, impact en LUKOIL-implementatiemodel	Traditionele, statische prijsmodellen zijn niet langer toereikend door volatiliteit in inkoopprijzen, aangescherpte regelgeving en verschuivende consumentenvraag.	Geconfronteerd met structurele volatiliteit in inkoopprijzen, aangescherpte regelgeving en een verschuivende consumentenvraag, zijn traditionele, statische prijsmodellen niet langer toereikend.
Dynamic pricing bij Europese fuel retailers — operationeel model, impact en LUKOIL-implementatiemodel	Vagit Alekperov was een plaatsvervangend minister van de olie- en gasindustrie van de Sovjet-Unie.	Vagit Alekperov was a deputy minister of the Soviet Union's oil and gas industry.
Dynamic pricing bij Europese fuel retailers — operationeel model, impact en LUKOIL-implementatiemodel	Vanaf 1 april 2026 mogen tankstations de prijzen voor benzine en diesel nog maar één keer per dag, exact om 12:00 uur 's middags, verhogen.	Vanaf 1 april 2026 mogen tankstations de prijzen voor benzine en diesel nog maar één keer per dag, exact om 12:00 uur 's middags, verhogen.
Dynamic pricing bij Europese fuel retailers — operationeel model, impact en LUKOIL-implementatiemodel	Vanaf 1 april mogen pompstations in Duitsland de prijs slechts eenmaal per dag verhogen, om 12:00 uur 's middags.	Vanaf 1 april mogen pompstations de prijs slechts eenmaal per dag verhogen, om 12:00 uur 's middags, terwijl prijsverlagingen op elk moment zijn toegestaan.
Dynamic pricing bij Europese fuel retailers — operationeel model, impact en LUKOIL-implementatiemodel	Vanaf 1 januari 2026 is de accijnskorting in Nederland verminderd.	Vanaf 1 januari 2026 is de accijnskorting in Nederland verminderd, waardoor de benzineprijzen opnieuw zijn gestegen.
Dynamic pricing bij Europese fuel retailers — operationeel model, impact en LUKOIL-implementatiemodel	Vanaf 2026 zijn prijsverhogingen bij tankstations in Oostenrijk alleen nog toegestaan op maandag, woensdag en vrijdag om 12:00 uur.	prijsverhogingen bij tankstations alleen nog op maandag, woensdag en vrijdag om 12:00 uur.
Dynamic pricing bij Europese fuel retailers — operationeel model, impact en LUKOIL-implementatiemodel	Verlagingen van brandstofprijzen blijven altijd vrij in Oostenrijk.	Verlagingen blijven altijd vrij.
Dynamic pricing bij Europese fuel retailers — operationeel model, impact en LUKOIL-implementatiemodel	Volgens McKinsey-analyse levert een 1% verbetering in pricing een 8,7% stijging in operationele winst op.	Volgens McKinsey-analyse levert een 1% verbetering in pricing een 8,7% stijging in operationele winst op.
Dynamic pricing bij Europese fuel retailers — operationeel model, impact en LUKOIL-implementatiemodel	Voor omschakeling naar ESL dient men rekening te houden met circa 10 tot 20 betaalde trainingsuren per personeelslid.	Voor omschakeling dient men rekening te houden met circa 10 tot 20 betaalde trainingsuren per personeelslid.
Dynamic pricing bij Europese fuel retailers — operationeel model, impact en LUKOIL-implementatiemodel	Winkelautomatisering leidt tot $45.760 aan bespaarde manuren en foutreductie per jaar.	wat leidt tot $45.760 aan bespaarde manuren en foutreductie per jaar (een terugverdientijd van ~2,6 jaar).
Dynamic pricing bij Europese fuel retailers — operationeel model, impact en LUKOIL-implementatiemodel	Winkelautomatisering via Electronic Shelf Labels (ESL) levert een directe operationele tijdsbesparing op van circa 30 minuten per dag per tankstation.	Winkelautomatisering via Electronic Shelf Labels (ESL) levert een directe operationele tijdsbesparing op van circa 30 minuten per dag per tankstation, terwijl het flexibele margestrategieën in de avonduren faciliteert.
Dynamic pricing bij Europese fuel retailers — operationeel model, impact en LUKOIL-implementatiemodel	Winkelautomatisering via ESL faciliteert flexibele margestrategieën in de avonduren.	Winkelautomatisering via Electronic Shelf Labels (ESL) levert een directe operationele tijdsbesparing op van circa 30 minuten per dag per tankstation, terwijl het flexibele margestrategieën in de avonduren faciliteert.
Dynamic pricing bij Europese fuel retailers — operationeel model, impact en LUKOIL-implementatiemodel	Winkel-dynamische prijsresultaten zijn overdraagbaar als businesscase voor een Duitse markttoetreding.	Shop dynamic pricing-resultaten zijn overdraagbaar als business case voor DE-entry
Dynamic pricing bij Europese fuel retailers — operationeel model, impact en LUKOIL-implementatiemodel	Winkelproducten vallen buiten alle BeNeLux brandstofprijs-regelgeving.	Shopproducten vallen buiten alle BeNeLux fuel price-regelgeving
Dynamic pricing bij Europese fuel retailers — operationeel model, impact en LUKOIL-implementatiemodel	Winstmarges stijgen met 5–10% in sectoren die AI-gestuurde strategieën effectief inzetten.	De financiële impact van dynamic pricing is een belangrijke katalysator voor adoptie, waarbij winstmarges met 5–10% stijgen in sectoren die AI-gestuurde strategieën effectief inzetten.
Dynamic pricing bij Europese fuel retailers — operationeel model, impact en LUKOIL-implementatiemodel	Zeer basic monochrome ESL-labels zijn verkrijgbaar vanaf $5.	Zeer basic monochrome labels zijn er al voor $5, terwijl complexe varianten tot wel $50 of meer kunnen kosten.
Dynamic pricing bij Europese fuel retailers — operationeel model, impact en LUKOIL-implementatiemodel	Zonder ESL vereist elke prijswijziging fysieke herbeprinting, wat economisch onhaalbaar is bij hoge frequentie.	Zonder ESL vereist elke prijswijziging fysieke herbeprinting — economisch onhaalbaar bij hoge frequentie.
Koffiestrategieën van BeNeLux-petroliers — impact op verkoop, traffic en merkperceptie, en voorwaarden voor eigen koffiemerk	Acceptatie van een eigen petrolier-merk slaagt alleen door extreme kwaliteitsperceptie.	Acceptatie van een eigen petrolier-merk slaagt uitsluitend door extreme kwaliteitsperceptie: 100% Arabica, zichtbare duurzaamheidscertificeringen (Rainforest Alliance) en state-of-the-art bereidingsapparatuur die de barista-ervaring automatiseert.
Koffiestrategieën van BeNeLux-petroliers — impact op verkoop, traffic en merkperceptie, en voorwaarden voor eigen koffiemerk	Als een station er niet in slaagt om koffie fysiek te bundelen met snacks, gaat de impuls-aankoop (die 65% van de F&B verkopen behelst) verloren.	Als een station er niet in slaagt om koffie fysiek te bundelen met snacks, gaat de impuls-aankoop (die 65% van de F&B verkopen behelst) verloren [cite: 44].
Koffiestrategieën van BeNeLux-petroliers — impact op verkoop, traffic en merkperceptie, en voorwaarden voor eigen koffiemerk	Amazon's eigen 'Solimo' koffiecups presteerden faliekant onder en worstelden uiteindelijk.	Zelfs een gigant als Amazon zag zijn eigen 'Solimo' koffiecups faliekant onderpresteren en uiteindelijk worstelen, omdat het de consument geen unieke reden gaf om over te stappen van gevestigde merken [cite: 42].
Koffiestrategieën van BeNeLux-petroliers — impact op verkoop, traffic en merkperceptie, en voorwaarden voor eigen koffiemerk	Begin 2023 bereikte BP de mijlpaal van honderd AH to go-shops binnen BP-tankstations.	Begin 2023 bereikten zij de mijlpaal van honderd AH to go-shops binnen BP-tankstations.
Koffiestrategieën van BeNeLux-petroliers — impact op verkoop, traffic en merkperceptie, en voorwaarden voor eigen koffiemerk	België importeerde in 2023 nog steeds 12,8% van het totale groene koffie-volume in de EU.	België importeerde nog steeds 12,8% van het totale groene koffie-volume in de EU in 2023 en is het derde grootste importerende land; Nederland kanaliseerde 6,0% van de imports.
Koffiestrategieën van BeNeLux-petroliers — impact op verkoop, traffic en merkperceptie, en voorwaarden voor eigen koffiemerk	België is het derde grootste importerende land van groene koffie in de EU in 2023.	België importeerde nog steeds 12,8% van het totale groene koffie-volume in de EU in 2023 en is het derde grootste importerende land; Nederland kanaliseerde 6,0% van de imports.
Koffiestrategieën van BeNeLux-petroliers — impact op verkoop, traffic en merkperceptie, en voorwaarden voor eigen koffiemerk	Bemande Q8-stations bieden vaak een supermarkt, verse sandwiches of kwaliteitskoffie.	Bemande Q8-stations bieden vaak een supermarkt, verse sandwiches of kwaliteitskoffie.
Koffiestrategieën van BeNeLux-petroliers — impact op verkoop, traffic en merkperceptie, en voorwaarden voor eigen koffiemerk	Bij de keten 7-Eleven resulteerde een vaste-prijs ochtend-deal (koffie + snack) in een initiële omzetstijging van warme dranken van 1%.	Bij de keten 7-Eleven resulteerde een vaste-prijs ochtend-deal (koffie + snack) in een initiële omzetstijging van warme dranken van 1%, die in de weken daarna escaleerde naar een structurele volumegroei van 6,2% [cite: 29].
Koffiestrategieën van BeNeLux-petroliers — impact op verkoop, traffic en merkperceptie, en voorwaarden voor eigen koffiemerk	Bij Q8 kun je tanken, shoppen, laden, een koffie pakken en scannen en winnen.	Bij Q8 kun je tanken, shoppen, laden, een koffie pakken en nu ook scannen en winnen.
Koffiestrategieën van BeNeLux-petroliers — impact op verkoop, traffic en merkperceptie, en voorwaarden voor eigen koffiemerk	Bijna de helft van de dagelijkse koffieconsumptie door Gen Z is koud.	Bijna de helft van de dagelijkse koffieconsumptie door Gen Z is koud, en meer dan de helft hiervan vindt plaats in de namiddag/avond [cite: 33, 47].
Koffiestrategieën van BeNeLux-petroliers — impact op verkoop, traffic en merkperceptie, en voorwaarden voor eigen koffiemerk	BP (AH to go) biedt standaard (200ml) en large (300ml) volume-aanbod.	Standaard (200ml) & Large (300ml)
Koffiestrategieën van BeNeLux-petroliers — impact op verkoop, traffic en merkperceptie, en voorwaarden voor eigen koffiemerk	BP (AH to go) hanteert een retail partner strategie met convenience barista kwaliteitspositionering.	BP (AH to go)	Retail Partner	Convenience Barista
Koffiestrategieën van BeNeLux-petroliers — impact op verkoop, traffic en merkperceptie, en voorwaarden voor eigen koffiemerk	BP hanteert een partnerstrategie met Albert Heijn 'to go'.	BP: BP hanteert een partnerstrategie met Albert H [vertexaisearch.cloud.google.com](https://vertexaisearch.cloud.google.com/grounding-api-redirect/AUZIYQHRfLLiTSwUAXOSBAn5bnRRz-XwXa61qds71fU0WaZ5hh2RaK54hpdBOGlxhUrrnHflphf01pgRJAY-uEn_b0RNSIwD4kbfgK-YYzJbM6WQr2GxmgHdduO4IP4g5N8RmrI5zyvTevvfq8INiPiZibKHlO29zdLFAWlNbpN7F7WIUAEsm7iXhEzyQtU-MEemHOCvMtyr8f1QStoON7cCb8XGlX3WzzXhzVJ0XGLY7cywoskHFEir4fWEh0H8mLViS34AUQD9LZoQE5anqil2gg==) [vertexaisearch.cloud.google.com](https://vertexaisearch.cloud.google.com/grounding-api-redirect/AUZIYQFJdTAl9IBJbOBV6hJhWZUwf5sw3JB2-By9BIUBkpPCmp_OU9PJL0qlbyz0HJydAYUZ10HqJDk49XHR7nqJT1uJ27wwMxZpZkbMWN5YbOerISxuNkcqYanVbvFG8gZHctu0U95jQ_hteQmg41xvxk83kax_cTBXuclq0Rd2XzLZN1RssPEFXPohhD6zXQKKJui-0uoSsgYObXUmgrHRQ7pUF3NfifsK1jFDEsxBHEQyfk3hOP5PABE0jC8z0INMi2YklHG1IhK8m-UqEk9KqyJjMykCEA=) [vertexaisearch.cloud.google.com](https://vertexaisearch.cloud.google.com/grounding-api-redirect/AUZIYQEUnzVXRA4UC_Tne4jAGElB7Quw6KcRkZawaU34qzinZxAj4VAqLue8thMMz8mbkRiV3WEzRhPKfFd-K2lHsf6MNjHUNTBh8hZaZNUS5eWM0RwOej4gpC8uLe0gLdjdPHxI7CmaZA0bkVBIVOe5foRepcoYYIiE6aSEFctjdH1fmJPxvxuUHBTsaw==)eijn 'to go'.
Koffiestrategieën van BeNeLux-petroliers — impact op verkoop, traffic en merkperceptie, en voorwaarden voor eigen koffiemerk	BP heeft zijn BeNeLux-retailposities grotendeels afgebouwd via dealernetwerken.	BP heeft zijn BeNeLux-retailposities grotendeels afgebouwd via dealernetwerken.
Koffiestrategieën van BeNeLux-petroliers — impact op verkoop, traffic en merkperceptie, en voorwaarden voor eigen koffiemerk	BP zet nadrukkelijk in op barista-kwaliteit via handmatige pistonmachines.	BP zet nadrukkelijk in op barista-kwaliteit via handmatig [vertexaisearch.cloud.google.com](https://vertexaisearch.cloud.google.com/grounding-api-redirect/AUZIYQGyrLq2fmTkWkH4a7tW0lm6c_d0-RMhIhxVZRulWWuTwwO1ErV2Aqhm3WsbUBnNtdrUOXLdXTEL3SceSTXCid2BjHpyXpNWmpQS6R41_KO_iBDyK7P7lwcdGjmBvvRRKK_49VswDAxcsmXJCOL-09K6y9NWE1v7vS0jpdc4DMt43NuKAaoWvINiDXpeZpp7CPyWyYHEAb63ip90vcLlbvt9aDKgbv7Ml9oG4qLzTG8K)e pistonmachines.
Koffiestrategieën van BeNeLux-petroliers — impact op verkoop, traffic en merkperceptie, en voorwaarden voor eigen koffiemerk	Brandstof fungeert als verkeersaanjager, terwijl kwaliteitskoffie de primaire hefboom is geworden om marges te beschermen en shopverkeer te converteren.	Waar brandstof fungeert als verkeersaanjager, is kwaliteitskoffie de primaire hefboom geworden om marges te beschermen en shopverkeer te converteren.
Koffiestrategieën van BeNeLux-petroliers — impact op verkoop, traffic en merkperceptie, en voorwaarden voor eigen koffiemerk	Brandstof genereerde in 2023 67,3% van de omzet.	brandstof genereerde in 2023 weliswaar 67,3% van de omzet, maar nam slechts 38,6% van de winst voor zijn rekening.
Koffiestrategieën van BeNeLux-petroliers — impact op verkoop, traffic en merkperceptie, en voorwaarden voor eigen koffiemerk	Brandstof heeft decennia lang als anker gefunctioneerd en drijft bezoeken.	fuel heeft voor decennia als anker gefungeerd — het drijft bezoeken.
Koffiestrategieën van BeNeLux-petroliers — impact op verkoop, traffic en merkperceptie, en voorwaarden voor eigen koffiemerk	Brandstof nam in 2023 slechts 38,6% van de winst voor zijn rekening.	brandstof genereerde in 2023 weliswaar 67,3% van de omzet, maar nam slechts 38,6% van de winst voor zijn rekening.
Koffiestrategieën van BeNeLux-petroliers — impact op verkoop, traffic en merkperceptie, en voorwaarden voor eigen koffiemerk	Brandstofvolumes nemen af.	brandstofvolumes nemen af, EV-adoptie stijgt en foodserviceverkopen bij benzinestations zijn met 50% gestegen since 2020.
Koffiestrategieën van BeNeLux-petroliers — impact op verkoop, traffic en merkperceptie, en voorwaarden voor eigen koffiemerk	Brutomarges voor warme dranken liggen frequent boven de 66%.	Brutomarges voor warme dranken (hot dispensed beverages) li [vertexaisearch.cloud.google.com](https://vertexaisearch.cloud.google.com/grounding-api-redirect/AUZIYQFvp0aSsYtAlVg-f9iekn3s2MiF80MPgOo0UHJJyKw0xJWWTieJVJMrAZ8ylnX33KziMvjEDegaWd_M0emcMaCxS-K7wytpWGJe0GEP_MiDGFjE2j7gM8Xubw-M-xRnXTJHhVMml80NCbFP-xQSMDK_jF7DOfrZQs39OM3j)ggen zelfs nog hoger, frequent boven de 66%.
Koffiestrategieën van BeNeLux-petroliers — impact op verkoop, traffic en merkperceptie, en voorwaarden voor eigen koffiemerk	Café Bonjour functioneert als een café-merk dat toevallig in een tankstation staat.	Café Bonjour functioneert als een café-brand die toevallig in een tankstation staat.
Koffiestrategieën van BeNeLux-petroliers — impact op verkoop, traffic en merkperceptie, en voorwaarden voor eigen koffiemerk	Café Bonjour is specifiek voor BeNeLux ontwikkeld als een nieuw bakkerij/café-concept.	Volledig eigen sub-brand — Café Bonjour is TotalEnergies' internationale convenience- en foodservice-brand, voor BeNeLux specifiek ontwikkeld als nieuw bakery/café-concept.
Koffiestrategieën van BeNeLux-petroliers — impact op verkoop, traffic en merkperceptie, en voorwaarden voor eigen koffiemerk	Café Bonjour is TotalEnergies' internationale convenience- en foodservice-merk.	Volledig eigen sub-brand — Café Bonjour is TotalEnergies' internationale convenience- en foodservice-brand, voor BeNeLux specifiek ontwikkeld als nieuw bakery/café-concept.
Koffiestrategieën van BeNeLux-petroliers — impact op verkoop, traffic en merkperceptie, en voorwaarden voor eigen koffiemerk	Café Bonjour presenteert zich als een Frans geïnspireerd café.	Café Bonjour presenteert zich als een Frans geïnspireerd café dat kwaliteitsgebakjes, taarten en signature sandwiches aanbiedt.
Koffiestrategieën van BeNeLux-petroliers — impact op verkoop, traffic en merkperceptie, en voorwaarden voor eigen koffiemerk	CAPEX verwijst naar eenmalige kapitaalinvesteringen in apparatuur en shop-ombouw.	*(Contextuele definities: **CAPEX** verwijst naar eenmalige kapitaalinvesteringen in apparatuur en shop-ombouw. **OPEX** verwijst naar de doorlopende operationele kosten. Een eigen merk eist hogere CAPEX in ruil voor aanzienlijk lagere OPEX omdat dure licentiekosten aan A-merken wegvallen.)*
Koffiestrategieën van BeNeLux-petroliers — impact op verkoop, traffic en merkperceptie, en voorwaarden voor eigen koffiemerk	Centraal gedefinieerde blends elimineren kwaliteitsvariatie per station.	Centraal gedefinieerde blends elimineren kwaliteitsvariatie per station — een kritische faalfactor die hiermee wordt geadresseerd.
Koffiestrategieën van BeNeLux-petroliers — impact op verkoop, traffic en merkperceptie, en voorwaarden voor eigen koffiemerk	Circle K dringt via TotalEnergies-dealerlocaties de BeNeLux binnen.	Circle K dringt via TotalEnergies-dealerlocaties de BeNeLux binnen, wat de concurrentie op shopformules — inclusief koffie — optrekt.
Koffiestrategieën van BeNeLux-petroliers — impact op verkoop, traffic en merkperceptie, en voorwaarden voor eigen koffiemerk	Circle K hanteert een gedisciplineerd model waarbij koffie circa €3,50 kost en wordt aangeboden in een high-end zelfbedieningsconcept.	Circle K hanteert een gedisciplineerd [vertexaisearch.cloud.google.com](https://vertexaisearch.cloud.google.com/grounding-api-redirect/AUZIYQH3vc3Gc9j_8l16FK1nXox4jcKakHTnI4ZmDIxV-j3ScupzBwc10w3cDKeVPZDc5r6aSZyYCpSwxtPcPRrZMarEg_ubwUXTdolYIufr1dNlz0A-yXYj9BYf21EFVphxcYXLKC8=) [vertexaisearch.cloud.google.com](https://vertexaisearch.cloud.google.com/grounding-api-redirect/AUZIYQEzOU-OpU7rB9jFfggVKAjmj9ZyBXhJXm7lMTJjqFirWJHZiRQMvQm-104PRzhvjCELkxabg3HeAr-ufDx9IS2yvEMwIROZ1ewVgbne05iDIH-Ke03ukBs5z3obLhzmaHU52E-1cIeTSAdjxDQXltcQQVmtEPBDr26Zia20EOcTOGK-AnqgxRolWhSfYjQre1BJ6lDuvGHjp2ECHBcyW-Er6BpSQ-whXR-UXcS-jbE-NoLX56zS) model: koffie kost circa €3,50 en wordt aangeboden in een high-end zelfbedieningsconcept.
Koffiestrategieën van BeNeLux-petroliers — impact op verkoop, traffic en merkperceptie, en voorwaarden voor eigen koffiemerk	Circle K rolt in een agressief tempo zijn eigen merk uit.	In plaats van te leunen op externe p [vertexaisearch.cloud.google.com](https://vertexaisearch.cloud.google.com/grounding-api-redirect/AUZIYQHZFcnHgpm8ei98sgpYjcHhMDKrQekM5seejgFjD0-3rwxBoO9r7_88wR7wmorTh9hypQIu0pWOc3I3h2W_kS1zDDLPt-bLNWhWN0lhvfMpwDrHf17_hh8Fm6WL7QMmePqwjw8EDPQMu9K9DkReb_a3b0m_u4CRx-BP0a1mBI5tBPwEtl4CTD-rJGcPUyz--teOPc0=) [vertexaisearch.cloud.google.com](https://vertexaisearch.cloud.google.com/grounding-api-redirect/AUZIYQHTQFGjOKQIkr0Cw3gzLnzrepASz-eePRsr4j_FVeoSjhmvbpX1_4SPyzk9IYm5g9_uMg-Lsc6zWgJB0i__lz1K6MSjjOwiPqKPv-TbbqaoijSomRN4sKNpG3_GZXDH0_idbrgBkl16uo0pvLlQ3sCdjENoXtUT3dhEAfBSsqLGaso0xIfJsMSl6O8tF7mb1RWjVDdsZQM5jOZn) [vertexaisearch.cloud.google.com](https://vertexaisearch.cloud.google.com/grounding-api-redirect/AUZIYQF1CK6qrBH2CCokm7bH1YXRfMofWhqzCpQztxHfMCMmgAsvq-U6ORgfQM7nYPx3vSZ8Bd80_T3edKCXAnqH8Igi3WRF3UjAABDajPMWfaQhyRB-t7G_9X3rv9r4OySSHMgeBQRnPW-RhF_nNuzbj-ClFPi1QghJcOiupdKB68vojMYoulN-lDI=)artners, rolt Circle K in een agressief tempo zijn eigen merk uit.
Koffiestrategieën van BeNeLux-petroliers — impact op verkoop, traffic en merkperceptie, en voorwaarden voor eigen koffiemerk	Combo-deals stuwen de kassabon razendsnel van $7,80 naar $14,-.	Combo-deals stuwen de kassabon razendsnel van $7,80 naar $14,- [cite: 29, 32, 33].
Koffiestrategieën van BeNeLux-petroliers — impact op verkoop, traffic en merkperceptie, en voorwaarden voor eigen koffiemerk	Consumenten besteedden ongeveer 5% meer per bezoek in Q2 2025.	Het verschil werd gemaakt door hogere checks: consumenten besteedden ongeveer 5% meer per bezoek.
Koffiestrategieën van BeNeLux-petroliers — impact op verkoop, traffic en merkperceptie, en voorwaarden voor eigen koffiemerk	Consumenten die warme dranken kopen, vertonen een veel hogere neiging tot nevenaankopen.	Consumenten die warme dranken kopen, vertonen een veel hogere neiging tot nevenaankopen.
Koffiestrategieën van BeNeLux-petroliers — impact op verkoop, traffic en merkperceptie, en voorwaarden voor eigen koffiemerk	Consumenten hebben een meetbaar hogere betalingsbereidheid voor traceerbare, duurzame koffie.	Consumenten hebben een meetbaar hogere betalingsbereidheid voor traceerbare, duurzame koffie [cite: 39].
Koffiestrategieën van BeNeLux-petroliers — impact op verkoop, traffic en merkperceptie, en voorwaarden voor eigen koffiemerk	Consumenten lijden aan het 'Endowment-effect', een cognitieve bias waarbij mensen irrationeel veel meer waarde hechten aan producten die ze al kennen en vertrouwen.	Consumenten lijden aan het 'Endowment-effect': een cognitieve bias waarbij mensen irrationeel veel meer waarde hechten aan producten die ze al kennen en vertrouwen in vergelijking met nieuwe alternatieven [cite: 36].
Koffiestrategieën van BeNeLux-petroliers — impact op verkoop, traffic en merkperceptie, en voorwaarden voor eigen koffiemerk	Consumenten zijn bereid €4,50 te betalen voor een handgemaakte koffiespecialiteit bij Shell Café.	Waar consumenten bereid zijn €4,50 te betalen  [vertexaisearch.cloud.google.com](https://vertexaisearch.cloud.google.com/grounding-api-redirect/AUZIYQG0thgg_O8gZ5Dis2FPoLHwE8kj-eNwENVy5eQt7pbvRtm4WR_yAzJYF8z34CRkgAsSfdxmI-7BUEGOHR5i2jM1WiA5clYaITXLeQm79czTCQJbvESgOoRtkmbWKxBp6-UE0hHmWmCNmaeDoFqH3qeTA-D0Kcs0NyG5vcbo1gEFjzMCCIWVygmaEFBXhXdIWuN60aQJ) [vertexaisearch.cloud.google.com](https://vertexaisearch.cloud.google.com/grounding-api-redirect/AUZIYQFYI8ciJ4YK0hQnSBgGMXmSXZTLEIlIisowegaMO_-Sv7MtZ1e1nkXORwa-BOulpo41llcsIwoDuc_1DCg5P4IC0tQ3XwiknFdAjoFmI53thh7w6UKsVLpnGKi4nhLVeWoCvndXrudW48Gz2I-J6jbhk3FGF0emybco0-lUE3oIAzbpcRMQ5wZJoFLXTWlYq9O-nhUtHzWAVexQUFlYdjBXN8cn3w36XyeJrs-VNruq)voor een handgemaakte koffiespecialiteit, biedt Shell ook alternatieven rond de €3,00 via zelfbedieningsmachines om de prijsbewuste klant te bedienen.
Koffiestrategieën van BeNeLux-petroliers — impact op verkoop, traffic en merkperceptie, en voorwaarden voor eigen koffiemerk	Convenience retail presteert historisch goed in economische neergang.	Convenience retail presteert historisch goed in economische neergang: consumenten zoeken trade-offs voor duurdere gemakken zoals koffie en bereide voeding, zelfs als brandstofverbruik daalt.
Koffiestrategieën van BeNeLux-petroliers — impact op verkoop, traffic en merkperceptie, en voorwaarden voor eigen koffiemerk	C-stores concurreren fel op snelheid.	C-stores concurreren fel op snelheid.
Koffiestrategieën van BeNeLux-petroliers — impact op verkoop, traffic en merkperceptie, en voorwaarden voor eigen koffiemerk	Dagelijkse koffieconsumenten zijn de meest frequente C-store bezoekers, typisch 4-6 keer per week.	Sectorliteratuur toont consistent dat dagelijkse koffieconsumenten de meest frequente C-store bezoekers zijn — typisch 4–6× per week versus 1–2× voor niet-koffiekopers.
Koffiestrategieën van BeNeLux-petroliers — impact op verkoop, traffic en merkperceptie, en voorwaarden voor eigen koffiemerk	De actuele prijspuntindicatie voor cappuccino bij BP (AH to go) is €2,00, met een promo van €1,00.	€2,00 (Cappuccino) / €1,00 (Promo)
Koffiestrategieën van BeNeLux-petroliers — impact op verkoop, traffic en merkperceptie, en voorwaarden voor eigen koffiemerk	De actuele prijspuntindicatie voor Esso (EG Group) is €2,00 – €2,50.	€2,00 – €2,50
Koffiestrategieën van BeNeLux-petroliers — impact op verkoop, traffic en merkperceptie, en voorwaarden voor eigen koffiemerk	De actuele prijspuntindicatie voor Q8 (Shop&Go / Panos) is €3,50 – €4,50+.	€3,50 – €4,50+
Koffiestrategieën van BeNeLux-petroliers — impact op verkoop, traffic en merkperceptie, en voorwaarden voor eigen koffiemerk	De actuele prijspuntindicatie voor Shell (Shell Café) varieert van €3,00 tot €4,50, afhankelijk van barista/machine.	€3,00 – €4,50 (afh. van barista/machine)
Koffiestrategieën van BeNeLux-petroliers — impact op verkoop, traffic en merkperceptie, en voorwaarden voor eigen koffiemerk	De actuele prijspuntindicatie voor zwarte koffie/cappuccino bij TotalEnergies (Circle K) is €3,50.	€3,50 (Zwarte koffie/Cappuccino)
Koffiestrategieën van BeNeLux-petroliers — impact op verkoop, traffic en merkperceptie, en voorwaarden voor eigen koffiemerk	De Amerikaanse investeringsmaatschappij Carlyle koopt de buitenlandse activiteiten van LUKOIL, inclusief alle Nederlandse en Belgische tankstations.	De Amerikaanse investeringsmaatschappij Carlyle koopt de buitenlandse activiteiten van LUKOIL, waaronder alle Nederlandse en Belgische tankstations.
Koffiestrategieën van BeNeLux-petroliers — impact op verkoop, traffic en merkperceptie, en voorwaarden voor eigen koffiemerk	De analyse beantwoordt vijf strategische kernvragen voor de directie over de haalbaarheid van een eigen premium koffiemerk voor LUKOIL in de BeNeLux.	Deze analyse beantwoordt de vijf strategische kernvragen voor de directie rondom de haalbaarheid van een eigen premium koffiemerk voor LUKOIL in de BeNeLux:
Koffiestrategieën van BeNeLux-petroliers — impact op verkoop, traffic en merkperceptie, en voorwaarden voor eigen koffiemerk	De BeNeLux fuel retail sector ondergaat een structurele transitie.	De BeNeLux fuel retail sector bevindt zich midden in een structurele transitie: fuel-traffic daalt door elektrificatie, en shopomzet wordt de nieuwe margebasis.
Koffiestrategieën van BeNeLux-petroliers — impact op verkoop, traffic en merkperceptie, en voorwaarden voor eigen koffiemerk	De BeNeLux-markt toont een sterke divergentie in koffiestrategieën tussen 2023 en 2026.	De markt toont een sterke divergentie.
Koffiestrategieën van BeNeLux-petroliers — impact op verkoop, traffic en merkperceptie, en voorwaarden voor eigen koffiemerk	De Bonjour-formule is vervangen door een winkel volgens de Circle K-formule bij TotalEnergies De Lokkant.	de Bonjour heeft plaatsgemaakt voor een winkel volgens de Circle K-formule.
Koffiestrategieën van BeNeLux-petroliers — impact op verkoop, traffic en merkperceptie, en voorwaarden voor eigen koffiemerk	De Bonjour-formule op de TotalEnergies-locatie De Lokkant is vervangen door de Circle K-formule.	De Bonjour heeft op de TotalEnergies-locatie De Lokkant plaatsgemaakt voor de Circle K-formule, die nu "een scherp en duidelijk shopaanbod" biedt.
Koffiestrategieën van BeNeLux-petroliers — impact op verkoop, traffic en merkperceptie, en voorwaarden voor eigen koffiemerk	De brandstofverkoop daalde in Q2 2025 met meer dan 12%.	In Q2 2025 daalden totale sales in convenience stores bijna 8%, met fuel meer dan 12% neerwaarts.
Koffiestrategieën van BeNeLux-petroliers — impact op verkoop, traffic en merkperceptie, en voorwaarden voor eigen koffiemerk	De CAPEX-investering per station voor een Franke A600 of A1000 systeem ligt tussen €12.000 en €18.000 (£10,258 - £15,308).	De CAPEX-investering per station is substantieel maar noodzakelijk: een Franke A600 of A1000 systeem (zoals gebruikt in de industrie) kost tussen de €12.000 en €18.000 (£10,258 - £15,308) [cite: 48, 49].
Koffiestrategieën van BeNeLux-petroliers — impact op verkoop, traffic en merkperceptie, en voorwaarden voor eigen koffiemerk	De conceptstrategie van Café Bonjour werd ontwikkeld in samenwerking met teams van TotalEnergies Nederland en Lantmännen Unibake.	De conceptstrategie werd ontwikkeld in samenwerking met teams van TotalEnergies Nederland en Lantmännen Unibake, op basis van consumentenonderzoek en marktanalyse.
Koffiestrategieën van BeNeLux-petroliers — impact op verkoop, traffic en merkperceptie, en voorwaarden voor eigen koffiemerk	De consument accepteert een eigen merk alleen als het zich distantieert van "snel filterwater" en visueel aansluit bij de 'derde koffiegolf' (artisanale bereiding, 100% Arabica).	De consument accepteert een eigen merk alleen als het zich distantieert van "snel filterwater" en visueel aansluit bij de 'derde koffiegolf' (artisanale bereiding, 100% Arabica) [cite: 28, 37].
Koffiestrategieën van BeNeLux-petroliers — impact op verkoop, traffic en merkperceptie, en voorwaarden voor eigen koffiemerk	De consument staat open voor eigen-merk koffie, mits de kwaliteitssignalen correct zijn.	de consument is ontvankelijk voor eigen-merk koffie mits kwaliteitssignalen kloppen, en vier concrete succesfactoren zijn — mits nageleefd — repliceerbaar.
Koffiestrategieën van BeNeLux-petroliers — impact op verkoop, traffic en merkperceptie, en voorwaarden voor eigen koffiemerk	De conversie van brandstofklant naar shopklant vereist een digitale brug.	De conversie van brandstofklant naar shopklant vereist een digitale brug.
Koffiestrategieën van BeNeLux-petroliers — impact op verkoop, traffic en merkperceptie, en voorwaarden voor eigen koffiemerk	De eerste slechte kop koffie ondermijnt het merk disproportioneel.	De eerste slechte kop koffie ondermijnt het merk disproportioneel, omdat fuel retail al een laag vertrouwen geniet als kwaliteitsprovider.
Koffiestrategieën van BeNeLux-petroliers — impact op verkoop, traffic en merkperceptie, en voorwaarden voor eigen koffiemerk	De elektrificatie van het wagenpark verlengt de verblijftijd op tankstations.	Terwijl de elektrificatie van het wagenpark de verblijftijd op tankstations verlengt, fungeert koffie niet langer als een bijproduct, maar als een strategische bestemming.
Koffiestrategieën van BeNeLux-petroliers — impact op verkoop, traffic en merkperceptie, en voorwaarden voor eigen koffiemerk	De Foodservice Marketing Award werd twee keer op rij gewonnen in 2019-2020.	2019–2020	Foodservice Marketing Award (2× op rij)
Koffiestrategieën van BeNeLux-petroliers — impact op verkoop, traffic en merkperceptie, en voorwaarden voor eigen koffiemerk	De foodserviceverkopen bij Europese benzinestations zijn sinds 2020 met 50% gestegen.	De foodserviceverkopen bij Europese benzinestations zijn met 50% gestegen since 2020 — maar de winnende formule is nog niet gestandaardiseerd in de BeNeLux LUKOIL-context.
Koffiestrategieën van BeNeLux-petroliers — impact op verkoop, traffic en merkperceptie, en voorwaarden voor eigen koffiemerk	De gemiddelde kassabonwaarde (basket value) zonder brandstof is circa $7,80.	De gemiddelde kassabonwaarde (basket value) zonder brandstof is circa $7,80 [cite: 32].
Koffiestrategieën van BeNeLux-petroliers — impact op verkoop, traffic en merkperceptie, en voorwaarden voor eigen koffiemerk	De gemiddelde klant in een convenience-omgeving koopt 2,1 items per bezoek.	De gemiddelde klant in een convenience-omgeving koopt 2,1 items per bezoek [cite: 32].
Koffiestrategieën van BeNeLux-petroliers — impact op verkoop, traffic en merkperceptie, en voorwaarden voor eigen koffiemerk	De gemiddelde winstmarge van een gehele gemaks- of tankstationwinkel schommelt historisch tussen de 5% en 10%.	Terwijl de gemiddelde winstmarge van een gehele gemaks- of tankstationwinkel historisch schommelt tussen de 5% en 10%, bedraagt de nettowinstmarge op een goed uitgevoerd koffieprogramma gemiddeld 40% (na aftrek van bonen, apparatuur en operationele kosten).
Koffiestrategieën van BeNeLux-petroliers — impact op verkoop, traffic en merkperceptie, en voorwaarden voor eigen koffiemerk	De gerenoveerde Q8-stations Berchem Oost en Berchem West bieden een Starbucks coffee café.	Op de twee grootste tankstations van Europa — de Q8-stations Berchem Oost en Berchem West aan de A3/E25 in Luxemburg — bieden de gerenoveerde stations naast een grote Panos petrol shop met verse voeding en een Delhaize Shop&Go ook een Starbucks coffee café.
Koffiestrategieën van BeNeLux-petroliers — impact op verkoop, traffic en merkperceptie, en voorwaarden voor eigen koffiemerk	De hardware van koffiemachines bewijst de kwaliteit aan de klant nog vóór de eerste slok.	De hardware bewijst de kwaliteit aan de klant nog vóór de eerste slok [cite: 33].
Koffiestrategieën van BeNeLux-petroliers — impact op verkoop, traffic en merkperceptie, en voorwaarden voor eigen koffiemerk	De helft van de geplande 200 snellaadlocaties van Q8 en Storm zal een Shop&Go, Panos of McDonald's op de site hebben.	Q8 plant samen met Storm ongeveer 200 snellaadlocaties, waarvan de helft een Shop&Go, Panos of McDonald's op de site zal hebben.
Koffiestrategieën van BeNeLux-petroliers — impact op verkoop, traffic en merkperceptie, en voorwaarden voor eigen koffiemerk	De herinrichting van de shop-layout moet ondersteund worden door permanente "Koffie + Snack"-promoties.	LUKOIL moet de shop-layout herinrichten (zoals de 'queue-line' van Circle K) zodat koffie fysiek verbonden is met de bakkerij, ondersteund door permanente "Koffie + Snack"-promoties.
Koffiestrategieën van BeNeLux-petroliers — impact op verkoop, traffic en merkperceptie, en voorwaarden voor eigen koffiemerk	De in-store presentatie van BP (AH to go) is geïntegreerd in een supermarktconcept met handmatige pistonmachines.	Geïntegreerd in supermarktconcept met handmatige pistonmachines.
Koffiestrategieën van BeNeLux-petroliers — impact op verkoop, traffic en merkperceptie, en voorwaarden voor eigen koffiemerk	De in-store presentatie van Esso (EG Group) is een 'Go Fresh Lavazza Coffee Kiosk' met vernieuwde bonenmachines.	'Go Fresh Lavazza Coffee Kiosk' met vernieuwde bonenmachines.
Koffiestrategieën van BeNeLux-petroliers — impact op verkoop, traffic en merkperceptie, en voorwaarden voor eigen koffiemerk	De in-store presentatie van Q8 (Shop&Go / Panos) omvat prominente standalone Starbucks (by Selecta) automaten.	Prominente standalone Starbucks (by Selecta) automaten.
Koffiestrategieën van BeNeLux-petroliers — impact op verkoop, traffic en merkperceptie, en voorwaarden voor eigen koffiemerk	De in-store presentatie van Shell (Shell Café) is een 'Mobility Hub' met zitplekken, open keuken en hygge-design.	'Mobility Hub' met zitplekken, open keuken en hygge-design.
Koffiestrategieën van BeNeLux-petroliers — impact op verkoop, traffic en merkperceptie, en voorwaarden voor eigen koffiemerk	De in-store presentatie van TotalEnergies (Circle K) omvat een centrale 'queue-line' met een dedicated koffie- & snackcorner.	Centrale 'queue-line' met dedicated koffie- & snackcorner.
Koffiestrategieën van BeNeLux-petroliers — impact op verkoop, traffic en merkperceptie, en voorwaarden voor eigen koffiemerk	De in-store verkopen stegen met meer dan 3% ondanks dalende traffic.	De in-store sales stegen meer dan 3% ondanks dalende traffic.
Koffiestrategieën van BeNeLux-petroliers — impact op verkoop, traffic en merkperceptie, en voorwaarden voor eigen koffiemerk	De integratie van kwalitatieve koffie heeft een bewezen hefboomeffect op de gemiddelde transactiewaarde.	De integratie van kwalitatieve koffie heeft een bewezen hefboomeffect op de gemiddelde transactiewaarde.
Koffiestrategieën van BeNeLux-petroliers — impact op verkoop, traffic en merkperceptie, en voorwaarden voor eigen koffiemerk	De koffiespecialiteit 'Latte Sweet Pistachio' komt op de menukaart van elk Shell-tankstation in de BeNeLux en Frankrijk met een bakkerij.	De koffiespecialiteit 'Latte Sweet Pistachio', bereid door barista's van het Franse Shell-station Vémars Est, komt op de menukaart van elk Shell-tankstation in de BeNeLux en Frankrijk met een bakery.
Koffiestrategieën van BeNeLux-petroliers — impact op verkoop, traffic en merkperceptie, en voorwaarden voor eigen koffiemerk	De koppeling van de merkintroductie aan de LUKOIL-app verlaagt de drempel voor klanten.	LUKOIL dient de introductie van het merk te koppelen aan de LUKOIL-app (bijv. eerste proefkoffie gratis voor app-gebruikers). Dit verlaagt de drempel, waarna de superieure bean-to-cup kwaliteit de dagelijkse retentie veiligstelt.
Koffiestrategieën van BeNeLux-petroliers — impact op verkoop, traffic en merkperceptie, en voorwaarden voor eigen koffiemerk	De kwaliteitskloof tussen private label en nationale merken is nagenoeg verdwenen.	De kwaliteitskloof tussen private label en nationale merken is nagenoeg verdwenen.
Koffiestrategieën van BeNeLux-petroliers — impact op verkoop, traffic en merkperceptie, en voorwaarden voor eigen koffiemerk	De kwantitatieve impact van koffie kan accuraat worden vastgesteld aan de hand van geverifieerde operationele benchmarks uit de bredere convenience- en fuel retailsector.	Echter, de kwantitatieve impact kan accuraat worden vastgesteld aan de hand van geverifieerde operationele benchmarks uit de bredere convenience- en fuel retailsector gedurende dezelfde periode.
Koffiestrategieën van BeNeLux-petroliers — impact op verkoop, traffic en merkperceptie, en voorwaarden voor eigen koffiemerk	De Latte Art Factory levert perfect, constant microschuim op exact de juiste temperatuur zonder barista-interventie.	Shell innoveert sterk op de achtergrond: ze implem [vertexaisearch.cloud.google.com](https://vertexaisearch.cloud.google.com/grounding-api-redirect/AUZIYQFi-iwFEb7dopq5xxxecQbkmH_u3gGM21tiCQEozXGBm1Q_383m8xcxLdanB_ishGGQ2b4I7nPUvzdHBcpIfJwvly5w3AYX-9C2BK3-UuXN7912fM1pc-BoXIgJuhCKz1nhsBObj6IIsBq5nIZJT0-2osf81SwQq827_zmMDOCD7QXcwlD29LxIUyTtOqo2UaJvzWssOBoV8HewhOBxyNglRrWtlZILxg0nTSbTulMY1Bv-H0myropE)enteren geavanceerde technologieën zoals de *Latte Art Factory* (een geautomatiseerde melkopschuimer die zonder barista-interventie perfect, constant micro-schuim levert op exact de juiste temperatuur) om piekmomenten te ondervangen.
Koffiestrategieën van BeNeLux-petroliers — impact op verkoop, traffic en merkperceptie, en voorwaarden voor eigen koffiemerk	De merkessentie van Shell Café is 'crafted with care'.	"Our brand essence of Shell Café is 'crafted with care'," aldus Smith.
Koffiestrategieën van BeNeLux-petroliers — impact op verkoop, traffic en merkperceptie, en voorwaarden voor eigen koffiemerk	De merknaam LUKOIL blijft in de markt Russisch geassocieerd.	De overname door Carlyle neutraliseert dit risico gedeeltelijk, maar de merknaam LUKOIL blijft in de markt Russisch geassocieerd.
Koffiestrategieën van BeNeLux-petroliers — impact op verkoop, traffic en merkperceptie, en voorwaarden voor eigen koffiemerk	De nettowinstmarge op een goed uitgevoerd koffieprogramma bedraagt gemiddeld 40% (na aftrek van bonen, apparatuur en operationele kosten).	Terwijl de gemiddelde winstmarge van een gehele gemaks- of tankstationwinkel historisch schommelt tussen de 5% en 10%, bedraagt de nettowinstmarge op een goed uitgevoerd koffieprogramma gemiddeld 40% (na aftrek van bonen, apparatuur en operationele kosten).
Koffiestrategieën van BeNeLux-petroliers — impact op verkoop, traffic en merkperceptie, en voorwaarden voor eigen koffiemerk	De nieuwe generatie consumenten wil weten waar koffie vandaan komt en welke impact het heeft op het milieu.	De nieuwe generatie wil weten waar koffie vandaan komt en welke impact het heeft op het milieu.
Koffiestrategieën van BeNeLux-petroliers — impact op verkoop, traffic en merkperceptie, en voorwaarden voor eigen koffiemerk	De ombouw van een station en de introductie van een vers food/koffie-merk leidt niet tot traffic-verlies, maar resulteert in een toename van in-store omzet en herhalingsbezoeken.	Het succes van Circle K toont aan dat de ombouw van een station en de introductie van een vers food/koffie-merk niet leidt tot traffic-verlies, maar juist resulteert in een toename van in-store omzet en herhalingsbezoeken [cite: 34, 35].
Koffiestrategieën van BeNeLux-petroliers — impact op verkoop, traffic en merkperceptie, en voorwaarden voor eigen koffiemerk	De ombouw van een traditionele shop naar het Circle K-concept neemt maximaal zeven dagen per station in beslag.	De ombouw van een traditionele shop naa [vertexaisearch.cloud.google.com](https://vertexaisearch.cloud.google.com/grounding-api-redirect/AUZIYQH3vc3Gc9j_8l16FK1nXox4jcKakHTnI4ZmDIxV-j3ScupzBwc10w3cDKeVPZDc5r6aSZyYCpSwxtPcPRrZMarEg_ubwUXTdolYIufr1dNlz0A-yXYj9BYf21EFVphxcYXLKC8=) [vertexaisearch.cloud.google.com](https://vertexaisearch.cloud.google.com/grounding-api-redirect/AUZIYQEzOU-OpU7rB9jFfggVKAjmj9ZyBXhJXm7lMTJjqFirWJHZiRQMvQm-104PRzhvjCELkxabg3HeAr-ufDx9IS2yvEMwIROZ1ewVgbne05iDIH-Ke03ukBs5z3obLhzmaHU52E-1cIeTSAdjxDQXltcQQVmtEPBDr26Zia20EOcTOGK-AnqgxRolWhSfYjQre1BJ6lDuvGHjp2ECHBcyW-Er6BpSQ-whXR-UXcS-jbE-NoLX56zS) [vertexaisearch.cloud.google.com](https://vertexaisearch.cloud.google.com/grounding-api-redirect/AUZIYQE-H-8WvpgZ2I5IzYVVJAKQiaio-5hiQeQM0gNLsYMOsw8ByrcbI_0feWma9W57NwsEOHRIO2NOm2PI1g-W_7rRLGUnYcXrYG_hYJeWUojf4nC5wO2LijLJA-TMNIrvx5JzmhGnl8nLK1zhEx7VwvX0ew7_QnRo4aLhpltPlVa1PAYQesioWAZsWLcjzjQ38djuKxeB3_ibVFAs3caYUYHA5f7LGqBF2wEaC9M=)r het Circle K-concept neemt maximaal zeven dagen per station in beslag, waarbij de komende jaren honderden stations in de regio aan de beurt zijn.
Koffiestrategieën van BeNeLux-petroliers — impact op verkoop, traffic en merkperceptie, en voorwaarden voor eigen koffiemerk	De omzetstijging van warme dranken bij 7-Eleven escaleerde in de weken na een ochtend-deal naar een structurele volumegroei van 6,2%.	Bij de keten 7-Eleven resulteerde een vaste-prijs ochtend-deal (koffie + snack) in een initiële omzetstijging van warme dranken van 1%, die in de weken daarna escaleerde naar een structurele volumegroei van 6,2% [cite: 29].
Koffiestrategieën van BeNeLux-petroliers — impact op verkoop, traffic en merkperceptie, en voorwaarden voor eigen koffiemerk	De ontwikkeling van het nieuwe Café Bonjour-concept via Sandenburg-DST en Lantmännen Unibake vond plaats vóór 2019.	Pre-2019	Ontwikkeling nieuw Café Bonjour-concept via Sandenburg-DST + Lantmännen Unibake
Koffiestrategieën van BeNeLux-petroliers — impact op verkoop, traffic en merkperceptie, en voorwaarden voor eigen koffiemerk	De overname door Carlyle beëindigde een saga die midden oktober begon met nieuwe Amerikaanse sancties tegen Rusland.	Hiermee komt een einde aan een saga die midden oktober begon met nieuwe Amerikaanse sancties tegen Rusland.
Koffiestrategieën van BeNeLux-petroliers — impact op verkoop, traffic en merkperceptie, en voorwaarden voor eigen koffiemerk	De overname door Carlyle neutraliseert het risico van het Russische-eigendom-stigma gedeeltelijk.	De overname door Carlyle neutraliseert dit risico gedeeltelijk, maar de merknaam LUKOIL blijft in de markt Russisch geassocieerd.
Koffiestrategieën van BeNeLux-petroliers — impact op verkoop, traffic en merkperceptie, en voorwaarden voor eigen koffiemerk	De overname van TotalEnergies retail- en netwerkactiviteiten door het Canadese Alimentation Couche-Tard (Circle K) is de meest disruptieve verschuiving in de BeNeLux-markt.	De meest disruptieve verschuiving in de BeNeLux-markt is de overname van de TotalEnergies retail- en netwerkactiviteiten door het Canadese Alimentation Couche-Tard (Circle K).
Koffiestrategieën van BeNeLux-petroliers — impact op verkoop, traffic en merkperceptie, en voorwaarden voor eigen koffiemerk	De periode 2023–2026 kenmerkt zich door een consolidatieslag en een duidelijke tweedeling in strategische keuzes in de BeNeLux-markt.	De periode 2023–2026 kenmerkt zich door een consolidatieslag en een duidelijke tweedeling in strategische keuzes: het opbouwen van een volledig geïntegreerd eigen merk versus het leunen op exclusieve A-merk licenties.
Koffiestrategieën van BeNeLux-petroliers — impact op verkoop, traffic en merkperceptie, en voorwaarden voor eigen koffiemerk	De Q8-stations Berchem Oost en Berchem West aan de A3/E25 in Luxemburg zijn de twee grootste tankstations van Europa.	Op de twee grootste tankstations van Europa — de Q8-stations Berchem Oost en Berchem West aan de A3/E25 in Luxemburg — bieden de gerenoveerde stations naast een grote Panos petrol shop met verse voeding en een Delhaize Shop&Go ook een Starbucks coffee café.
Koffiestrategieën van BeNeLux-petroliers — impact op verkoop, traffic en merkperceptie, en voorwaarden voor eigen koffiemerk	De ROI van koffie zit in de verhoogde transactiewaarde en herhalingsfrequentie van shopbezoekers die voor koffie stoppen.	De ROI zit niet in koffie-marge-op-zich, maar in de verhoogde transactiewaarde en herhalingsfrequentie van de shopbezoeker die voor koffie stopt.
Koffiestrategieën van BeNeLux-petroliers — impact op verkoop, traffic en merkperceptie, en voorwaarden voor eigen koffiemerk	De samenwerking met Lavazza is bedoeld om de koffie-ervaring in 267 Esso-stations te upgraden naar 'barista-niveau'.	is onlangs een zesjarige samenwerking aangegaan met Premium Coffee Group (Lavazza) om de koffie-ervaring in 267 Esso-stations te upgraden naar 'barista-niveau' om de non-fuel inkomsten te verhogen.
Koffiestrategieën van BeNeLux-petroliers — impact op verkoop, traffic en merkperceptie, en voorwaarden voor eigen koffiemerk	De schaal en snelheid van de uitrol van Circle K's eigen merk zijn ongekend.	De schaal en snelheid zijn ongekend: in slechts acht weken tijd werden er elf Circle K shops gerealiseerd in voormalige TotalEnergies-stations verspreid over Nederland (o.a. Bijleveld, Schiphol, Reeuwijk), België (Nijvel, Anderlecht, Eindhout), Duitsland en Luxemburg.
Koffiestrategieën van BeNeLux-petroliers — impact op verkoop, traffic en merkperceptie, en voorwaarden voor eigen koffiemerk	De Shell Barista Cup is een maandenlange competitie die eind 2023 van start ging.	De Shell Barista Cup is een maandenlange competitie die eind 2023 van start ging, waarbij barista's getest worden op koffiekennis, latte-art-vaardigheden, creativiteit en presentatie.
Koffiestrategieën van BeNeLux-petroliers — impact op verkoop, traffic en merkperceptie, en voorwaarden voor eigen koffiemerk	De Shell Barista Cup is een maandenlange competitie.	De Shell Barista Cup is een maandenlange competitie waarbij barista's getest worden op koffiekennis, latte-art-vaardigheden, creativiteit en presentatie.
Koffiestrategieën van BeNeLux-petroliers — impact op verkoop, traffic en merkperceptie, en voorwaarden voor eigen koffiemerk	De Shell Barista Cup test barista's op koffiekennis, latte-art-vaardigheden, creativiteit en presentatie.	De Shell Barista Cup is een maandenlange competitie waarbij barista's getest worden op koffiekennis, latte-art-vaardigheden, creativiteit en presentatie.
Koffiestrategieën van BeNeLux-petroliers — impact op verkoop, traffic en merkperceptie, en voorwaarden voor eigen koffiemerk	De Shell Barista Cup voor BeNeLux en Frankrijk (met 60 teams) vond plaats in 2023.	2023	Shell Barista Cup BeNeLux + FR (60 teams)
Koffiestrategieën van BeNeLux-petroliers — impact op verkoop, traffic en merkperceptie, en voorwaarden voor eigen koffiemerk	De Shell Café Coffee bar staat centraal in het verse food-aanbod.	De Shell Café Coffee bar staat centraal in het verse food-aanbod, waar "service heroes" barista-koffie serveren naast zelfgemaakte gebakjes, inclusief een signature Dutch apple pie.
Koffiestrategieën van BeNeLux-petroliers — impact op verkoop, traffic en merkperceptie, en voorwaarden voor eigen koffiemerk	De shop bij TotalEnergies tankstation De Lokkant op de A73 in Haps (Brabant) heeft een make-over gekregen.	De shop bij TotalEnergies tankstation De Lokkant op de A73 in Haps (Brabant) heeft een ingrijpende make-over gekregen: de Bonjour heeft plaatsgemaakt voor een winkel volgens de Circle K-formule.
Koffiestrategieën van BeNeLux-petroliers — impact op verkoop, traffic en merkperceptie, en voorwaarden voor eigen koffiemerk	De stagnatie van convenience private labels rond 2015/2016 en de worstelingen van Amazon Solimo zijn voorbeelden van falende eigen merken.	Eigen merken falen door 'cookie-cutter' imitaties zonder unieke positionering en pricing-fouten, zoals gedemonstreerd door het stagneren van convenience private labels rond 2015/2016 en de worstelingen van private labels zoals Amazon Solimo.
Koffiestrategieën van BeNeLux-petroliers — impact op verkoop, traffic en merkperceptie, en voorwaarden voor eigen koffiemerk	De strategische focus op koffie wordt primair gedreven door de superieure unit-economics.	De strategische focus op koffie wordt primair gedreven door de superieure unit-economics.
Koffiestrategieën van BeNeLux-petroliers — impact op verkoop, traffic en merkperceptie, en voorwaarden voor eigen koffiemerk	De strategische keuzes omvatten het opbouwen van een volledig geïntegreerd eigen merk versus het leunen op exclusieve A-merk licenties.	De periode 2023–2026 kenmerkt zich door een consolidatieslag en een duidelijke tweedeling in strategische keuzes: het opbouwen van een volledig geïntegreerd eigen merk versus het leunen op exclusieve A-merk licenties.
Koffiestrategieën van BeNeLux-petroliers — impact op verkoop, traffic en merkperceptie, en voorwaarden voor eigen koffiemerk	De superieure bean-to-cup kwaliteit van LUKOIL's koffie moet de dagelijkse retentie veiligstellen.	Dit verlaagt de drempel, waarna de superieure bean-to-cup kwaliteit de dagelijkse retentie veiligstelt.
Koffiestrategieën van BeNeLux-petroliers — impact op verkoop, traffic en merkperceptie, en voorwaarden voor eigen koffiemerk	De timing voor de lancering van een koffie-sub-brand is optimaal na de overname van LUKOIL BeNeLux door Carlyle.	Timing is optimaal.
Koffiestrategieën van BeNeLux-petroliers — impact op verkoop, traffic en merkperceptie, en voorwaarden voor eigen koffiemerk	De transactie omvatte een volledige overname in Nederland en Duitsland en een 60%-meerderheidsbelang in België en Luxemburg.	Deze transactie, afgerond begin 2024, omvatte een volledige overname in Nederland en Duitsland en een 60%-meerderheidsbelang in België en Luxemburg.
Koffiestrategieën van BeNeLux-petroliers — impact op verkoop, traffic en merkperceptie, en voorwaarden voor eigen koffiemerk	De transactie tussen TotalEnergies en Alimentation Couche-Tard werd begin 2024 afgerond.	Deze transactie, afgerond begin 2024, omvatte een volledige overname in Nederland en Duitsland en een 60%-meerderheidsbelang in België en Luxemburg.
Koffiestrategieën van BeNeLux-petroliers — impact op verkoop, traffic en merkperceptie, en voorwaarden voor eigen koffiemerk	De transformatie naar Shell Café is een gigantische logistieke en financiële investering.	Shell [vertexaisearch.cloud.google.com](https://vertexaisearch.cloud.google.com/grounding-api-redirect/AUZIYQHDjSnHoRJqhUnDBg9zV1dK1fiz0vyjutucJbu0O8D7sMjwEqv0Zz291wE1-UHIKGZXIyzqUYN0L4nA5xM3a8wCG96pRG32jDtZZ_fwczhS6lw2-mqVfvOr5dAeEvJhRiPbs6Fnq_Q73caQYfLgfRd7yPuT54qcmnWQDInUC4EimTW2FggCDy-nFKW6ynTzshn0bbDc9-RWX5t-xABKY6QoCvJmyjxxoSpIMyHa3RjsXEphCMQkOyH_0Bc1_lUxKMDZ_FRQctl4Juo35lZE8aN0YWWIy-M6AHO1-nLu8xajaB9wXQqx_ShwkxWM6WhBn-6SHW5jGpe_yabGM6ppgIP6_1uVar6su7NV_vx2nX9XBgOcWn3eLlWFn3U=) [vertexaisearch.cloud.google.com](https://vertexaisearch.cloud.google.com/grounding-api-redirect/AUZIYQFA_e17TFp2MwW1M58jsLvY_9nG41Uw5CXdJJ33QwR9qY0oGZ81eXdsojEDfB_7mdE7nk3gTk18IPydeN5ofdqGJIQsydzIMHzySrKZvBdP9z0O4zs1OOBNmBklvDVfRSk5rfEQ) bouwt momenteel acht tot negen locaties per week om naar de nieuwe huisstijl, een gigantische logistieke en financiële investering.
Koffiestrategieën van BeNeLux-petroliers — impact op verkoop, traffic en merkperceptie, en voorwaarden voor eigen koffiemerk	De transitie van traditionele brandstofverkoop naar geïntegreerde foodservice en gemaksretail is een fundamentele verschuiving in de BeNeLux-markt.	De transitie van traditionele brandstofverkoop naar geïntegreerde foodservice en gemaksretail is een fundamentele verschuiving in de BeNeLux-markt.
Koffiestrategieën van BeNeLux-petroliers — impact op verkoop, traffic en merkperceptie, en voorwaarden voor eigen koffiemerk	De uitrol van Shell Café is de snelste van een branded petrolier-koffieconcept in de geschiedenis van de sector.	Dit is de snelste rollout van een branded petrolier-koffieconcept in de geschiedenis van de sector — en het begon in Nederland.
Koffiestrategieën van BeNeLux-petroliers — impact op verkoop, traffic en merkperceptie, en voorwaarden voor eigen koffiemerk	De upgrade van de koffie-ervaring is bedoeld om de non-fuel inkomsten te verhogen.	om de non-fuel inkomsten te verhogen.
Koffiestrategieën van BeNeLux-petroliers — impact op verkoop, traffic en merkperceptie, en voorwaarden voor eigen koffiemerk	De verhoging van de 'basket size' wordt gedreven door hoge cross-merchandising ratio's.	Integratie van foodservice en koffie verhoogt de gemiddelde 'basket size' van circa $7,80 naar $14,-, gedreven door hoge cross-merchandising ratio's.
Koffiestrategieën van BeNeLux-petroliers — impact op verkoop, traffic en merkperceptie, en voorwaarden voor eigen koffiemerk	De volautomatische Starbucks-machines in Q8-stations bieden tot 120 verschillende koffiecombinaties.	De volautomatische Starbucks-machines in Q8-station [vertexaisearch.cloud.google.com](https://vertexaisearch.cloud.google.com/grounding-api-redirect/AUZIYQEbUWKnPcasyKQCxntiCfj8JjmcG0l3GthAT7_CZl2BcOtDhpsIzo5NFpvLK-mITqbacHKrjOe7UkoINj-8NUgZ5KGCXreBDckFvgn29n5W2dUXtE3y_rOuF6JSRYyiJmPAmktnYYWUXaefkhheITMGv0Jhcs7eb3xKvoqSrH6t) [vertexaisearch.cloud.google.com](https://vertexaisearch.cloud.google.com/grounding-api-redirect/AUZIYQEAvVPv9E3Gi7-LHON9Pov3t9EgLb16-n1amD5ttGU3znwTAgtTDoLHTzjDWkrW5SAHUfcxr5Lq-uSp45U7B9bCn820TnQvPCHoU0pfHOyb3NAyIDEJjEEQXJ-piyGyiaFjXv-vKK1YDwELVCBMGeRCfnv3o9GxGBE6iio1CobSfvHag47sf7-VpknxtERh_JPKWOHkCk1gReMSoE7YMJT-KXgmHzyRtsJhK9Vf12eEj8KVfKc0McsbBJSYwTVO1zMGDM4s)s bieden tot 120 verschillende koffiecombinaties.
Koffiestrategieën van BeNeLux-petroliers — impact op verkoop, traffic en merkperceptie, en voorwaarden voor eigen koffiemerk	De vraag naar Rainforest Alliance-koffie steeg in Europa naar 751.000 ton in 2024.	De vraag naar Rainforest Alliance-koffie steeg in Europa naar 751.000 ton in 2024, wat aantoont dat ethische labels direct consumentenvertrouwen inboezemen [cite: 38, 39].
Koffiestrategieën van BeNeLux-petroliers — impact op verkoop, traffic en merkperceptie, en voorwaarden voor eigen koffiemerk	De wekelijkse bezoeken voor warme koffie in convenience stores zijn grotendeels gepland.	Meer dan 50% van de consumenten in convenience stores koopt wekelijks warme koffie, waarbij deze bezoeken grotendeels *gepland* zijn [cite: 33].
Koffiestrategieën van BeNeLux-petroliers — impact op verkoop, traffic en merkperceptie, en voorwaarden voor eigen koffiemerk	Dit rapport is uitsluitend voor informatieve doeleinden opgesteld en bevat strategische ramingen gebaseerd op marktonderzoek.	*Let wel: dit rapport is uitsluitend voor informatieve doeleinden opgesteld en bevat strategische ramingen gebaseerd op marktonderzoek; operationele implementatie vereist verdere lokale validatie.*
Koffiestrategieën van BeNeLux-petroliers — impact op verkoop, traffic en merkperceptie, en voorwaarden voor eigen koffiemerk	Duurzaamheid is een onvermijdelijk thema in de horeca.	Duurzaamheid is een thema waar de horeca niet meer omheen kan.
Koffiestrategieën van BeNeLux-petroliers — impact op verkoop, traffic en merkperceptie, en voorwaarden voor eigen koffiemerk	Een cappuccino bij AH to go kost €2,00.	Hoewel de standaard koffie voordelig wordt aangeboden, kost een cappuccino bij AH to go €2,00 (waarbij 'true pricing' experimenten aantoonden dat de daadwerkelijke kostprijs inclusief impact eigenlijk €2,28 zou moeten zijn).
Koffiestrategieën van BeNeLux-petroliers — impact op verkoop, traffic en merkperceptie, en voorwaarden voor eigen koffiemerk	Een data-gedreven smaaktest in 2020 wees Starbucks aan als de absolute winnaar voor Q8.	Q8 heeft zijn koffiestrategie gebouwd rondom een exclusieve samenwerking met Starbucks by Selecta, na een data-gedreven smaaktest in 2020 waarbij Starbucks de absolute winnaar bleek.
Koffiestrategieën van BeNeLux-petroliers — impact op verkoop, traffic en merkperceptie, en voorwaarden voor eigen koffiemerk	Een eigen merk eist hogere CAPEX in ruil voor aanzienlijk lagere OPEX omdat dure licentiekosten aan A-merken wegvallen.	*(Contextuele definities: **CAPEX** verwijst naar eenmalige kapitaalinvesteringen in apparatuur en shop-ombouw. **OPEX** verwijst naar de doorlopende operationele kosten. Een eigen merk eist hogere CAPEX in ruil voor aanzienlijk lagere OPEX omdat dure licentiekosten aan A-merken wegvallen.)*
Koffiestrategieën van BeNeLux-petroliers — impact op verkoop, traffic en merkperceptie, en voorwaarden voor eigen koffiemerk	Een eigen merk mislukt wanneer het louter een uitgeklede, goedkope imitatie probeert te zijn van een A-merk.	Een eigen merk mislukt wanneer het louter een uitgeklede, goedkope imitatie probeert te zijn van een A-merk.
Koffiestrategieën van BeNeLux-petroliers — impact op verkoop, traffic en merkperceptie, en voorwaarden voor eigen koffiemerk	Een eigen merk van LUKOIL moet de vermeende 'verliezen' (het opgeven van het vertrouwde merk) ver overtreffen om het Endowment-effect te doorbreken.	Dit betekent dat een eigen merk van LUKOIL niet simpelweg gelijkwaardig mag zijn aan Lavazza of Starbucks; de winst van de overstap moet de vermeende 'verliezen' (het opgeven van het vertrouwde merk) ver overtreffen.
Koffiestrategieën van BeNeLux-petroliers — impact op verkoop, traffic en merkperceptie, en voorwaarden voor eigen koffiemerk	Een gerichte bundelpromotie verdubbelt het aantal items.	Een gerichte bundelpromotie verdubbelt het aantal items.
Koffiestrategieën van BeNeLux-petroliers — impact op verkoop, traffic en merkperceptie, en voorwaarden voor eigen koffiemerk	Een kop koffie kost operationeel circa $0,25 om te maken.	Ter illustratie uit breder sectoronderzoek: een kop koffie ko [vertexaisearch.cloud.google.com](https://vertexaisearch.cloud.google.com/grounding-api-redirect/AUZIYQFwEr_Trooemh3Mp8dlCHaDZ0y8Klzbbo0xWyvQXgDMfXsfZGbVbmKAh-VD2GmUD3VSXRShjfslJMb9m_cbVQzsu-6p-mwujO5erqvjY-lTCffDLHw7uBjy1OtDfGxIucXRHU_O_Bsh3o7bzn6o0C-b4GcYlhPTUL616eSPPpfvz9MsAyY=)st operationeel circa $0,25 om te maken, maar wordt verkocht voor $1,99.
Koffiestrategieën van BeNeLux-petroliers — impact op verkoop, traffic en merkperceptie, en voorwaarden voor eigen koffiemerk	Een kop koffie wordt verkocht voor $1,99.	Ter illustratie uit breder sectoronderzoek: een kop koffie ko [vertexaisearch.cloud.google.com](https://vertexaisearch.cloud.google.com/grounding-api-redirect/AUZIYQFwEr_Trooemh3Mp8dlCHaDZ0y8Klzbbo0xWyvQXgDMfXsfZGbVbmKAh-VD2GmUD3VSXRShjfslJMb9m_cbVQzsu-6p-mwujO5erqvjY-lTCffDLHw7uBjy1OtDfGxIucXRHU_O_Bsh3o7bzn6o0C-b4GcYlhPTUL616eSPPpfvz9MsAyY=)st operationeel circa $0,25 om te maken, maar wordt verkocht voor $1,99.
Koffiestrategieën van BeNeLux-petroliers — impact op verkoop, traffic en merkperceptie, en voorwaarden voor eigen koffiemerk	EG Benelux is een zesjarige samenwerking aangegaan met Premium Coffee Group (Lavazza).	EG Benelux, dat meer dan 700 locaties beheert, is onlangs een zesjarige samenwerking aangegaan met Premium Coffee Group (Lavazza) om de koffie-ervaring in 267 Esso-stations te upgraden naar 'barista-niveau' om de non-fuel inkomsten te verhogen.
Koffiestrategieën van BeNeLux-petroliers — impact op verkoop, traffic en merkperceptie, en voorwaarden voor eigen koffiemerk	EG Group lanceerde in 2025 een massale operatie in de BeNeLux.	Esso (EG Group): EG Group lanceerde in 2025 een massale operatie in de BeNeLux.
Koffiestrategieën van BeNeLux-petroliers — impact op verkoop, traffic en merkperceptie, en voorwaarden voor eigen koffiemerk	EG Group rolde het 'Lavazza premium coffee' concept uit (prijspunt circa €2,00 - €2,50) in combinatie met 'Go Fresh Coffee Kiosks'.	Ze rolden het 'Lavazza premium coffee' concept uit (p [vertexaisearch.cloud.google.com](https://vertexaisearch.cloud.google.com/grounding-api-redirect/AUZIYQHRfLLiTSwUAXOSBAn5bnRRz-XwXa61qds71fU0WaZ5hh2RaK54hpdBOGlxhUrrnHflphf01pgRJAY-uEn_b0RNSIwD4kbfgK-YYzJbM6WQr2GxmgHdduO4IP4g5N8RmrI5zyvTevvfq8INiPiZibKHlO29zdLFAWlNbpN7F7WIUAEsm7iXhEzyQtU-MEemHOCvMtyr8f1QStoON7cCb8XGlX3WzzXhzVJ0XGLY7cywoskHFEir4fWEh0H8mLViS34AUQD9LZoQE5anqil2gg==) [vertexaisearch.cloud.google.com](https://vertexaisearch.cloud.google.com/grounding-api-redirect/AUZIYQFJdTAl9IBJbOBV6hJhWZUwf5sw3JB2-By9BIUBkpPCmp_OU9PJL0qlbyz0HJydAYUZ10HqJDk49XHR7nqJT1uJ27wwMxZpZkbMWN5YbOerISxuNkcqYanVbvFG8gZHctu0U95jQ_hteQmg41xvxk83kax_cTBXuclq0Rd2XzLZN1RssPEFXPohhD6zXQKKJui-0uoSsgYObXUmgrHRQ7pUF3NfifsK1jFDEsxBHEQyfk3hOP5PABE0jC8z0INMi2YklHG1IhK8m-UqEk9KqyJjMykCEA=)rijspunt circa €2,00 - €2,50) in combinatie met 'Go Fresh Coffee Kiosks', expliciet bedoeld om de verblijftijd en de shopbestedingen te verhogen.
Koffiestrategieën van BeNeLux-petroliers — impact op verkoop, traffic en merkperceptie, en voorwaarden voor eigen koffiemerk	Eigen merken falen door 'cookie-cutter' imitaties zonder unieke positionering en pricing-fouten.	Eigen merken falen door 'cookie-cutter' imitaties zonder unieke positionering en pricing-fouten, zoals gedemonstreerd door het stagneren van convenience private labels rond 2015/2016 en de worstelingen van private labels zoals Amazon Solimo.
Koffiestrategieën van BeNeLux-petroliers — impact op verkoop, traffic en merkperceptie, en voorwaarden voor eigen koffiemerk	Eigen merken zijn getransformeerd van prijsgedreven nicheproducten naar strategische succesfactoren in de retail.	Eigen merken hebben zich getransformeerd van prijs-gedreven nicheproducten naar strategische succesfactoren in de retail.
Koffiestrategieën van BeNeLux-petroliers — impact op verkoop, traffic en merkperceptie, en voorwaarden voor eigen koffiemerk	Esso (EG Group) biedt standaard (200ml) en large (300ml) volume-aanbod.	Standaard (200ml) & Large (300ml)
Koffiestrategieën van BeNeLux-petroliers — impact op verkoop, traffic en merkperceptie, en voorwaarden voor eigen koffiemerk	Esso (EG Group) hanteert een A-merk licentie strategie met premium Italiaans (Lavazza) kwaliteitspositionering.	Esso (EG Group)	A-Merk Licentie	Premium Italiaans (Lavazza)
Koffiestrategieën van BeNeLux-petroliers — impact op verkoop, traffic en merkperceptie, en voorwaarden voor eigen koffiemerk	Esso heeft geen eigen convenience food/koffie-merk in de BeNeLux.	Esso heeft geen eigen convenience food/koffie-brand in de BeNeLux — het merk wordt als pure fuel-destination gepositioneerd.
Koffiestrategieën van BeNeLux-petroliers — impact op verkoop, traffic en merkperceptie, en voorwaarden voor eigen koffiemerk	Ethische labels boezemen direct consumentenvertrouwen in.	De vraag naar Rainforest Alliance-koffie steeg in Europa naar 751.000 ton in 2024, wat aantoont dat ethische labels direct consumentenvertrouwen inboezemen [cite: 38, 39].
Koffiestrategieën van BeNeLux-petroliers — impact op verkoop, traffic en merkperceptie, en voorwaarden voor eigen koffiemerk	EV-adoptie stijgt.	EV-adoptie stijgt en foodserviceverkopen bij benzinestations zijn met 50% gestegen since 2020.
Koffiestrategieën van BeNeLux-petroliers — impact op verkoop, traffic en merkperceptie, en voorwaarden voor eigen koffiemerk	Exacte, actuele koffieverkoopcijfers per specifiek station voor Q8, Total en Shell binnen de BeNeLux zijn bedrijfsgeheimen en "data niet beschikbaar".	*Belangrijke beperking voor de lezer: Exacte, actuele koffieverkoopcijfers (in stuks of absolute omzet) per specifiek station voor Q8, Total, en Shell binnen de BeNeLux vallen onder strikte bedrijfsgeheimen. Derhalve is deze specifieke lokale data op station-niveau expliciet **"data niet beschikbaar"**.*
Koffiestrategieën van BeNeLux-petroliers — impact op verkoop, traffic en merkperceptie, en voorwaarden voor eigen koffiemerk	Extreme kwaliteitsperceptie omvat 100% Arabica, zichtbare duurzaamheidscertificeringen (Rainforest Alliance) en state-of-the-art bereidingsapparatuur die de barista-ervaring automatiseert.	Acceptatie van een eigen petrolier-merk slaagt uitsluitend door extreme kwaliteitsperceptie: 100% Arabica, zichtbare duurzaamheidscertificeringen (Rainforest Alliance) en state-of-the-art bereidingsapparatuur die de barista-ervaring automatiseert.
Koffiestrategieën van BeNeLux-petroliers — impact op verkoop, traffic en merkperceptie, en voorwaarden voor eigen koffiemerk	Foodserviceverkopen bij benzinestations zijn sinds 2020 met 50% gestegen.	foodserviceverkopen bij benzinestations zijn met 50% gestegen since 2020.
Koffiestrategieën van BeNeLux-petroliers — impact op verkoop, traffic en merkperceptie, en voorwaarden voor eigen koffiemerk	Fuel-traffic daalt als gevolg van elektrificatie.	fuel-traffic daalt door elektrificatie, en shopomzet wordt de nieuwe margebasis.
Koffiestrategieën van BeNeLux-petroliers — impact op verkoop, traffic en merkperceptie, en voorwaarden voor eigen koffiemerk	Gasten bekommeren zich steeds meer om de herkomst van producten en ketentransparantie.	Gasten bekommeren zich steeds meer om de herkomst van producten en ketentransparantie.
Koffiestrategieën van BeNeLux-petroliers — impact op verkoop, traffic en merkperceptie, en voorwaarden voor eigen koffiemerk	Geen enkele brandstofmarge kan de percentages van koffiemarges benaderen.	Geen enkele brandstofmarge kan dergelijke percentages benaderen; brandstof genereerde in 2023 weliswaar 67,3% van de omzet, maar nam slechts 38,6% van de winst voor zijn rekening.
Koffiestrategieën van BeNeLux-petroliers — impact op verkoop, traffic en merkperceptie, en voorwaarden voor eigen koffiemerk	Groei in de convenience-sector werd mede gedragen door private label-winst en core basket-categorieën zoals koffie en tabak.	In de convenience-sector werd groei mede gedragen door private label-winst en core basket-categorieën zoals koffie en tabak.
Koffiestrategieën van BeNeLux-petroliers — impact op verkoop, traffic en merkperceptie, en voorwaarden voor eigen koffiemerk	Het apparaat is de kwaliteitsgarantie die het gebrek aan een A-merk compenseert.	LUKOIL moet de aanschaf van deze peperdure Zwitserse volautomaten zien als een marketinguitgave; het apparaat *is* de kwaliteitsgarantie die het gebrek aan een A-merk compenseert.
Koffiestrategieën van BeNeLux-petroliers — impact op verkoop, traffic en merkperceptie, en voorwaarden voor eigen koffiemerk	Het Café Bonjour-concept moest eenvoudig te integreren zijn in het bestaande shopinterieur voor een kostenefficiënte uitrol.	Een voorwaarde voor de foodservice-ontwikkeling was dat het Café Bonjour-concept met de nieuwe bakery eenvoudig te integreren was in het bestaande shopinterieur, om een toegankelijke en kostenefficiënte uitrol door Nederland mogelijk te maken.
Koffiestrategieën van BeNeLux-petroliers — impact op verkoop, traffic en merkperceptie, en voorwaarden voor eigen koffiemerk	Het eigen LUKOIL koffiemerk moet exclusief geprofileerd worden met 100% Arabica en prominente Rainforest Alliance of Fairtrade logo's.	Profiel het eigen LUKOIL koffiemerk exclusief met 100% Arabica en prominente Rainforest Alliance of Fairtrade logo's.
Koffiestrategieën van BeNeLux-petroliers — impact op verkoop, traffic en merkperceptie, en voorwaarden voor eigen koffiemerk	Het Esso-merk wordt gepositioneerd als een pure brandstofbestemming.	Esso heeft geen eigen convenience food/koffie-brand in de BeNeLux — het merk wordt als pure fuel-destination gepositioneerd.
Koffiestrategieën van BeNeLux-petroliers — impact op verkoop, traffic en merkperceptie, en voorwaarden voor eigen koffiemerk	Het gigantische Q8-station in Berchem (Luxemburg) werd medio 2025 heropend.	De absolute bekroning van deze strategie is het gigan [vertexaisearch.cloud.google.com](https://vertexaisearch.cloud.google.com/grounding-api-redirect/AUZIYQEbUWKnPcasyKQCxntiCfj8JjmcG0l3GthAT7_CZl2BcOtDhpsIzo5NFpvLK-mITqbacHKrjOe7UkoINj-8NUgZ5KGCXreBDckFvgn29n5W2dUXtE3y_rOuF6JSRYyiJmPAmktnYYWUXaefkhheITMGv0Jhcs7eb3xKvoqSrH6t) [vertexaisearch.cloud.google.com](https://vertexaisearch.cloud.google.com/grounding-api-redirect/AUZIYQEAvVPv9E3Gi7-LHON9Pov3t9EgLb16-n1amD5ttGU3znwTAgtTDoLHTzjDWkrW5SAHUfcxr5Lq-uSp45U7B9bCn820TnQvPCHoU0pfHOyb3NAyIDEJjEEQXJ-piyGyiaFjXv-vKK1YDwELVCBMGeRCfnv3o9GxGBE6iio1CobSfvHag47sf7-VpknxtERh_JPKWOHkCk1gReMSoE7YMJT-KXgmHzyRtsJhK9Vf12eEj8KVfKc0McsbBJSYwTVO1zMGDM4s)tische Q8-station in Berchem (Luxemburg). Deze locatie werd medio 2025 heropend en is het grootste tankstation van Europa.
Koffiestrategieën van BeNeLux-petroliers — impact op verkoop, traffic en merkperceptie, en voorwaarden voor eigen koffiemerk	Het installeren van handmatige espresso-apparaten in een brandstofomgeving waar personeel ook de kassa en voorraad beheert, leidt tot fluctuerende kwaliteit en trage service.	Het installeren van handmatige espresso-apparaten in een brandstofomgeving waar personeel ook de kassa en voorraad beheert, leidt tot fluctuerende kwaliteit en trage service [cite: 15].
Koffiestrategieën van BeNeLux-petroliers — impact op verkoop, traffic en merkperceptie, en voorwaarden voor eigen koffiemerk	Het koffiemeubel mag nooit geïsoleerd staan, het moet het epicentrum van de bakkerij zijn.	Het koffiemeubel mag nooit geïsoleerd staan, het moet het epicentrum van de bakery zijn.
Koffiestrategieën van BeNeLux-petroliers — impact op verkoop, traffic en merkperceptie, en voorwaarden voor eigen koffiemerk	Het 'Lavazza premium coffee' concept en 'Go Fresh Coffee Kiosks' zijn expliciet bedoeld om de verblijftijd en de shopbestedingen te verhogen.	Ze rolden het 'Lavazza premium coffee' concept uit (p [vertexaisearch.cloud.google.com](https://vertexaisearch.cloud.google.com/grounding-api-redirect/AUZIYQHRfLLiTSwUAXOSBAn5bnRRz-XwXa61qds71fU0WaZ5hh2RaK54hpdBOGlxhUrrnHflphf01pgRJAY-uEn_b0RNSIwD4kbfgK-YYzJbM6WQr2GxmgHdduO4IP4g5N8RmrI5zyvTevvfq8INiPiZibKHlO29zdLFAWlNbpN7F7WIUAEsm7iXhEzyQtU-MEemHOCvMtyr8f1QStoON7cCb8XGlX3WzzXhzVJ0XGLY7cywoskHFEir4fWEh0H8mLViS34AUQD9LZoQE5anqil2gg==) [vertexaisearch.cloud.google.com](https://vertexaisearch.cloud.google.com/grounding-api-redirect/AUZIYQFJdTAl9IBJbOBV6hJhWZUwf5sw3JB2-By9BIUBkpPCmp_OU9PJL0qlbyz0HJydAYUZ10HqJDk49XHR7nqJT1uJ27wwMxZpZkbMWN5YbOerISxuNkcqYanVbvFG8gZHctu0U95jQ_hteQmg41xvxk83kax_cTBXuclq0Rd2XzLZN1RssPEFXPohhD6zXQKKJui-0uoSsgYObXUmgrHRQ7pUF3NfifsK1jFDEsxBHEQyfk3hOP5PABE0jC8z0INMi2YklHG1IhK8m-UqEk9KqyJjMykCEA=)rijspunt circa €2,00 - €2,50) in combinatie met 'Go Fresh Coffee Kiosks', expliciet bedoeld om de verblijftijd en de shopbestedingen te verhogen.
Koffiestrategieën van BeNeLux-petroliers — impact op verkoop, traffic en merkperceptie, en voorwaarden voor eigen koffiemerk	Het LUKOIL eigen merk moet vanaf dag één een 'Cold Coffee' module integreren met personalisatie-opties om de jongere demografie aan te boren.	Het LUKOIL eigen merk moet vanaf dag één een 'Cold Coffee' module integreren met personalisatie-opties om de jongere demografie aan te boren.
Koffiestrategieën van BeNeLux-petroliers — impact op verkoop, traffic en merkperceptie, en voorwaarden voor eigen koffiemerk	Het Nationaal Petrol Onderzoek 2025 benadrukt een sector in transitie.	Het Nationaal Petrol Onderzoek 2025 benadrukt een sector in transitie: brandstofvolumes nemen af, EV-adoptie stijgt en foodserviceverkopen bij benzinestations zijn met 50% gestegen since 2020.
Koffiestrategieën van BeNeLux-petroliers — impact op verkoop, traffic en merkperceptie, en voorwaarden voor eigen koffiemerk	Het netwerk van LUKOIL is met circa 260 stations kleiner dan dat van Q8 (450+ in België alleen).	Met circa 260 stations is het netwerk kleiner dan Q8 (450+ in België alleen).
Koffiestrategieën van BeNeLux-petroliers — impact op verkoop, traffic en merkperceptie, en voorwaarden voor eigen koffiemerk	Het nieuwe Café Bonjour-concept legt de nadruk op foodservice en de beleving van verse voeding en dranken.	Kenmerkend voor het nieuwe concept is dat de shop niet langer om benzine en tabak draait, maar de nadruk legt op foodservice en de beleving van verse voeding en dranken.
Koffiestrategieën van BeNeLux-petroliers — impact op verkoop, traffic en merkperceptie, en voorwaarden voor eigen koffiemerk	Het profileren met 100% Arabica en duurzaamheidslogo's rechtvaardigt direct een premium prijspunt dat kan concurreren met de €2,50 - €3,50 van de concurrentie.	Dit rechtvaardigt direct een premium prijspunt dat kan concurreren met de €2,50 - €3,50 van de concurrentie.
Koffiestrategieën van BeNeLux-petroliers — impact op verkoop, traffic en merkperceptie, en voorwaarden voor eigen koffiemerk	Het Q8-station in Berchem (Luxemburg) is het grootste tankstation van Europa.	Deze locatie werd medio 2025 heropend en is het grootste tankstation van Europa.
Koffiestrategieën van BeNeLux-petroliers — impact op verkoop, traffic en merkperceptie, en voorwaarden voor eigen koffiemerk	Het Q8-station in Berchem bedient dagelijks tot 25.000 klanten.	Het station is dertig keer groter dan een gemiddeld Europees tankstation, telt 51 pompen, bedient dagelijks tot 25.000 klanten en realiseert de hoogste omzet van Europa.
Koffiestrategieën van BeNeLux-petroliers — impact op verkoop, traffic en merkperceptie, en voorwaarden voor eigen koffiemerk	Het Q8-station in Berchem is dertig keer groter dan een gemiddeld Europees tankstation.	Het station is dertig keer groter dan een gemiddeld Europees tankstation, telt 51 pompen, bedient dagelijks tot 25.000 klanten en realiseert de hoogste omzet van Europa.
Koffiestrategieën van BeNeLux-petroliers — impact op verkoop, traffic en merkperceptie, en voorwaarden voor eigen koffiemerk	Het Q8-station in Berchem realiseert de hoogste omzet van Europa.	Het station is dertig keer groter dan een gemiddeld Europees tankstation, telt 51 pompen, bedient dagelijks tot 25.000 klanten en realiseert de hoogste omzet van Europa.
Koffiestrategieën van BeNeLux-petroliers — impact op verkoop, traffic en merkperceptie, en voorwaarden voor eigen koffiemerk	Het Q8-station in Berchem telt 51 pompen.	Het station is dertig keer groter dan een gemiddeld Europees tankstation, telt 51 pompen, bedient dagelijks tot 25.000 klanten en realiseert de hoogste omzet van Europa.
Koffiestrategieën van BeNeLux-petroliers — impact op verkoop, traffic en merkperceptie, en voorwaarden voor eigen koffiemerk	Het Russische-eigendom-stigma heeft in 2023-2025 directe invloed gehad op de merkperceptie van LUKOIL bij bewuste consumenten in de BeNeLux.	Het Russische-eigendom-stigma heeft in 2023–2025 directe invloed gehad op de merkperceptie van LUKOIL bij bewuste consumenten in de BeNeLux.
Koffiestrategieën van BeNeLux-petroliers — impact op verkoop, traffic en merkperceptie, en voorwaarden voor eigen koffiemerk	Het succes van Café Bonjour is deels te danken aan de eenvoudige integratie van het concept in het bestaande shopinterieur.	Café Bonjour's succes is deels te danken aan de voorwaarde dat het concept eenvoudig in bestaand shopinterieur integreert, voor een kostenefficiënte uitrol.
Koffiestrategieën van BeNeLux-petroliers — impact op verkoop, traffic en merkperceptie, en voorwaarden voor eigen koffiemerk	Honderden stations in de BeNeLux-regio zullen de komende jaren worden omgebouwd naar het Circle K-concept.	De ombouw van een traditionele shop naa [vertexaisearch.cloud.google.com](https://vertexaisearch.cloud.google.com/grounding-api-redirect/AUZIYQH3vc3Gc9j_8l16FK1nXox4jcKakHTnI4ZmDIxV-j3ScupzBwc10w3cDKeVPZDc5r6aSZyYCpSwxtPcPRrZMarEg_ubwUXTdolYIufr1dNlz0A-yXYj9BYf21EFVphxcYXLKC8=) [vertexaisearch.cloud.google.com](https://vertexaisearch.cloud.google.com/grounding-api-redirect/AUZIYQEzOU-OpU7rB9jFfggVKAjmj9ZyBXhJXm7lMTJjqFirWJHZiRQMvQm-104PRzhvjCELkxabg3HeAr-ufDx9IS2yvEMwIROZ1ewVgbne05iDIH-Ke03ukBs5z3obLhzmaHU52E-1cIeTSAdjxDQXltcQQVmtEPBDr26Zia20EOcTOGK-AnqgxRolWhSfYjQre1BJ6lDuvGHjp2ECHBcyW-Er6BpSQ-whXR-UXcS-jbE-NoLX56zS) [vertexaisearch.cloud.google.com](https://vertexaisearch.cloud.google.com/grounding-api-redirect/AUZIYQE-H-8WvpgZ2I5IzYVVJAKQiaio-5hiQeQM0gNLsYMOsw8ByrcbI_0feWma9W57NwsEOHRIO2NOm2PI1g-W_7rRLGUnYcXrYG_hYJeWUojf4nC5wO2LijLJA-TMNIrvx5JzmhGnl8nLK1zhEx7VwvX0ew7_QnRo4aLhpltPlVa1PAYQesioWAZsWLcjzjQ38djuKxeB3_ibVFAs3caYUYHA5f7LGqBF2wEaC9M=)r het Circle K-concept neemt maximaal zeven dagen per station in beslag, waarbij de komende jaren honderden stations in de regio aan de beurt zijn.
Koffiestrategieën van BeNeLux-petroliers — impact op verkoop, traffic en merkperceptie, en voorwaarden voor eigen koffiemerk	Import van groene koffie via Nederland steeg met +97.904 ton in 2023.	Koffieverkeer via Belgische havens daalde met 27% in 2023 (-60.489 ton), terwijl import via Nederland steeg met +97.904 ton — een verschuiving in het port-of-entry van groene koffie in de BeNeLux van Antwerpen naar Rotterdam.
Koffiestrategieën van BeNeLux-petroliers — impact op verkoop, traffic en merkperceptie, en voorwaarden voor eigen koffiemerk	Impuls-aankopen vertegenwoordigen 65% van de food-verkoop in c-stores.	Impulse-aankopen vertegenwoordigen 65% van de food-verkoop in c-stores [cite: 44].
Koffiestrategieën van BeNeLux-petroliers — impact op verkoop, traffic en merkperceptie, en voorwaarden voor eigen koffiemerk	In 2021-2022 vond de uitbreiding van Café Bonjour naar het Belgische/Nederlandse netwerk plaats.	2021–2022	Uitbreiding naar Belgium/NL-netwerk
Koffiestrategieën van BeNeLux-petroliers — impact op verkoop, traffic en merkperceptie, en voorwaarden voor eigen koffiemerk	In 2022 vond de uitrol van Shell Café plaats in België en een uitbreiding in Nederland.	2022	Rollout België + uitbreiding NL
Koffiestrategieën van BeNeLux-petroliers — impact op verkoop, traffic en merkperceptie, en voorwaarden voor eigen koffiemerk	In 2025 waren er meer dan 1.800 Shell Café-locaties wereldwijd, inclusief het volledige bemande netwerk in de BeNeLux.	2025	>1.800 Shell Café-locaties wereldwijd (incl. volledige BeNeLux staffed netwerk)
Koffiestrategieën van BeNeLux-petroliers — impact op verkoop, traffic en merkperceptie, en voorwaarden voor eigen koffiemerk	In 2026 vonden de eerste Circle K-shopintegraties plaats op dealerlocaties, naast Café Bonjour.	2026	Eerste Circle K-shopintegraties op dealerlocaties (naast Café Bonjour)
Koffiestrategieën van BeNeLux-petroliers — impact op verkoop, traffic en merkperceptie, en voorwaarden voor eigen koffiemerk	In de convenience sector eist 48% expliciet specialty machines.	In de convenience sector geeft 60% de voorkeur aan moderne dispensers en 48% eist expliciet specialty machines.
Koffiestrategieën van BeNeLux-petroliers — impact op verkoop, traffic en merkperceptie, en voorwaarden voor eigen koffiemerk	In de convenience sector geeft 60% de voorkeur aan moderne dispensers.	In de convenience sector geeft 60% de voorkeur aan moderne dispensers en 48% eist expliciet specialty machines.
Koffiestrategieën van BeNeLux-petroliers — impact op verkoop, traffic en merkperceptie, en voorwaarden voor eigen koffiemerk	In het VK groeien premium private label-tiers drie tot vier keer sneller dan value private label-lijnen.	In het VK groeien premium private label-tiers drie tot vier keer sneller dan value private label-lijnen, omdat consumenten onder financiële druk zoeken naar een betaalbare vorm van escapisme.
Koffiestrategieën van BeNeLux-petroliers — impact op verkoop, traffic en merkperceptie, en voorwaarden voor eigen koffiemerk	In januari 2024 kwam de winnende koffiespecialiteit 'Latte Sweet Pistachio' beschikbaar op alle Shell-stations met een bakkerij in de BeNeLux.	Jan. 2024	Winnende koffiespecialiteit 'Latte Sweet Pistachio' op alle BeNeLux Bakery-Shell-stations
Koffiestrategieën van BeNeLux-petroliers — impact op verkoop, traffic en merkperceptie, en voorwaarden voor eigen koffiemerk	In januari 2026 vond de overname van 7 Cora-sites plaats, wat leidde tot verdere Panos/McDonald's integratie.	Jan. 2026	Overname 7 Cora-sites → verdere Panos/McDonald's integratie
Koffiestrategieën van BeNeLux-petroliers — impact op verkoop, traffic en merkperceptie, en voorwaarden voor eigen koffiemerk	In Nederland telt LUKOIL ongeveer 70 LUKOIL-stations.	In Nederland telt LUKOIL rond de 70 LUKOIL-stations.
Koffiestrategieën van BeNeLux-petroliers — impact op verkoop, traffic en merkperceptie, en voorwaarden voor eigen koffiemerk	In Q2 2025 daalden de totale verkopen in convenience stores met bijna 8%.	In Q2 2025 daalden totale sales in convenience stores bijna 8%, met fuel meer dan 12% neerwaarts.
Koffiestrategieën van BeNeLux-petroliers — impact op verkoop, traffic en merkperceptie, en voorwaarden voor eigen koffiemerk	In slechts acht weken tijd werden elf Circle K shops gerealiseerd in voormalige TotalEnergies-stations in Nederland, België, Duitsland en Luxemburg.	De schaal en snelheid zijn ongekend: in slechts acht weken tijd werden er elf Circle K shops gerealiseerd in voormalige TotalEnergies-stations verspreid over Nederland (o.a. Bijleveld, Schiphol, Reeuwijk), België (Nijvel, Anderlecht, Eindhout), Duitsland en Luxemburg.
Koffiestrategieën van BeNeLux-petroliers — impact op verkoop, traffic en merkperceptie, en voorwaarden voor eigen koffiemerk	In vernieuwde Shell-stations, zoals de 'Mobility Hub' in Den Haag of De Lucht-West en De Lucht-Oost aan de A2, fungeert Shell Café als bestemming met zitplekken en werkruimtes.	In deze vernieuwde stations, zoals de 'Mobi [vertexaisearch.cloud.google.com](https://vertexaisearch.cloud.google.com/grounding-api-redirect/AUZIYQF-twX8nAgcPD5dj1q2TpulMegErAxri9Fy8RDuflsOcUbS87x5zvNYr-DfbJ35P0MX50EcxzHSQ_rb-fCoE61OE2tf9pE5Hvh-CWIasMteE59CiHg7bQDs5gShTlnt8ltCdMPBT0VT4DtSGA0z0yBSUPTKId7_cjNvppuJyi0HlzvLbIo2Gq2Q6WE0Xw6BHcra--plpGM=)lity Hub' in Den Haag of de recent vernieuwde stations De Lucht-West en De Lucht-Oost aan de A2, fungeert Shell Café als bestemming met zitplekken en werkruimtes.
Koffiestrategieën van BeNeLux-petroliers — impact op verkoop, traffic en merkperceptie, en voorwaarden voor eigen koffiemerk	In zeven weken tijd vernieuwde EG Group 356 koffiemachines op 267 Esso- en Texaco-locaties in samenwerking met Premium Coffee Group (Franke/Bluespresso).	In slechts zeven weken tijd vernieuwden zij in samenwerking met Premium Coffee Group (Franke/Bluespresso) 356 koffiemachines op 267 Esso- en Texaco-locaties.
Koffiestrategieën van BeNeLux-petroliers — impact op verkoop, traffic en merkperceptie, en voorwaarden voor eigen koffiemerk	Inconsistente productkwaliteit over het netwerk heen is een kritische variabele die tot mislukking kan leiden.	Mislukken ligt in één variabele: inconsistente productkwaliteit over het netwerk heen.
Koffiestrategieën van BeNeLux-petroliers — impact op verkoop, traffic en merkperceptie, en voorwaarden voor eigen koffiemerk	Integratie van foodservice en koffie verhoogt de gemiddelde 'basket size' van circa $7,80 naar $14,-.	Integratie van foodservice en koffie verhoogt de gemiddelde 'basket size' van circa $7,80 naar $14,-, gedreven door hoge cross-merchandising ratio's.
Koffiestrategieën van BeNeLux-petroliers — impact op verkoop, traffic en merkperceptie, en voorwaarden voor eigen koffiemerk	Investeren in bean-to-cup systemen bespaart 90 minuten tot 3 uur arbeidstijd per filiaal per dag.	Investeren in deze systemen bespaart 90 minuten tot 3 uur arbeidstijd per filiaal per dag [cite: 45, 46, 47].
Koffiestrategieën van BeNeLux-petroliers — impact op verkoop, traffic en merkperceptie, en voorwaarden voor eigen koffiemerk	Klanten die foodservice (inclusief koffie) kopen bij een tankstation hebben een gemiddeld 40-60% hogere transactiewaarde dan pure brandstofklanten.	Klanten die foodservice (inclusief koffie) kopen bij een tankstation hebben een gemiddeld 40–60% hogere transactiewaarde dan pure fuel-only klanten.
Koffiestrategieën van BeNeLux-petroliers — impact op verkoop, traffic en merkperceptie, en voorwaarden voor eigen koffiemerk	Klanten lijden aan het 'Endowment-effect', wat irrationele loyaliteit aan bestaande A-merken inhoudt.	Klanten lijden aan het 'Endowment-effect' (irrationele loyaliteit aan bestaande A-merken).
Koffiestrategieën van BeNeLux-petroliers — impact op verkoop, traffic en merkperceptie, en voorwaarden voor eigen koffiemerk	Koffie heeft geen strategische rol in het Tango-model.	Koffie heeft in het Tango-model geen strategische rol — bevestigt de dual-track strategie van Q8.
Koffiestrategieën van BeNeLux-petroliers — impact op verkoop, traffic en merkperceptie, en voorwaarden voor eigen koffiemerk	Koffie is de meest frequente herhalingsaankoop in het convenience-kanaal.	Koffie is daarin geen bijzaak — het is de meest frequente herhalingsaankoop in het convenience-kanaal en de sterkste traffic-driver die geen fuel vereist.
Koffiestrategieën van BeNeLux-petroliers — impact op verkoop, traffic en merkperceptie, en voorwaarden voor eigen koffiemerk	Koffie is de sterkste traffic-driver die geen brandstof vereist.	Koffie is daarin geen bijzaak — het is de meest frequente herhalingsaankoop in het convenience-kanaal en de sterkste traffic-driver die geen fuel vereist.
Koffiestrategieën van BeNeLux-petroliers — impact op verkoop, traffic en merkperceptie, en voorwaarden voor eigen koffiemerk	Koffie is een instrument om tankklanten om te zetten in shopklanten.	Koffie is niet de bestemming — koffie is het instrument om van tankklanten shopklanten te maken.
Koffiestrategieën van BeNeLux-petroliers — impact op verkoop, traffic en merkperceptie, en voorwaarden voor eigen koffiemerk	Koffie is een ritueel product.	Koffie is een ritueel product.
Koffiestrategieën van BeNeLux-petroliers — impact op verkoop, traffic en merkperceptie, en voorwaarden voor eigen koffiemerk	Koffie is een strategische bestemming geworden, niet langer een bijproduct.	Terwijl de elektrificatie van het wagenpark de verblijftijd op tankstations verlengt, fungeert koffie niet langer als een bijproduct, maar als een strategische bestemming.
Koffiestrategieën van BeNeLux-petroliers — impact op verkoop, traffic en merkperceptie, en voorwaarden voor eigen koffiemerk	Koffie is het antwoord met de laagste investering en hoogste frequentie op de druk van dalende brandstofverkoop.	Koffie is de laagste-investering, hoogste-frequentie antwoord op die druk.
Koffiestrategieën van BeNeLux-petroliers — impact op verkoop, traffic en merkperceptie, en voorwaarden voor eigen koffiemerk	Koffieverkeer via Belgische havens daalde met 27% in 2023 (-60.489 ton).	Koffieverkeer via Belgische havens daalde met 27% in 2023 (-60.489 ton), terwijl import via Nederland steeg met +97.904 ton — een verschuiving in het port-of-entry van groene koffie in de BeNeLux van Antwerpen naar Rotterdam.
Koffiestrategieën van BeNeLux-petroliers — impact op verkoop, traffic en merkperceptie, en voorwaarden voor eigen koffiemerk	Koude koffie is de sleutel tot het openbreken van de traffic-piek in de namiddag.	Koude koffie is de sleutel tot het openbreken van de traffic-piek in de namiddag.
Koffiestrategieën van BeNeLux-petroliers — impact op verkoop, traffic en merkperceptie, en voorwaarden voor eigen koffiemerk	KPMG voorspelt dat 80% van de detailhandelswinst in brandstof tegen het midden van de jaren 2030 uit niet-brandstofproducten en -diensten kan komen.	KPMG voorspelt dat 80% van de detailhandelswinst in brandstof uit niet-brandstofproducten en -diensten kan komen tegen het midden van de jaren 2030.
Koffiestrategieën van BeNeLux-petroliers — impact op verkoop, traffic en merkperceptie, en voorwaarden voor eigen koffiemerk	LUKOIL bevindt zich in een bijzondere eigendomssituatie na de overname door Carlyle.	LUKOIL is achter en bevindt zich bovendien in een bijzondere eigendomssituatie na overname door Carlyle.
Koffiestrategieën van BeNeLux-petroliers — impact op verkoop, traffic en merkperceptie, en voorwaarden voor eigen koffiemerk	LUKOIL dient de introductie van het merk te koppelen aan de LUKOIL-app (bijv. eerste proefkoffie gratis voor app-gebruikers).	LUKOIL dient de introductie van het merk te koppelen aan de LUKOIL-app (bijv. eerste proefkoffie gratis voor app-gebruikers).
Koffiestrategieën van BeNeLux-petroliers — impact op verkoop, traffic en merkperceptie, en voorwaarden voor eigen koffiemerk	LUKOIL heeft historisch 185 tankstations in België, 75 in Nederland en 2 in Luxemburg.	LUKOIL heeft (historisch) 185 tankstations in België, 75 in Nederland en 2 in Luxemburg.
Koffiestrategieën van BeNeLux-petroliers — impact op verkoop, traffic en merkperceptie, en voorwaarden voor eigen koffiemerk	LUKOIL is de enige relevante speler in de BeNeLux fuel retail zonder een gedefinieerde koffiestrategie.	LUKOIL is de enige relevante speler in de BeNeLux fuel retail zonder een gedefinieerde koffiestrategie.
Koffiestrategieën van BeNeLux-petroliers — impact op verkoop, traffic en merkperceptie, en voorwaarden voor eigen koffiemerk	LUKOIL mag nooit afhankelijk zijn van de barista-vaardigheden van pompmedewerkers.	LUKOIL mag nooit afhankelijk zijn van de barista-vaardigheden van pompmedewerkers.
Koffiestrategieën van BeNeLux-petroliers — impact op verkoop, traffic en merkperceptie, en voorwaarden voor eigen koffiemerk	LUKOIL moet de aanschaf van peperdure Zwitserse volautomaten zien als een marketinguitgave.	LUKOIL moet de aanschaf van deze peperdure Zwitserse volautomaten zien als een marketinguitgave; het apparaat *is* de kwaliteitsgarantie die het gebrek aan een A-merk compenseert.
Koffiestrategieën van BeNeLux-petroliers — impact op verkoop, traffic en merkperceptie, en voorwaarden voor eigen koffiemerk	LUKOIL moet de shop-layout herinrichten (zoals de 'queue-line' van Circle K) zodat koffie fysiek verbonden is met de bakkerij.	LUKOIL moet de shop-layout herinrichten (zoals de 'queue-line' van Circle K) zodat koffie fysiek verbonden is met de bakkerij, ondersteund door permanente "Koffie + Snack"-promoties.
Koffiestrategieën van BeNeLux-petroliers — impact op verkoop, traffic en merkperceptie, en voorwaarden voor eigen koffiemerk	LUKOIL moet het vertrouwen "lenen" van onafhankelijke keurmerken om het Endowment-effect te verslaan.	Om het Endowment-effect te verslaan, moet LUKOIL het vertrouwen "lenen" van onafhankelijke keurmerken.
Koffiestrategieën van BeNeLux-petroliers — impact op verkoop, traffic en merkperceptie, en voorwaarden voor eigen koffiemerk	LUKOIL moet investeren in Bean-to-cup systemen voor snelheid en consistentie.	Ze moeten investeren in **Bean-to-cup** systemen (machines die verse bonen malen, tämperen en zetten in één druk op de knop, inclusief automatische melkschuimsystemen).
Koffiestrategieën van BeNeLux-petroliers — impact op verkoop, traffic en merkperceptie, en voorwaarden voor eigen koffiemerk	LUKOIL werd eind januari overgenomen door de Amerikaanse investeringsmaatschappij Carlyle.	LUKOIL, dat eind januari werd overgenomen door de Amerikaanse investeringsmaatschappij Carlyle, investeert weer in uitbreiding van het aantal tankstationlocaties.
Koffiestrategieën van BeNeLux-petroliers — impact op verkoop, traffic en merkperceptie, en voorwaarden voor eigen koffiemerk	LUKOIL-tankkaarthouders kunnen tanken bij partnerstations van OCTA+, Maes, Power, Gabriels en diverse Esso-stations in België.	LUKOIL-tankkaarthouders kunnen naast LUKOIL-stations ook tanken bij partnerstations van OCTA+, Maes, Power, Gabriels en diverse Esso-stations in België.
Koffiestrategieën van BeNeLux-petroliers — impact op verkoop, traffic en merkperceptie, en voorwaarden voor eigen koffiemerk	Marktleiders zoals TotalEnergies (via Circle K) en Shell bouwen agressief eigen koffiemerken om de ketenmarge te behouden.	Marktleiders zoals TotalEnergies (via Circle K) en Shell bouwen agressief eigen merken (Shell Café, Circle K-koffie) om de ketenmarge te behouden.
Koffiestrategieën van BeNeLux-petroliers — impact op verkoop, traffic en merkperceptie, en voorwaarden voor eigen koffiemerk	Marktonderzoeker IRI constateerde dat simpelweg leunen op distributievoordeel niet meer werkte voor private labels.	Marktonderzoeker IRI constateerde dat simpelweg leunen op distributievoordeel niet meer werkte; merken moesten gaan innoveren op voedingseigenschappen (zoals energy of duurzaamheid) omdat consumenten de generieke huismerken lieten staan tijdens periodes van sterke prijsconcurrentie [cite: 41].
Koffiestrategieën van BeNeLux-petroliers — impact op verkoop, traffic en merkperceptie, en voorwaarden voor eigen koffiemerk	Meer dan 50% van de consumenten in convenience stores koopt wekelijks warme koffie.	Meer dan 50% van de consumenten in convenience stores koopt wekelijks warme koffie, waarbij deze bezoeken grotendeels *gepland* zijn [cite: 33].
Koffiestrategieën van BeNeLux-petroliers — impact op verkoop, traffic en merkperceptie, en voorwaarden voor eigen koffiemerk	Meer dan 90% van de bezoekers komt voor voedsel of drank.	Meer dan 90% van de bezoekers komt voor voedsel of drank [cite: 43].
Koffiestrategieën van BeNeLux-petroliers — impact op verkoop, traffic en merkperceptie, en voorwaarden voor eigen koffiemerk	Meer dan de helft van de koude koffieconsumptie door Gen Z vindt plaats in de namiddag/avond.	Bijna de helft van de dagelijkse koffieconsumptie door Gen Z is koud, en meer dan de helft hiervan vindt plaats in de namiddag/avond [cite: 33, 47].
Koffiestrategieën van BeNeLux-petroliers — impact op verkoop, traffic en merkperceptie, en voorwaarden voor eigen koffiemerk	Merken moesten innoveren op voedingseigenschappen (zoals energie of duurzaamheid) omdat consumenten generieke huismerken lieten staan tijdens periodes van sterke prijsconcurrentie.	Marktonderzoeker IRI constateerde dat simpelweg leunen op distributievoordeel niet meer werkte; merken moesten gaan innoveren op voedingseigenschappen (zoals energy of duurzaamheid) omdat consumenten de generieke huismerken lieten staan tijdens periodes van sterke prijsconcurrentie [cite: 41].
Koffiestrategieën van BeNeLux-petroliers — impact op verkoop, traffic en merkperceptie, en voorwaarden voor eigen koffiemerk	Nederland kanaliseerde 6,0% van de groene koffie-imports in de EU in 2023.	België importeerde nog steeds 12,8% van het totale groene koffie-volume in de EU in 2023 en is het derde grootste importerende land; Nederland kanaliseerde 6,0% van de imports.
Koffiestrategieën van BeNeLux-petroliers — impact op verkoop, traffic en merkperceptie, en voorwaarden voor eigen koffiemerk	Nederland was het pilotland voor de mondiale uitrol van Shell Café.	Nederland was dus het pilotland voor het mondiale Shell Café-rollout — een strategisch feit van eerste orde.
Koffiestrategieën van BeNeLux-petroliers — impact op verkoop, traffic en merkperceptie, en voorwaarden voor eigen koffiemerk	NielsenIQ rapporteerde dat private label-koffie in 2023 met 11% groeide in West-Europa.	NielsenIQ rapporteerde dat private label-koffie in 2023 met 11% groeide in West-Europa, terwijl kostenbewuste consumenten overstapten zonder in te boeten op boonkwaliteit.
Koffiestrategieën van BeNeLux-petroliers — impact op verkoop, traffic en merkperceptie, en voorwaarden voor eigen koffiemerk	Niet-koffiekopers bezoeken een C-store typisch 1-2 keer per week.	Sectorliteratuur toont consistent dat dagelijkse koffieconsumenten de meest frequente C-store bezoekers zijn — typisch 4–6× per week versus 1–2× voor niet-koffiekopers.
Koffiestrategieën van BeNeLux-petroliers — impact op verkoop, traffic en merkperceptie, en voorwaarden voor eigen koffiemerk	Nu de brandstofverkoop daalt, staat de binnenkant van de winkel onder druk om beter te presteren.	Nu fuel daalt, staat de inside-of-store onder druk om harder te presenten.
Koffiestrategieën van BeNeLux-petroliers — impact op verkoop, traffic en merkperceptie, en voorwaarden voor eigen koffiemerk	Onderzoek toont aan dat consumenten een hogere betalingsbereidheid hebben voor koffie met keurmerken.	Onderzoek toont aan dat consumenten een hogere betalingsbereidheid hebben voor koffie met keurmerken.
Koffiestrategieën van BeNeLux-petroliers — impact op verkoop, traffic en merkperceptie, en voorwaarden voor eigen koffiemerk	Ongeveer zestig teams van Shell-tankstations in Nederland, België, Luxemburg en Frankrijk namen deel aan de Shell Barista Cup.	Aan de Shell Barista Cup — een initiatief van Shell en Selecta — deden zo'n zestig teams van Shell-tankstations in Nederland, België, Luxemburg en Frankrijk mee.
Koffiestrategieën van BeNeLux-petroliers — impact op verkoop, traffic en merkperceptie, en voorwaarden voor eigen koffiemerk	Operationele fouten en derving door verspilling of foutieve aanslagen ('shrink') kunnen oplopen tot 3% van de totale omzet.	Operationele fouten en derving door verspilling of foutieve aanslagen ('shrink') kunnen oplopen tot 3% van de totale omzet, wat de marge van het eigen merk vernietigt [cite: 30].
Koffiestrategieën van BeNeLux-petroliers — impact op verkoop, traffic en merkperceptie, en voorwaarden voor eigen koffiemerk	Operationele implementatie van de strategische ramingen vereist verdere lokale validatie.	*Let wel: dit rapport is uitsluitend voor informatieve doeleinden opgesteld en bevat strategische ramingen gebaseerd op marktonderzoek; operationele implementatie vereist verdere lokale validatie.*
Koffiestrategieën van BeNeLux-petroliers — impact op verkoop, traffic en merkperceptie, en voorwaarden voor eigen koffiemerk	Operationele inconsistentie door personeelsdruk is de tweede hoofdoorzaak van het falen van eigen merken.	Operationele inconsistentie door personeelsdruk is de tweede hoofdoorzaak.
Koffiestrategieën van BeNeLux-petroliers — impact op verkoop, traffic en merkperceptie, en voorwaarden voor eigen koffiemerk	OPEX verwijst naar de doorlopende operationele kosten.	*(Contextuele definities: **CAPEX** verwijst naar eenmalige kapitaalinvesteringen in apparatuur en shop-ombouw. **OPEX** verwijst naar de doorlopende operationele kosten. Een eigen merk eist hogere CAPEX in ruil voor aanzienlijk lagere OPEX omdat dure licentiekosten aan A-merken wegvallen.)*
Koffiestrategieën van BeNeLux-petroliers — impact op verkoop, traffic en merkperceptie, en voorwaarden voor eigen koffiemerk	Panos-integraties bij flagship-stations vonden plaats in 2021-2022.	2021–2022	Panos-integraties bij flagship-stations
Koffiestrategieën van BeNeLux-petroliers — impact op verkoop, traffic en merkperceptie, en voorwaarden voor eigen koffiemerk	Q8 (Shop&Go / Panos) biedt Tall (354ml), Grande (473ml) en Venti (591ml) volume-aanbod.	Tall (354ml), Grande (473ml), Venti (591ml)
Koffiestrategieën van BeNeLux-petroliers — impact op verkoop, traffic en merkperceptie, en voorwaarden voor eigen koffiemerk	Q8 (Shop&Go / Panos) hanteert een A-merk licentie strategie met premium A-merk (Starbucks) kwaliteitspositionering.	Q8 (Shop&Go / Panos)	A-Merk Licentie	Premium A-Merk (Starbucks)
Koffiestrategieën van BeNeLux-petroliers — impact op verkoop, traffic en merkperceptie, en voorwaarden voor eigen koffiemerk	Q8 België is een van de grootste spelers in het land met meer dan 450 brandstof- en laadstations.	Met meer dan 450 brandstof- en laadstations is Q8 België een van de grootste spelers in het land.
Koffiestrategieën van BeNeLux-petroliers — impact op verkoop, traffic en merkperceptie, en voorwaarden voor eigen koffiemerk	Q8 en Esso (EG Group) kiezen voor conversiemaximalisatie via licenties van gevestigde A-merken zoals Starbucks en Lavazza.	Q8 en Esso (EG Group) kiezen daarentegen voor conversiemaximalisatie via licenties van gevestigde A-merken (Starbucks, Lavazza).
Koffiestrategieën van BeNeLux-petroliers — impact op verkoop, traffic en merkperceptie, en voorwaarden voor eigen koffiemerk	Q8 groeit via onbemande Q8 easy-stations en bemande Q8-stations, aangevuld met een netwerk van Q8 electric-laadstations.	Q8 continueert te groeien via onbemande Q8 easy-stations (snel en veilig) en bemande Q8-stations (servicegericht), aangevuld met een netwerk van Q8 electric-laadstations.
Koffiestrategieën van BeNeLux-petroliers — impact op verkoop, traffic en merkperceptie, en voorwaarden voor eigen koffiemerk	Q8 hanteert een hybride strategie met third-party partnerships zoals Starbucks en Panos.	Q8 kiest een hybride route via third-party partnerships (Starbucks, Panos).
Koffiestrategieën van BeNeLux-petroliers — impact op verkoop, traffic en merkperceptie, en voorwaarden voor eigen koffiemerk	Q8 heeft zijn koffiestrategie gebouwd rondom een exclusieve samenwerking met Starbucks by Selecta.	Q8 heeft zijn koffiestrategie gebouwd rondom een exclusieve samenwerking met Starbucks by Selecta, na een data-gedreven smaaktest in 2020 waarbij Starbucks de absolute winnaar bleek.
Koffiestrategieën van BeNeLux-petroliers — impact op verkoop, traffic en merkperceptie, en voorwaarden voor eigen koffiemerk	Q8 is een dominante netwerkeigenaar met bijna 700 servicestations in de BeNeLux-regio onder de merken Q8, Q8 easy en Tango.	Met bijna 700 servicestations in de BeNeLux-regio, onder de merken Q8, Q8 easy en Tango, is Q8 een dominante netwerkeigenaar.
Koffiestrategieën van BeNeLux-petroliers — impact op verkoop, traffic en merkperceptie, en voorwaarden voor eigen koffiemerk	Q8 kiest niet voor een eigen koffiemerk, maar voor branded partnerships met A-merk horeca-spelers.	Q8 kiest uitdrukkelijk niet voor een eigen koffiemerk maar voor branded partnerships met A-merk horeca-spelers — meest expliciet Starbucks.
Koffiestrategieën van BeNeLux-petroliers — impact op verkoop, traffic en merkperceptie, en voorwaarden voor eigen koffiemerk	Q8 kiest voor conversiemaximalisatie via licenties, in tegenstelling tot Circle K en Shell die kiezen voor margemaximalisatie via eigen merken.	Waar Circle K en Shell kiezen voor margemaximalisatie via eigen merken, kiest Q8 voor conversiemaximalisatie via licenties.
Koffiestrategieën van BeNeLux-petroliers — impact op verkoop, traffic en merkperceptie, en voorwaarden voor eigen koffiemerk	Q8 neemt per 1 februari 2026 zeven tankstations over op gerenoveerde Shopping Cora-sites.	Q8 neemt per 1 februari 2026 7 tankstations over op gerenoveerde Shopping Cora-sites in Anderlecht, Châtelineau, Hornu, La Louvière, Rocourt en Sint-Lambrechts-Woluwe.
Koffiestrategieën van BeNeLux-petroliers — impact op verkoop, traffic en merkperceptie, en voorwaarden voor eigen koffiemerk	Q8 plant samen met Storm ongeveer 200 snellaadlocaties.	Q8 plant samen met Storm ongeveer 200 snellaadlocaties, waarvan de helft een Shop&Go, Panos of McDonald's op de site zal hebben.
Koffiestrategieën van BeNeLux-petroliers — impact op verkoop, traffic en merkperceptie, en voorwaarden voor eigen koffiemerk	'Queue-lines' in het midden van de shop leiden de klant efficiënt langs de snackcorner en koffiemachines naar de kassa, wat de conversie sterk verhoogt.	Midden in de shop zijn 'queue-lines' (wac [vertexaisearch.cloud.google.com](https://vertexaisearch.cloud.google.com/grounding-api-redirect/AUZIYQGYOklLQ7HTu_5iwIFYKfq_p90DtsmvGfbtwOno5zXSanW8nJmTY1u_BHa6zWLMqko1AhEFtzGgSpUGuNe68X4TPIljcFp-VCs7uvF6Dw==) [vertexaisearch.cloud.google.com](https://vertexaisearch.cloud.google.com/grounding-api-redirect/AUZIYQG6F8wtrKAe8Sg2oQe5uHpNszsoQUpWC6_gV9FLpYkEw636hPIMH_Y5qJygRiJRbva8jWSzB5PdlRTHTF9DB1VuucaQTR_RGnk8GDOyAJp_q7kDaM22hVjavzjPY1QL2qryNXJP-XNdF5xOS1AqQ-gASSy037R-VFCi4Tgr3gG72tSZdqqTtN_q1J7WYu-k7C6JJR1UCfYS6E4H04Q-ClEgYbtm9jKMuoMoPjpO7gR2JdK7UHw=)htrij-paden) geplaatst die de klant efficiënt langs de snackcorner en de koffiemachines naar de kassa leiden, wat de conversie sterk verhoogt.
Koffiestrategieën van BeNeLux-petroliers — impact op verkoop, traffic en merkperceptie, en voorwaarden voor eigen koffiemerk	Schone faciliteiten, kwaliteitsvoeding en veiligheid definiëren nu succes in de sector.	Schone faciliteiten, kwaliteitsvoeding en veiligheid definiëren nu succes.
Koffiestrategieën van BeNeLux-petroliers — impact op verkoop, traffic en merkperceptie, en voorwaarden voor eigen koffiemerk	Selecta is de operationele ruggengraat van de Shell Café barista-competitie.	Selecta — een professionele machine- en ingrediëntenleverancier — is de operationele backbone van de Shell Café barista-competitie, wat wijst op een gestructureerd B2B-partnership voor de BeNeLux-markten.
Koffiestrategieën van BeNeLux-petroliers — impact op verkoop, traffic en merkperceptie, en voorwaarden voor eigen koffiemerk	Shell (Shell Café) biedt standaard (200ml), medium (300ml) en large (400ml) volume-aanbod.	Standaard (200ml), Medium (300ml), Large (400ml)
Koffiestrategieën van BeNeLux-petroliers — impact op verkoop, traffic en merkperceptie, en voorwaarden voor eigen koffiemerk	Shell (Shell Café) hanteert een eigen merkstrategie met barista & premium self-serve kwaliteitspositionering.	Shell (Shell Café)	Eigen Merk	Barista & Premium Self-Serve
Koffiestrategieën van BeNeLux-petroliers — impact op verkoop, traffic en merkperceptie, en voorwaarden voor eigen koffiemerk	Shell biedt ook koffiealternatieven rond de €3,00 via zelfbedieningsmachines voor prijsbewuste klanten.	Waar consumenten bereid zijn €4,50 te betalen  [vertexaisearch.cloud.google.com](https://vertexaisearch.cloud.google.com/grounding-api-redirect/AUZIYQG0thgg_O8gZ5Dis2FPoLHwE8kj-eNwENVy5eQt7pbvRtm4WR_yAzJYF8z34CRkgAsSfdxmI-7BUEGOHR5i2jM1WiA5clYaITXLeQm79czTCQJbvESgOoRtkmbWKxBp6-UE0hHmWmCNmaeDoFqH3qeTA-D0Kcs0NyG5vcbo1gEFjzMCCIWVygmaEFBXhXdIWuN60aQJ) [vertexaisearch.cloud.google.com](https://vertexaisearch.cloud.google.com/grounding-api-redirect/AUZIYQFYI8ciJ4YK0hQnSBgGMXmSXZTLEIlIisowegaMO_-Sv7MtZ1e1nkXORwa-BOulpo41llcsIwoDuc_1DCg5P4IC0tQ3XwiknFdAjoFmI53thh7w6UKsVLpnGKi4nhLVeWoCvndXrudW48Gz2I-J6jbhk3FGF0emybco0-lUE3oIAzbpcRMQ5wZJoFLXTWlYq9O-nhUtHzWAVexQUFlYdjBXN8cn3w36XyeJrs-VNruq)voor een handgemaakte koffiespecialiteit, biedt Shell ook alternatieven rond de €3,00 via zelfbedieningsmachines om de prijsbewuste klant te bedienen.
Koffiestrategieën van BeNeLux-petroliers — impact op verkoop, traffic en merkperceptie, en voorwaarden voor eigen koffiemerk	Shell bouwt momenteel acht tot negen locaties per week om naar de nieuwe huisstijl van Shell Café.	Shell [vertexaisearch.cloud.google.com](https://vertexaisearch.cloud.google.com/grounding-api-redirect/AUZIYQHDjSnHoRJqhUnDBg9zV1dK1fiz0vyjutucJbu0O8D7sMjwEqv0Zz291wE1-UHIKGZXIyzqUYN0L4nA5xM3a8wCG96pRG32jDtZZ_fwczhS6lw2-mqVfvOr5dAeEvJhRiPbs6Fnq_Q73caQYfLgfRd7yPuT54qcmnWQDInUC4EimTW2FggCDy-nFKW6ynTzshn0bbDc9-RWX5t-xABKY6QoCvJmyjxxoSpIMyHa3RjsXEphCMQkOyH_0Bc1_lUxKMDZ_FRQctl4Juo35lZE8aN0YWWIy-M6AHO1-nLu8xajaB9wXQqx_ShwkxWM6WhBn-6SHW5jGpe_yabGM6ppgIP6_1uVar6su7NV_vx2nX9XBgOcWn3eLlWFn3U=) [vertexaisearch.cloud.google.com](https://vertexaisearch.cloud.google.com/grounding-api-redirect/AUZIYQFA_e17TFp2MwW1M58jsLvY_9nG41Uw5CXdJJ33QwR9qY0oGZ81eXdsojEDfB_7mdE7nk3gTk18IPydeN5ofdqGJIQsydzIMHzySrKZvBdP9z0O4zs1OOBNmBklvDVfRSk5rfEQ) bouwt momenteel acht tot negen locaties per week om naar de nieuwe huisstijl, een gigantische logistieke en financiële investering.
Koffiestrategieën van BeNeLux-petroliers — impact op verkoop, traffic en merkperceptie, en voorwaarden voor eigen koffiemerk	Shell Café is een door Shell centraal ontwikkeld sub-brand.	Volledig eigen merk — Shell Café is een door Shell centraal ontwikkeld sub-brand, gepositioneerd als kwalitatieve barista-coffeeshop-ervaring binnen het tankstation.
Koffiestrategieën van BeNeLux-petroliers — impact op verkoop, traffic en merkperceptie, en voorwaarden voor eigen koffiemerk	Shell Café is gepositioneerd als een kwalitatieve barista-coffeeshop-ervaring binnen het tankstation.	Volledig eigen merk — Shell Café is een door Shell centraal ontwikkeld sub-brand, gepositioneerd als kwalitatieve barista-coffeeshop-ervaring binnen het tankstation.
Koffiestrategieën van BeNeLux-petroliers — impact op verkoop, traffic en merkperceptie, en voorwaarden voor eigen koffiemerk	Shell Café is opgeschaald naar meer dan 1.800 locaties in 20 landen wereldwijd.	Shell lanceerde Shell Café in april 2021 in Nederland en heeft het sindsdien opgeschaald naar meer dan 1.800 locaties in 20 landen wereldwijd.
Koffiestrategieën van BeNeLux-petroliers — impact op verkoop, traffic en merkperceptie, en voorwaarden voor eigen koffiemerk	Shell Café is uitgebreid naar meer dan 1.800 locaties in 20 landen wereldwijd.	Shell lanceerde het Shell Café-concept in april 2021 in Nederland en heeft het sindsdien uitgebreid naar meer dan 1.800 locaties in 20 landen wereldwijd.
Koffiestrategieën van BeNeLux-petroliers — impact op verkoop, traffic en merkperceptie, en voorwaarden voor eigen koffiemerk	Shell Café werd in april 2021 in Nederland gelanceerd.	April 2021	Lancering Shell Café in Nederland (mondiale piloot)
Koffiestrategieën van BeNeLux-petroliers — impact op verkoop, traffic en merkperceptie, en voorwaarden voor eigen koffiemerk	Shell fungeert als de tier-1 benchmark voor de eigenmerkstrategie.	Shell fungeert als de tier-1 benchmark inzake de eigenmerkstrategie.
Koffiestrategieën van BeNeLux-petroliers — impact op verkoop, traffic en merkperceptie, en voorwaarden voor eigen koffiemerk	Shell heeft V-Power en Shell Café als sub-brands met een eigenstandige identiteit.	Shell heeft V-Power en Shell Café — beide sub-brands met eigenstandige identiteit.
Koffiestrategieën van BeNeLux-petroliers — impact op verkoop, traffic en merkperceptie, en voorwaarden voor eigen koffiemerk	Shell implementeert geavanceerde technologieën zoals de Latte Art Factory, een geautomatiseerde melkopschuimer.	Shell innoveert sterk op de achtergrond: ze implem [vertexaisearch.cloud.google.com](https://vertexaisearch.cloud.google.com/grounding-api-redirect/AUZIYQFi-iwFEb7dopq5xxxecQbkmH_u3gGM21tiCQEozXGBm1Q_383m8xcxLdanB_ishGGQ2b4I7nPUvzdHBcpIfJwvly5w3AYX-9C2BK3-UuXN7912fM1pc-BoXIgJuhCKz1nhsBObj6IIsBq5nIZJT0-2osf81SwQq827_zmMDOCD7QXcwlD29LxIUyTtOqo2UaJvzWssOBoV8HewhOBxyNglRrWtlZILxg0nTSbTulMY1Bv-H0myropE)enteren geavanceerde technologieën zoals de *Latte Art Factory* (een geautomatiseerde melkopschuimer die zonder barista-interventie perfect, constant micro-schuim levert op exact de juiste temperatuur) om piekmomenten te ondervangen.
Koffiestrategieën van BeNeLux-petroliers — impact op verkoop, traffic en merkperceptie, en voorwaarden voor eigen koffiemerk	Shell lanceerde het Shell Café-concept in april 2021 in Nederland.	Shell lanceerde het Shell Café-concept in april 2021 in Nederland en heeft het sindsdien uitgebreid naar meer dan 1.800 locaties in 20 landen wereldwijd.
Koffiestrategieën van BeNeLux-petroliers — impact op verkoop, traffic en merkperceptie, en voorwaarden voor eigen koffiemerk	Shell lanceerde Shell Café in april 2021 in Nederland.	Shell lanceerde Shell Café in april 2021 in Nederland en heeft het sindsdien opgeschaald naar meer dan 1.800 locaties in 20 landen wereldwijd.
Koffiestrategieën van BeNeLux-petroliers — impact op verkoop, traffic en merkperceptie, en voorwaarden voor eigen koffiemerk	Shell wil met de Barista Cup de kwaliteit en kennis over koffie in de shops verhogen.	Met de competitie wil Shell de kwaliteit en kennis over koffie in de shops verhogen.
Koffiestrategieën van BeNeLux-petroliers — impact op verkoop, traffic en merkperceptie, en voorwaarden voor eigen koffiemerk	Shell zet agressieve promoties in, zoals een koek bij de koffie voor slechts €1,-.	Tevens zetten zij agressieve promoties in, zoals ee [vertexaisearch.cloud.google.com](https://vertexaisearch.cloud.google.com/grounding-api-redirect/AUZIYQFA_e17TFp2MwW1M58jsLvY_9nG41Uw5CXdJJ33QwR9qY0oGZ81eXdsojEDfB_7mdE7nk3gTk18IPydeN5ofdqGJIQsydzIMHzySrKZvBdP9z0O4zs1OOBNmBklvDVfRSk5rfEQ) [vertexaisearch.cloud.google.com](https://vertexaisearch.cloud.google.com/grounding-api-redirect/AUZIYQF7iYqu7A_Z_Ow9mXEiZLplcvwXsp1wkZof8Yg0GSscoPu5YiqmISrd0RXuNaCzBvZfFQ4d_K0lFSpp5iW7nqnp8-khkwsBAiV33pz16GMUQyZdkf9wX3NYBefTbpSLb2g=)n koek bij de koffie voor slechts €1,-.
Koffiestrategieën van BeNeLux-petroliers — impact op verkoop, traffic en merkperceptie, en voorwaarden voor eigen koffiemerk	Shells ambitie is om alle sub-brands te transformeren naar Shell Café.	Het is Shells ambitie om alle sub-brands te transitiëren naar Shell Café — een parallelle beweging met hoe Shell zijn premium brandstoffen onder het V-Power sub-brand heeft samengebracht.
Koffiestrategieën van BeNeLux-petroliers — impact op verkoop, traffic en merkperceptie, en voorwaarden voor eigen koffiemerk	Shopomzet is de nieuwe margebasis in de BeNeLux fuel retail sector.	shopomzet wordt de nieuwe margebasis.
Koffiestrategieën van BeNeLux-petroliers — impact op verkoop, traffic en merkperceptie, en voorwaarden voor eigen koffiemerk	Sinds 2021 stapt Shell af van labels als 'deli2go' en bouwt het wereldwijd het 'Shell Café'-concept.	Sinds 2021 stapt Shell af van labels als 'deli2go' en bouwt het wereldwijd het 'Shell Café'-concept.
Koffiestrategieën van BeNeLux-petroliers — impact op verkoop, traffic en merkperceptie, en voorwaarden voor eigen koffiemerk	Sinds de lancering in 2021 focust Shell Café op het verbeteren van de reiservaring van klanten.	Sinds de lancering van Shell Café in 2021 focust Shell op het beter maken van de reisreis van klanten door een consistente uitstekende kop koffie en een café-ervaring die de moeite waard is om voor te stoppen op een groeiend aantal locaties wereldwijd.
Koffiestrategieën van BeNeLux-petroliers — impact op verkoop, traffic en merkperceptie, en voorwaarden voor eigen koffiemerk	Specialty varianten van koude koffie commanderen een prijs-premium.	Specialty varianten commanderen bovendien een prijs-premium [cite: 51].
Koffiestrategieën van BeNeLux-petroliers — impact op verkoop, traffic en merkperceptie, en voorwaarden voor eigen koffiemerk	Spelers als Wawa of Circle K (met hun 'Inner Circle' app) trekken dagelijks structureel brandstofkopers de winkel in via app-gebaseerde beloningen.	Spelers als Wawa of Circle K (met hun 'Inner Circle' app) trekken dagelijks structureel brandstofkopers de winkel in via app-gebaseerde beloningen [cite: 29, 52].
Koffiestrategieën van BeNeLux-petroliers — impact op verkoop, traffic en merkperceptie, en voorwaarden voor eigen koffiemerk	Standaard shopartikelen hebben brutomarges van 5-10%.	Warme dranken realiseren brutomarges van meer dan 66% (vergeleken met 5-10% voor standaard shopartikelen).
Koffiestrategieën van BeNeLux-petroliers — impact op verkoop, traffic en merkperceptie, en voorwaarden voor eigen koffiemerk	Starbucks fungeert als het absolute premium koffie-anker bij het Q8-station in Berchem, naast de Panos-bakkerij en Delhaize Shop&Go.	Op deze immense schaal fungeert Starbucks, naast de P [vertexaisearch.cloud.google.com](https://vertexaisearch.cloud.google.com/grounding-api-redirect/AUZIYQGKt_nkvR4a2S3-7eH2bpRIbCNWVlKSKx9KQcqpRkmRxj7QdYvrmHyxnouOHhAZpDY0XMdnPMB-JPnKEIOE8uBRIisvWWcbvt3n2Nv_iAWGjR33WUgQsyxpqlWUo-rQ5ZecNuJHGGdtLuqiDF_ODTJVA9p4DvaFtG_Qw4wJewE5YQF9Hg_nqWWcJXdYD71soVqk6VQKTHOwIccNJsMzfwE=) [vertexaisearch.cloud.google.com](https://vertexaisearch.cloud.google.com/grounding-api-redirect/AUZIYQFfNQJGSCL8vZE07kVRoUXRS4v4KZHtPkcWOG59J_HGbMCzp99XpjkV5xre9CLoW6Eub45Kaw1ahY6SwcrHrAXL4pqvnkY9ZtjzHqSQ4Lb8C6zWYULsLUHWkqwPx2LqFylhEeAoKBjjhkWPy9cxnwmBMcBbssMA-UCttrBXOCG3ej3H_OXjCdR9J6kJrWZ9EWQPxLYEUS2JT3HIsW2n2uXJ8QByI3h5K0T4Kaa7TU5-PTcrDbFCydJ_qVSElScMkKZD6rPa) [vertexaisearch.cloud.google.com](https://vertexaisearch.cloud.google.com/grounding-api-redirect/AUZIYQExVscwhoYamk4ai4-DnSVe9s00TcOYUfxR7fRa2iGWtU6AoNytSDaYc2EDupZ8PYlqnD4S_ix2T5rEfv1IvyG9g3zYih973rCjylnuuulNM7EfGLnnAIBW-9LWYcO1URitBpQ0nSVvwZQ=)anos-bakkerij en Delhaize Shop&Go, als het absolute premium koffie-anker.
Koffiestrategieën van BeNeLux-petroliers — impact op verkoop, traffic en merkperceptie, en voorwaarden voor eigen koffiemerk	Starbucks-integratie bij Berchem Oost/West (Luxemburg), de grootste stations van Europa, vond plaats in 2023-2024.	2023–2024	Starbucks-integratie bij Berchem Oost/West (Luxemburg) — grootste stations Europa
Koffiestrategieën van BeNeLux-petroliers — impact op verkoop, traffic en merkperceptie, en voorwaarden voor eigen koffiemerk	Succes voor LUKOIL vereist agressieve bundeling met food.	Succes vereist een vijftrapsraket: (1) Hoge CAPEX in volledig geautomatiseerde bean-to-cup apparatuur, (2) Derde-partij certificeringen, (3) Agressieve bundeling met food, (4) Integratie van koude koffie voor de namiddag, en (5) Een frictieloos digitaal loyaliteitssysteem.
Koffiestrategieën van BeNeLux-petroliers — impact op verkoop, traffic en merkperceptie, en voorwaarden voor eigen koffiemerk	Succes voor LUKOIL vereist derde-partij certificeringen.	Succes vereist een vijftrapsraket: (1) Hoge CAPEX in volledig geautomatiseerde bean-to-cup apparatuur, (2) Derde-partij certificeringen, (3) Agressieve bundeling met food, (4) Integratie van koude koffie voor de namiddag, en (5) Een frictieloos digitaal loyaliteitssysteem.
Koffiestrategieën van BeNeLux-petroliers — impact op verkoop, traffic en merkperceptie, en voorwaarden voor eigen koffiemerk	Succes voor LUKOIL vereist een frictieloos digitaal loyaliteitssysteem.	Succes vereist een vijftrapsraket: (1) Hoge CAPEX in volledig geautomatiseerde bean-to-cup apparatuur, (2) Derde-partij certificeringen, (3) Agressieve bundeling met food, (4) Integratie van koude koffie voor de namiddag, en (5) Een frictieloos digitaal loyaliteitssysteem.
Koffiestrategieën van BeNeLux-petroliers — impact op verkoop, traffic en merkperceptie, en voorwaarden voor eigen koffiemerk	Succes voor LUKOIL vereist hoge CAPEX in volledig geautomatiseerde bean-to-cup apparatuur.	Succes vereist een vijftrapsraket: (1) Hoge CAPEX in volledig geautomatiseerde bean-to-cup apparatuur, (2) Derde-partij certificeringen, (3) Agressieve bundeling met food, (4) Integratie van koude koffie voor de namiddag, en (5) Een frictieloos digitaal loyaliteitssysteem.
Koffiestrategieën van BeNeLux-petroliers — impact op verkoop, traffic en merkperceptie, en voorwaarden voor eigen koffiemerk	Succes voor LUKOIL vereist integratie van koude koffie voor de namiddag.	Succes vereist een vijftrapsraket: (1) Hoge CAPEX in volledig geautomatiseerde bean-to-cup apparatuur, (2) Derde-partij certificeringen, (3) Agressieve bundeling met food, (4) Integratie van koude koffie voor de namiddag, en (5) Een frictieloos digitaal loyaliteitssysteem.
Koffiestrategieën van BeNeLux-petroliers — impact op verkoop, traffic en merkperceptie, en voorwaarden voor eigen koffiemerk	Tango biedt kwalitatieve brandstof aan lage prijzen op meer dan 190 locaties in Nederland.	Via automatisering biedt Tango kwalitatieve brandstof aan lage prijzen op meer dan 190 locaties in Nederland.
Koffiestrategieën van BeNeLux-petroliers — impact op verkoop, traffic en merkperceptie, en voorwaarden voor eigen koffiemerk	Tango's onbemande stations richten zich op snelheid, scherpe prijzen en gebruiksgemak.	Tango's onbemande stations focussen op snelheid, scherpe prijzen en gebruiksgemak.
Koffiestrategieën van BeNeLux-petroliers — impact op verkoop, traffic en merkperceptie, en voorwaarden voor eigen koffiemerk	Teboil in Finland heeft een eigen convenience food-concept ontwikkeld dat als kwaliteitsreferentie geldt in de Finse markt.	Teboil in Finland heeft een eigen convenience food-concept ontwikkeld dat in de Finse markt als kwaliteitsreferentie geldt.
Koffiestrategieën van BeNeLux-petroliers — impact op verkoop, traffic en merkperceptie, en voorwaarden voor eigen koffiemerk	Teboil was van 2005 tot 2025 een dochtermaatschappij van LUKOIL.	Teboil is een Fins oliebedrijf actief in marketing, verkoop en distributie van petroleumproducten en de exploitatie van tankstations. Het was van 2005 tot 2025 een dochtermaatschappij van LUKOIL.
Koffiestrategieën van BeNeLux-petroliers — impact op verkoop, traffic en merkperceptie, en voorwaarden voor eigen koffiemerk	Tier-1 spelers Shell en Total hebben hun eigen koffiesubmerken (Shell Café respectievelijk Café Bonjour) ontwikkeld tot volwaardige convenience-platforms.	Tier-1 spelers Shell en Total hebben dit vroeg begrepen en hun eigen koffiesubmerken (Shell Café resp. Café Bonjour) gebouwd tot volwaardige convenience-platforms.
Koffiestrategieën van BeNeLux-petroliers — impact op verkoop, traffic en merkperceptie, en voorwaarden voor eigen koffiemerk	Topman LUKOIL BeNeLux bevestigde dat banen in België en Nederland niet bedreigd zijn zolang de sancties niet ingaan.	Topman LUKOIL BeNeLux bevestigde dat banen in België en Nederland niet bedreigd zijn zolang de sancties niet ingaan.
Koffiestrategieën van BeNeLux-petroliers — impact op verkoop, traffic en merkperceptie, en voorwaarden voor eigen koffiemerk	TotalEnergies (Circle K) biedt standaard (ca. 200ml) en large (ca. 300ml) volume-aanbod.	Standaard (ca. 200ml) & Large (ca. 300ml)
Koffiestrategieën van BeNeLux-petroliers — impact op verkoop, traffic en merkperceptie, en voorwaarden voor eigen koffiemerk	TotalEnergies (Circle K) hanteert een eigen merkstrategie met premium self-serve kwaliteitspositionering.	TotalEnergies (Circle K)	Eigen Merk	Premium Self-Serve
Koffiestrategieën van BeNeLux-petroliers — impact op verkoop, traffic en merkperceptie, en voorwaarden voor eigen koffiemerk	TotalEnergies Café Bonjour werd in 2019 en 2020 bekroond met de Foodservice Marketing Award.	In 2019 en 2020 werd TotalEnergies Café Bonjour bekroond met de Foodservice Marketing Award.
Koffiestrategieën van BeNeLux-petroliers — impact op verkoop, traffic en merkperceptie, en voorwaarden voor eigen koffiemerk	TotalEnergies Nederland vroeg Sandenburg-DST om het nieuwe bakkerij- en food/shop-concept Café Bonjour te ontwikkelen.	TotalEnergies Nederland vroeg Sandenburg-DST om van scratch het nieuwe bakery en food/shop-concept Café Bonjour te ontwikkelen, met als doel in te spelen op veranderende consumentenbehoeften.
Koffiestrategieën van BeNeLux-petroliers — impact op verkoop, traffic en merkperceptie, en voorwaarden voor eigen koffiemerk	Traceerbaarheid is de ultieme vervanger voor merkbekendheid.	Traceerbaarheid is de ultieme vervanger voor merkbekendheid.
Koffiestrategieën van BeNeLux-petroliers — impact op verkoop, traffic en merkperceptie, en voorwaarden voor eigen koffiemerk	Transparantie in bereiding verhoogt het vertrouwen significant.	Transparantie in bereiding verhoogt vertrouwen significant.
Koffiestrategieën van BeNeLux-petroliers — impact op verkoop, traffic en merkperceptie, en voorwaarden voor eigen koffiemerk	'True pricing' experimenten toonden aan dat de daadwerkelijke kostprijs van een cappuccino bij AH to go, inclusief impact, eigenlijk €2,28 zou moeten zijn.	Hoewel de standaard koffie voordelig wordt aangeboden, kost een cappuccino bij AH to go €2,00 (waarbij 'true pricing' experimenten aantoonden dat de daadwerkelijke kostprijs inclusief impact eigenlijk €2,28 zou moeten zijn).
Koffiestrategieën van BeNeLux-petroliers — impact op verkoop, traffic en merkperceptie, en voorwaarden voor eigen koffiemerk	Tussen 2015 en 2016 stagneerde de groei van private labels in convenience stores wereldwijd aanzienlijk.	Tussen 2015 en 2016 stagneerde de groei van private labels in convenience stores wereldwijd aanzienlijk.
Koffiestrategieën van BeNeLux-petroliers — impact op verkoop, traffic en merkperceptie, en voorwaarden voor eigen koffiemerk	Van 2023 tot 2025 lag de focus op verdere verdieping van foodservice, met nadruk op verse lunch en koffiebeleving.	2023–2025	Verdere verdieping foodservice; focus op verse lunch en koffibeleving
Koffiestrategieën van BeNeLux-petroliers — impact op verkoop, traffic en merkperceptie, en voorwaarden voor eigen koffiemerk	Vanaf 2026 zijn 200 EV-snellaadlocaties gepland, waarvan 50% met branded food/koffie-partners.	2026→	200 EV-snellaadlocaties gepland, 50% met branded food/koffie-partners
Koffiestrategieën van BeNeLux-petroliers — impact op verkoop, traffic en merkperceptie, en voorwaarden voor eigen koffiemerk	Vémars Est won de Shell Barista Cup 2023.	Vémars Est won hiermee de Shell Barista Cup 2023.
Koffiestrategieën van BeNeLux-petroliers — impact op verkoop, traffic en merkperceptie, en voorwaarden voor eigen koffiemerk	Volgens de NACS droeg brandstof in 2025 65% bij aan de omzet.	Volgens de NACS droeg brandstof 65% bij aan de omzet maar slechts 39% van de winst in 2025, en die kloof zal naar verwachting wijder worden.
Koffiestrategieën van BeNeLux-petroliers — impact op verkoop, traffic en merkperceptie, en voorwaarden voor eigen koffiemerk	Volgens de NACS droeg brandstof in 2025 slechts 39% bij aan de winst.	Volgens de NACS droeg brandstof 65% bij aan de omzet maar slechts 39% van de winst in 2025, en die kloof zal naar verwachting wijder worden.
Koffiestrategieën van BeNeLux-petroliers — impact op verkoop, traffic en merkperceptie, en voorwaarden voor eigen koffiemerk	Volgens NielsenIQ bereikten private label-verkopen in 17 Europese markten €352 miljard in 2024.	Volgens NielsenIQ bereikten private label-sales in 17 Europese markten €352 miljard in 2024, en data suggereren dat deze trend doorzet.
Koffiestrategieën van BeNeLux-petroliers — impact op verkoop, traffic en merkperceptie, en voorwaarden voor eigen koffiemerk	Wanneer klanten foodservice-aankopen (inclusief koffie) doen, stijgt de gemiddelde uitgave exponentieel naar $14,- per bezoek.	Wanneer klanten foodservice-aankopen (inclusief koffie) doen, stijgt de gemiddelde uitgave exponentieel naar $14,- per bezoek [cite: 33].
Koffiestrategieën van BeNeLux-petroliers — impact op verkoop, traffic en merkperceptie, en voorwaarden voor eigen koffiemerk	Warme dranken realiseren brutomarges van meer dan 66%.	Warme dranken realiseren brutomarges van meer dan 66% (vergeleken met 5-10% voor standaard shopartikelen).
Koffiestrategieën van BeNeLux-petroliers — impact op verkoop, traffic en merkperceptie, en voorwaarden voor eigen koffiemerk	Winnaars in de sector transformeren naar mobiliteits- en conveniencehubs.	Winnaars transformeren naar mobiliteits- en conveniencehubs; verliezers zullen achterblijven.
Koffiestrategieën van BeNeLux-petroliers — impact op verkoop, traffic en merkperceptie, en voorwaarden voor eigen koffiemerk	Zonder significante differentiatie in prijs, smaak of duurzaamheid, valt de consument terug op het vertrouwde merk.	Zonder significante differentiatie in prijs, smaak of duurzaamheid, valt de consument terug op het vertrouwde merk [cite: 40].
Koffiestrategieën van BeNeLux-petroliers — impact op verkoop, traffic en merkperceptie, en voorwaarden voor eigen koffiemerk	Zwaardere systemen zoals de Eversys Enigma variëren van $30.600 tot $45.000.	Zwaardere systemen zoals de Eversys Enigma variëren van $30.600 tot $45.000 [cite: 50].
Koffiestrategieën van BeNeLux-petroliers — impact op verkoop, traffic en merkperceptie, en voorwaarden voor eigen koffiemerk	Zwarte koffie neemt toe in populariteit.	Zwarte koffie neemt toe in populariteit, mede omdat steeds meer mensen zich bewust worden van de gezondheidsvoordelen.
Strategische beslissingsopties: Germany-entry 2027 vs. BeNeLux-consolidatie eerst	Algemeen directeur Ivo Hoskens deed deze uitspraak tegen de Belgische VRT.	Dat zei algemeen directeur Ivo Hoskens tegen de Belgische VRT.
Strategische beslissingsopties: Germany-entry 2027 vs. BeNeLux-consolidatie eerst	Alimentation Couche-Tard (Circle K) kocht in 2024 het vrijwel volledige Duitse en Nederlandse retailnetwerk van TotalEnergies op.	Zij waren in 2024 genoodzaakt om in één klap het vrijwel volledige Duitse en Nederlandse retailnetwerk van gevestigde orde TotalEnergies op te kopen – een monumentale transactie met een waarde van om en nabij de $3,8 miljard.
Strategische beslissingsopties: Germany-entry 2027 vs. BeNeLux-consolidatie eerst	Alle bronnen zijn gepubliceerd tussen 2025 en juli 2026.	alle gepubliceerd tussen 2025 en juli 2026.
Strategische beslissingsopties: Germany-entry 2027 vs. BeNeLux-consolidatie eerst	Alternatief A (BeNeLux perfectioneren als playbook) is de meest robuuste, risicomijdende en waardeverhogende strategie.	De evidence-based weging dicteert dat dit momenteel de meest robuuste, risicomijdende en waardeverhogende strategie is.
Strategische beslissingsopties: Germany-entry 2027 vs. BeNeLux-consolidatie eerst	Alternatief A beschermt de balans tegen strategic overstretch in een periode van compliance- en eigendomstransitie.	beschermt de balans tegen strategic overstretch in een periode van compliance- en eigendomstransitie
Strategische beslissingsopties: Germany-entry 2027 vs. BeNeLux-consolidatie eerst	Alternatief A beschermt het bedrijf tegen regulatoire schokken.	Het isoleert het bedrijf tegen regulatoire schokken, stelt de onderneming in staat de structurele margedruk (veroorzaakt door het verlies van de Zeeland Refinery) op te vangen via high-margin non-fuel producten, en beschermt het kapitaal in aanloop naar de Carlyle-overname.
Strategische beslissingsopties: Germany-entry 2027 vs. BeNeLux-consolidatie eerst	Alternatief A beschermt het kapitaal in aanloop naar de Carlyle-overname.	Het isoleert het bedrijf tegen regulatoire schokken, stelt de onderneming in staat de structurele margedruk (veroorzaakt door het verlies van de Zeeland Refinery) op te vangen via high-margin non-fuel producten, en beschermt het kapitaal in aanloop naar de Carlyle-overname.
Strategische beslissingsopties: Germany-entry 2027 vs. BeNeLux-consolidatie eerst	Alternatief A is de enige evidence-based strategie die op de korte termijn waardecreatie garandeert.	Alternatief A is niet slechts de veiligste keuze; het is de enige evidence-based strategie die op de korte termijn waardecreatie garandeert.
Strategische beslissingsopties: Germany-entry 2027 vs. BeNeLux-consolidatie eerst	Alternatief A maximaliseert de uiteindelijke verkoop- en bedrijfswaarde voor de naderende nieuwe (Amerikaanse) eigenaar.	en maximaliseert de uiteindelijke verkoop- en bedrijfswaarde voor de naderende nieuwe (Amerikaanse) eigenaar.
Strategische beslissingsopties: Germany-entry 2027 vs. BeNeLux-consolidatie eerst	Alternatief A maximaliseert het bedrijf als overdraagbaar concept voor de naderende nieuwe eigenaar.	waardoor het bedrijf wordt gemaximaliseerd als winstgevende cash cow en overdraagbaar concept voor de naderende nieuwe eigenaar.
Strategische beslissingsopties: Germany-entry 2027 vs. BeNeLux-consolidatie eerst	Alternatief A maximaliseert het bedrijf als winstgevende cash cow.	waardoor het bedrijf wordt gemaximaliseerd als winstgevende cash cow en overdraagbaar concept voor de naderende nieuwe eigenaar.
Strategische beslissingsopties: Germany-entry 2027 vs. BeNeLux-consolidatie eerst	Alternatief A stelt de onderneming in staat de structurele margedruk op te vangen via high-margin non-fuel producten.	Het isoleert het bedrijf tegen regulatoire schokken, stelt de onderneming in staat de structurele margedruk (veroorzaakt door het verlies van de Zeeland Refinery) op te vangen via high-margin non-fuel producten, en beschermt het kapitaal in aanloop naar de Carlyle-overname.
Strategische beslissingsopties: Germany-entry 2027 vs. BeNeLux-consolidatie eerst	Alternatief B (Parallel investeren) wordt ten stelligste afgeraden.	Alternatief B (Parallel investeren): Wordt ten stelligste afgeraden.
Strategische beslissingsopties: Germany-entry 2027 vs. BeNeLux-consolidatie eerst	Alternatief C (Germany-entry in 2027) is niet haalbaar.	Alternatief C (Germany-entry in 2027): Niet haalbaar.
Strategische beslissingsopties: Germany-entry 2027 vs. BeNeLux-consolidatie eerst	Amerikaanse sancties tegen Rosneft en LUKOIL traden in werking op 21 november 2025.	Op 21 november 2025 traden Amerikaanse sancties tegen Rosneft en LUKOIL in werking.
Strategische beslissingsopties: Germany-entry 2027 vs. BeNeLux-consolidatie eerst	Aral heeft een marktaandeel in brandstofverkoop van circa 21% in Duitsland.	Kwantitatief wordt deze sector aangevoerd door Aral met een marktaandeel in brandstofverkoop van circa 21%, op de voet gevolgd door Shell (20%), de onafhankelijke vereniging van bft-stations (16%), Jet (10,5%), Total / Alimentation Couche-Tard (9,5%), en Esso (7%).
Strategische beslissingsopties: Germany-entry 2027 vs. BeNeLux-consolidatie eerst	Bedrijfsvloten waren verantwoordelijk voor 86,7% van de nieuwe BEV-registraties in 2024 in België.	Bedrijfsvloten waren verantwoordelijk voor een verbazingwekkende 86,7% van de nieuwe BEV-registraties in 2024.
Strategische beslissingsopties: Germany-entry 2027 vs. BeNeLux-consolidatie eerst	België en Nederland behoren tot Europa's snelst elektrificerende markten.	België en Nederland behoren tot Europa's snelst elektrificerende markten.
Strategische beslissingsopties: Germany-entry 2027 vs. BeNeLux-consolidatie eerst	Bijna de helft van de Belgische consumenten geeft nog steeds de voorkeur aan benzine of diesel voor hun volgende aankoop.	Enquêtes geven aan dat bijna de helft van de Belgische consumenten nog steeds de voorkeur geeft aan benzine of diesel voor hun volgende aankoop, waarbij slechts een klein deel kiest voor een BEV.
Strategische beslissingsopties: Germany-entry 2027 vs. BeNeLux-consolidatie eerst	Brandstofvolumes krimpen in Duitsland.	Brandstofvolumes krimpen, en het erfgoedmodel van vertrouwen op benzineverkopen is niet langer duurzaam.
Strategische beslissingsopties: Germany-entry 2027 vs. BeNeLux-consolidatie eerst	Buitenlandse spelers kunnen de Duitse markt alleen penetreren via ongekend dure, kapitaalvernietigende overnames.	Buitenlandse spelers kunnen de Duitse markt, die vastzit onder het gewicht van gevestigde oligopolisten, simpelweg uitsluitend penetreren via ongekend dure, kapitaalvernietigende overnames; iets wat een risico-averse entiteit als de Carlyle Group onder de huidige politieke druk categorisch zal vermijden.
Strategische beslissingsopties: Germany-entry 2027 vs. BeNeLux-consolidatie eerst	Carlyle streeft ernaar om binnen een termijn van drie tot zeven jaar waarde te ontsluiten.	om binnen een termijn van drie tot zeven jaar waarde te ontsluiten (bijvoorbeeld via een exit of beursgang)
Strategische beslissingsopties: Germany-entry 2027 vs. BeNeLux-consolidatie eerst	Carlyle's acquisitie van de totale LUKOIL internationale portefeuille is een strategische herpositionering.	Carlyle's acquisitie van de totale LUKOIL internationale portefeuille is niet zomaar een compliance-gedreven verkoop. Het is een strategische herpositionering:
Strategische beslissingsopties: Germany-entry 2027 vs. BeNeLux-consolidatie eerst	Carlyle's eerste daad na de overname is het uitbreiden van het BeNeLux-netwerk.	Carlyle's eerste daad na de overname is het uitbreiden van het BeNeLux-netwerk, niet het verkennen van Duitsland.
Strategische beslissingsopties: Germany-entry 2027 vs. BeNeLux-consolidatie eerst	Circle K is bezig met een massale ombouwoperatie van circa 2.175 voormalige TotalEnergies-locaties.	is momenteel bezig met een massale ombouwoperatie, met de voltooiing van de integratie van circa 2.175 voormalige TotalEnergies-locaties in de bredere regio gepland voor eind 2024, gesteund door een ongeëvenaarde overname-investering van circa $3,8 miljard.
Strategische beslissingsopties: Germany-entry 2027 vs. BeNeLux-consolidatie eerst	Circle K nam in 2024 de retailtak van TotalEnergies in de Benelux over.	De Canadese gigant Alimentation Couche-Tard (opererend onder Circle K) nam in 2024 de retailtak van TotalEnergies in de Benelux over en is momenteel bezig met een massale ombouwoperatie, met de voltooiing van de integratie van circa 2.175 voormalige TotalEnergies-locaties in de bredere regio gepland voor eind 2024, gesteund door een ongeëvenaarde overname-investering van circa $3,8 miljard.
Strategische beslissingsopties: Germany-entry 2027 vs. BeNeLux-consolidatie eerst	Dalende brandstofvolumes kunnen de oplopende vaste operationele kosten van een station niet langer zelfstandig dekken.	dalende brandstofvolumes kunnen de oplopende vaste operationele kosten van een station niet langer zelfstandig dekken
Strategische beslissingsopties: Germany-entry 2027 vs. BeNeLux-consolidatie eerst	De "Big Five" beheersen gezamenlijk circa 84% van alle verkoopvolumes in Duitsland.	Deze groepen beheersen gezamenlijk circa 84% van alle verkoopvolumes.
Strategische beslissingsopties: Germany-entry 2027 vs. BeNeLux-consolidatie eerst	De 100% fiscale aftrekbaarheid voor bedrijfs-BEV's loopt tot eind 2026.	De 100% fiscale aftrekbaarheid voor bedrijfs-BEV's loopt tot eind 2026, waarna een graduele phase-down volgt (95% in 2027, 90% in 2028).
Strategische beslissingsopties: Germany-entry 2027 vs. BeNeLux-consolidatie eerst	De 100% fiscale aftrekbaarheid voor bedrijven die BEV's aanschaffen blijft van kracht tot eind 2026 in België.	de 100% fiscale aftrekbaarheid voor bedrijven die BEV's aanschaffen blijft van kracht tot eind 2026.
Strategische beslissingsopties: Germany-entry 2027 vs. BeNeLux-consolidatie eerst	De 250 benzinestations in België en Nederland worden verkocht aan Carlyle.	Dit betekende dat ook de 250 benzinestations in België en Nederland, de opslagterminals in Neder-over-Heembeek en Maastricht, en het 45-procent belang in de Zeeland-raffinaderij in de haven van Vlissingen aan Carlyle worden verkocht.
Strategische beslissingsopties: Germany-entry 2027 vs. BeNeLux-consolidatie eerst	De aanstaande verkoop aan de Amerikaanse private-equityfirma Carlyle Group dicteert de huidige strategische horizon.	dicteert de aanstaande verkoop aan de Amerikaanse private-equityfirma Carlyle Group – een deal gewaardeerd op circa $20 tot $22 miljard – de huidige strategische horizon.
Strategische beslissingsopties: Germany-entry 2027 vs. BeNeLux-consolidatie eerst	De aarzeling van consumenten voor BEV's is geworteld in betaalbaarheidsproblemen en infrastructuurangst.	Deze aarzeling is geworteld in betaalbaarheidsproblemen en infrastructuurangst.
Strategische beslissingsopties: Germany-entry 2027 vs. BeNeLux-consolidatie eerst	De Amerikaanse sancties zijn ingesteld door de regering-Trump.	ingesteld door de regering-Trump
Strategische beslissingsopties: Germany-entry 2027 vs. BeNeLux-consolidatie eerst	De analyses zijn gebaseerd op branchebrede data, wetgevende kaders en het historisch gedrag van private-equity-investeerders in de energiesector.	De onderstaande analyses zijn derhalve gebaseerd op branchebrede data, wetgevende kaders en het historisch gedrag van private-equity-investeerders in de energiesector.
Strategische beslissingsopties: Germany-entry 2027 vs. BeNeLux-consolidatie eerst	De BeNeLux-activiteiten van LUKOIL zijn goed voor duizend directe en indirecte banen.	In een gesprek met de Belgische publieke omroep VRT onthulde de directeur dat de BeNeLux-activiteiten van LUKOIL goed zijn voor duizend directe en indirecte banen.
Strategische beslissingsopties: Germany-entry 2027 vs. BeNeLux-consolidatie eerst	De branche-omzet in Duitsland bedroeg circa €19,8 miljard in 2025.	In Duitsland is de branche-omzet met 3,7% per jaar gedaald in de afgelopen jaren, tot circa €19,8 miljard in 2025.
Strategische beslissingsopties: Germany-entry 2027 vs. BeNeLux-consolidatie eerst	De branche-omzet in Duitsland is de afgelopen jaren met 3,7% per jaar gedaald.	In Duitsland is de branche-omzet met 3,7% per jaar gedaald in de afgelopen jaren, tot circa €19,8 miljard in 2025.
Strategische beslissingsopties: Germany-entry 2027 vs. BeNeLux-consolidatie eerst	De brandstof voor LUKOIL-stations in de Benelux wordt geleverd vanuit de Zeeland Raffinaderij.	De brandstof wordt aan deze stations geleverd vanuit de Zeeland Raffinaderij, waar LUKOIL een belang van 45% verwierf in 2009.
Strategische beslissingsopties: Germany-entry 2027 vs. BeNeLux-consolidatie eerst	De Carlyle Group LUKOIL-acquisitie omvat een van de geografisch meest diverse energieportefeuilles die ooit via een private equity-transactie van eigenaar wisselden.	De Carlyle Group LUKOIL-acquisitie omvat een van de geografisch meest diverse energieportefeuilles die ooit via een private equity-transactie van eigenaar wisselden.
Strategische beslissingsopties: Germany-entry 2027 vs. BeNeLux-consolidatie eerst	De Carlyle Group streeft naar rendementsoptimalisatie binnen een horizon van vijf jaar.	een private-equitypartij die doorgaans streeft naar rendementsoptimalisatie binnen een horizon van vijf jaar alvorens over te gaan tot een strategische exit
Strategische beslissingsopties: Germany-entry 2027 vs. BeNeLux-consolidatie eerst	De Carlyle Group zal waarschijnlijk kopers zoeken voor de Roemeense activa van LUKOIL.	Voor de Roemeense activa zal de Carlyle Group waarschijnlijk kopers zoeken voor het netwerk van benzinestations en de raffinaderij, als pakket of afzonderlijk.
Strategische beslissingsopties: Germany-entry 2027 vs. BeNeLux-consolidatie eerst	De complexiteit van management voor Alternatief A is gemiddeld.	Gemiddeld (Enkelvoudige focus op retailtransitie)
Strategische beslissingsopties: Germany-entry 2027 vs. BeNeLux-consolidatie eerst	De complexiteit van management voor Alternatief B is extreem.	Extreem (Fundamenteel focusverlies)
Strategische beslissingsopties: Germany-entry 2027 vs. BeNeLux-consolidatie eerst	De complexiteit van management voor Alternatief C is hoog.	Hoog (Geheel nieuw ecosysteem opbouwen)
Strategische beslissingsopties: Germany-entry 2027 vs. BeNeLux-consolidatie eerst	De deal met Carlyle Group is gewaardeerd op circa $20 tot $22 miljard.	een deal gewaardeerd op circa $20 tot $22 miljard
Strategische beslissingsopties: Germany-entry 2027 vs. BeNeLux-consolidatie eerst	De diesel-gedreven corporate fleet-omzet bij BeNeLux-stations is nog 2–3 jaar relatief stabiel.	Dit betekent dat de diesel-gedreven corporate fleet-omzet bij BeNeLux-stations nog 2–3 jaar relatief stabiel is — een cashflow-venster om een EV/convenience-pivotmodel te codificeren.
Strategische beslissingsopties: Germany-entry 2027 vs. BeNeLux-consolidatie eerst	De directeur van LUKOIL BeNeLux is niet van plan banen te schrappen zolang de handelsactiviteiten niet worden belemmerd.	Hij stelde dat hij niet van plan is die banen te schrappen zolang de handelsactiviteiten van LUKOIL niet worden belemmerd.
Strategische beslissingsopties: Germany-entry 2027 vs. BeNeLux-consolidatie eerst	De Duitse benzinestationsindustrie wordt gedomineerd door Aral, Shell, Jet, Couche-Tard en Esso.	De Duitse benzinestatienindustrie wordt gedomineerd door de grote vijf Aral, Shell, Jet, Couche-Tard en Esso, hoewel veel benzinestations hun brandstof niet onafhankelijk verkopen maar optreden namens de oliemaatschappijen en slechts kleine commissies ontvangen.
Strategische beslissingsopties: Germany-entry 2027 vs. BeNeLux-consolidatie eerst	De Duitse markt betreden in 2027 (Alternatief C) lijkt uiterst riskant.	De Duitse markt betreden in 2027 (Alternatief C) lijkt uiterst riskant; het bewijs wijst sterk in de richting van onoverkomelijke regelgevende barrières, specifiek door de recente en radicale herziening van de Duitse mededingingswetgeving voor brandstofretailers.
Strategische beslissingsopties: Germany-entry 2027 vs. BeNeLux-consolidatie eerst	De Duitse markt is politiek gedeconstrueerd door nieuwe wetgeving, zoals de restrictieve '12-Uhr-Regel' en extreme 'no-fault' mededingingswetten.	De Duitse markt vereist monumentale acquisities vanwege toetredingsbarrières (het oligopolie bezit >70% marktaandeel) en is politiek gedeconstrueerd door nieuwe wetgeving (zoals de restrictieve '12-Uhr-Regel' en extreme 'no-fault' mededingingswetten).
Strategische beslissingsopties: Germany-entry 2027 vs. BeNeLux-consolidatie eerst	De Duitse markt telt ruim 14.496 stations (stand 2023).	in een markt die ruim 14.496 stations telt (stand 2023)
Strategische beslissingsopties: Germany-entry 2027 vs. BeNeLux-consolidatie eerst	De Duitse markt vereist monumentale acquisities vanwege toetredingsbarrières.	De Duitse markt vereist monumentale acquisities vanwege toetredingsbarrières (het oligopolie bezit >70% marktaandeel) en is politiek gedeconstrueerd door nieuwe wetgeving (zoals de restrictieve '12-Uhr-Regel' en extreme 'no-fault' mededingingswetten).
Strategische beslissingsopties: Germany-entry 2027 vs. BeNeLux-consolidatie eerst	De Duitse mededingingsautoriteit (het Bundeskartellamt) heeft nieuwe bevoegdheden gekregen onder het gewijzigde Gesetz gegen Wettbewerbsbeschränkungen (GWB).	De Duitse mededingingsautoriteit (het Bundeskartellamt) heeft nu bevoegdheden gekregen die economen omschrijven als een paradigmaverschuiving van scheidsrechter naar "marktarchitect".
Strategische beslissingsopties: Germany-entry 2027 vs. BeNeLux-consolidatie eerst	De Duitse overheid heeft het Kraftstoffmaßnahmenpaket (Brandstofmaatregelenpakket) geïntroduceerd.	Als reactie op geopolitieke onrust en exploderende brandstofprijzen, heeft de Duitse overheid in een extreem versneld wetgevingsproces het Kraftstoffmaßnahmenpaket (Brandstofmaatregelenpakket) geïntroduceerd, dat op 1 april 2026 in werking is getreden.
Strategische beslissingsopties: Germany-entry 2027 vs. BeNeLux-consolidatie eerst	De Duitse retailmarkt voor brandstoffen wordt gedomineerd door een hecht oligopolie.	De Duitse retailmarkt voor brandstoffen wordt gedomineerd door een hecht oligopolie.
Strategische beslissingsopties: Germany-entry 2027 vs. BeNeLux-consolidatie eerst	De duizend directe en indirecte banen bij de Benelux-tak van LUKOIL zijn gegarandeerd zolang de Amerikaanse sancties niet van kracht worden.	Zolang de Amerikaanse sancties tegen LUKOIL niet van kracht worden, zijn de duizend directe en indirecte banen bij de Benelux-tak van de oliegigant gegarandeerd.
Strategische beslissingsopties: Germany-entry 2027 vs. BeNeLux-consolidatie eerst	De elektrolyseur zal in 2029 in bedrijf worden genomen.	De elektrolyseur zal in 2029 in bedrijf worden genomen en zal de CO₂-uitstoot van het terrein met maximaal 300.000 ton per jaar verminderen.
Strategische beslissingsopties: Germany-entry 2027 vs. BeNeLux-consolidatie eerst	De EU voerde bijna gelijktijdig zijn 19e sanctiepakket in.	Bijna gelijktijdig voerde de EU zijn 19e sanctiepakket in, dat voor het eerst sleutelsubsidiaries van LUKOIL omvatte — waaronder Litasco SA, de entiteit die jarenlang de export en verwerking van Russische olie beheerde.
Strategische beslissingsopties: Germany-entry 2027 vs. BeNeLux-consolidatie eerst	De Finse dochtermaatschappij Teboil, eigendom van LUKOIL, heeft een herstructureringsaanvraag ingediend op 21 november.	De Finse dochtermaatschappij Teboil, die eigendom is van LUKOIL, heeft een herstructureringsaanvraag ingediend op 21 november, en verwacht dat de Russische eigenaar de keten van circa 430 benzinestations zal verkopen.
Strategische beslissingsopties: Germany-entry 2027 vs. BeNeLux-consolidatie eerst	De fiscale aftrekbaarheid voor BEV's zal 90% zijn in 2028.	90% in 2028
Strategische beslissingsopties: Germany-entry 2027 vs. BeNeLux-consolidatie eerst	De fiscale aftrekbaarheid voor BEV's zal 95% zijn in 2027.	95% in 2027
Strategische beslissingsopties: Germany-entry 2027 vs. BeNeLux-consolidatie eerst	De fiscale aftrekbaarheid voor BEV's zal dalen naar 67,5% vanaf 2031.	dalend naar 67,5% vanaf 2031.
Strategische beslissingsopties: Germany-entry 2027 vs. BeNeLux-consolidatie eerst	De gedetailleerde totale projectkosten voor een gemiddelde locatie bedragen ongeveer $6,07 miljoen.	waarbij de gedetailleerde totale projectkosten voor een gemiddelde locatie oplopen tot om en nabij de $6,07 miljoen (waarvan alleen al ~$3,17 miljoen aan harde bouwkosten)
Strategische beslissingsopties: Germany-entry 2027 vs. BeNeLux-consolidatie eerst	De geplande overdracht aan The Carlyle Group vereist stricte naleving van compliance.	De fondsen gegenereerd door de retailoperaties worden met argusogen bekeken en de geplande overdracht aan The Carlyle Group vereist stricte naleving van compliance.
Strategische beslissingsopties: Germany-entry 2027 vs. BeNeLux-consolidatie eerst	De geschatte CapEx voor Alternatief A is gemiddeld, ongeveer $2M - $6M per full-service ombouw.	Gemiddeld (ca. $2M - $6M per full-service ombouw)
Strategische beslissingsopties: Germany-entry 2027 vs. BeNeLux-consolidatie eerst	De geschatte CapEx voor Alternatief B is extreem hoog.	Extreem Hoog (Risico op kapitaaldrainage)
Strategische beslissingsopties: Germany-entry 2027 vs. BeNeLux-consolidatie eerst	De geschatte CapEx voor Alternatief C is zeer hoog.	Zeer Hoog (Netwerkovername benodigd)
Strategische beslissingsopties: Germany-entry 2027 vs. BeNeLux-consolidatie eerst	De impact van regelgeving voor Alternatief A is beheersbaar.	Beheersbaar (Vertrouwde lokale compliance)
Strategische beslissingsopties: Germany-entry 2027 vs. BeNeLux-consolidatie eerst	De impact van regelgeving voor Alternatief B is hoog.	Hoog (Navigeren van twee conflicterende regimes)
Strategische beslissingsopties: Germany-entry 2027 vs. BeNeLux-consolidatie eerst	De impact van regelgeving voor Alternatief C is kritiek.	Kritiek (KPAnG / '12-Uhr-Regel')
Strategische beslissingsopties: Germany-entry 2027 vs. BeNeLux-consolidatie eerst	De integratie van 'La Corbeille' in het LUKOIL-netwerk illustreert een bewuste keuze voor quality over quantity.	De integratie van dit station in het LUKOIL-netwerk illustreert een bewuste keuze voor quality over quantity.
Strategische beslissingsopties: Germany-entry 2027 vs. BeNeLux-consolidatie eerst	De joint venture zal een elektrolyseur van 250 MW nabij de Zeeland-raffinaderij bouwen en exploiteren.	De twee bedrijven hebben een overeenkomst getekend voor een joint venture die een elektrolyseur van 250 MW nabij de Zeeland-raffinaderij zal bouwen en exploiteren.
Strategische beslissingsopties: Germany-entry 2027 vs. BeNeLux-consolidatie eerst	De kosten om een volwaardig tankstation met gemaksformule te bouwen of om te bouwen liggen doorgaans tussen de $2 miljoen en meer dan $10 miljoen.	branchestandaarden tonen aan dat de kosten om een volwaardig tankstation met gemaksformule te bouwen of om te bouwen doorgaans tussen de $2 miljoen en meer dan $10 miljoen liggen
Strategische beslissingsopties: Germany-entry 2027 vs. BeNeLux-consolidatie eerst	De marges op brandstofverkoop staan onder druk door de elektrificatie van het wagenpark.	waarvan de marges onder druk staan door de elektrificatie van het wagenpark
Strategische beslissingsopties: Germany-entry 2027 vs. BeNeLux-consolidatie eerst	De nieuwe eigenaar (Carlyle) gedraagt zich proactief als groeibelegger.	de nieuwe eigenaar (Carlyle) gedraagt zich proactief als groeibelegger, niet als passieve beheerder — een aanwijzing voor het strategische potentieel dat derden zien in de BeNeLux-activiteiten.
Strategische beslissingsopties: Germany-entry 2027 vs. BeNeLux-consolidatie eerst	De noodzaak om operationele marges te beschermen in aanloop naar een eigendomstransitie drijft de keuze voor Alternatief A.	voornamelijk gedreven door de noodzaak om operationele marges te beschermen in aanloop naar een eigendomstransitie.
Strategische beslissingsopties: Germany-entry 2027 vs. BeNeLux-consolidatie eerst	De onafhankelijke vereniging van bft-stations heeft een marktaandeel van 16% in Duitsland.	de onafhankelijke vereniging van bft-stations (16%)
Strategische beslissingsopties: Germany-entry 2027 vs. BeNeLux-consolidatie eerst	De ontheffing is geldig tot 29 april 2026.	geldig tot 29 april 2026
Strategische beslissingsopties: Germany-entry 2027 vs. BeNeLux-consolidatie eerst	De oorspronkelijke strategische vraag voor LUKOIL BeNeLux was om vóór juni 2026 te kiezen tussen Duitsland-entry en het perfectioneren van BeNeLux.	De strategische vraag zoals geformuleerd ("LUKOIL BeNeLux kiest vóór juni 2026 tussen Duitsland-entry en BeNeLux perfectioneren") vertrekt vanuit een premisse die fundamenteel is veranderd door een reeks externe schokken tussen oktober 2025 en maart 2026.
Strategische beslissingsopties: Germany-entry 2027 vs. BeNeLux-consolidatie eerst	De opslagterminals in Neder-over-Heembeek en Maastricht worden verkocht aan Carlyle.	Dit betekende dat ook de 250 benzinestations in België en Nederland, de opslagterminals in Neder-over-Heembeek en Maastricht, en het 45-procent belang in de Zeeland-raffinaderij in de haven van Vlissingen aan Carlyle worden verkocht.
Strategische beslissingsopties: Germany-entry 2027 vs. BeNeLux-consolidatie eerst	De overgang naar volatiele inkoopprijzen op de open markt zorgt voor een structurele margin squeeze op de conventionele brandstofliter.	Deze noodgedwongen overgang van een voorspelbare, geïntegreerde kostprijs naar de volatiele inkoopprijzen op de open markt zorgt voor een structurele margin squeeze op de conventionele brandstofliter.
Strategische beslissingsopties: Germany-entry 2027 vs. BeNeLux-consolidatie eerst	De overheid kan ingrijpen bij een "markstoring", zelfs als er geen bewijs is dat een bedrijf de wet heeft overtreden.	en kan de overheid ingrijpen bij een zogeheten "markstoring", zélfs als er geen bewijs is dat een bedrijf de wet heeft overtreden.
Strategische beslissingsopties: Germany-entry 2027 vs. BeNeLux-consolidatie eerst	De overname door Carlyle Group omvatte niet de activa in Kazachstan.	Private equity firma Carlyle Group stemde ermee in de meeste internationale olie- en gasactiva van LUKOIL PJSC over te nemen in een transactie gestructureerd om te voldoen aan Amerikaanse sancties, met uitzondering van Kazachstan en onderhevig aan regelgevende en OFAC-goedkeuringen.
Strategische beslissingsopties: Germany-entry 2027 vs. BeNeLux-consolidatie eerst	De overname door Carlyle Group was onderhevig aan regelgevende en OFAC-goedkeuringen.	Private equity firma Carlyle Group stemde ermee in de meeste internationale olie- en gasactiva van LUKOIL PJSC over te nemen in een transactie gestructureerd om te voldoen aan Amerikaanse sancties, met uitzondering van Kazachstan en onderhevig aan regelgevende en OFAC-goedkeuringen.
Strategische beslissingsopties: Germany-entry 2027 vs. BeNeLux-consolidatie eerst	De overname door TotalEnergies was een direct gevolg van de sanctiedruk.	als direct gevolg van de sanctiedruk.
Strategische beslissingsopties: Germany-entry 2027 vs. BeNeLux-consolidatie eerst	De overname van het tankstation is LUKOILs eerste nieuwe opening in België in jaren.	Het tankstation werd overgenomen van Terpower NV en is LUKOILs eerste nieuwe opening in België in jaren.
Strategische beslissingsopties: Germany-entry 2027 vs. BeNeLux-consolidatie eerst	De overname-investering van Circle K bedroeg circa $3,8 miljard.	gesteund door een ongeëvenaarde overname-investering van circa $3,8 miljard.
Strategische beslissingsopties: Germany-entry 2027 vs. BeNeLux-consolidatie eerst	De projecten met Air Liquide zullen circa 45.000 ton per jaar aan groene waterstof produceren.	TotalEnergies heeft overeenkomsten getekend met Air Liquide om twee projecten in Nederland te ontwikkelen voor de productie en levering van circa 45.000 ton per jaar aan groene waterstof geproduceerd met hernieuwbare energie.
Strategische beslissingsopties: Germany-entry 2027 vs. BeNeLux-consolidatie eerst	De projecten met Air Liquide zullen de CO₂-uitstoot van TotalEnergies' raffinaderijen in België en Nederland met maximaal 450.000 ton per jaar verminderen.	Deze projecten zullen de CO₂-uitstoot van TotalEnergies' raffinaderijen in België en Nederland met maximaal 450.000 ton per jaar verminderen.
Strategische beslissingsopties: Germany-entry 2027 vs. BeNeLux-consolidatie eerst	De restrictie op prijsaanpassingen (maximaal één keer per dag) en de introductie van "no-fault" mededingingsingrijpen vernietigen de winstmarges en zekerheden.	De restrictie op prijsaanpassingen (maximaal één keer per dag) en de introductie van "no-fault" mededingingsingrijpen vernietigen de winstmarges en zekerheden die een internationale expansie rechtvaardigen.
Strategische beslissingsopties: Germany-entry 2027 vs. BeNeLux-consolidatie eerst	De retailoperaties mogen blijven opereren door een tijdelijke ontheffing (General License 126) van de Amerikaanse Office of Foreign Assets Control (OFAC).	Hoewel de retailoperaties door een tijdelijke ontheffing (General License 126) van de Amerikaanse Office of Foreign Assets Control (OFAC), geldig tot 29 april 2026, mogen blijven opereren, dicteert de aanstaande verkoop aan de Amerikaanse private-equityfirma Carlyle Group – een deal gewaardeerd op circa $20 tot $22 miljard – de huidige strategische horizon.
Strategische beslissingsopties: Germany-entry 2027 vs. BeNeLux-consolidatie eerst	De sancties hebben geleid tot een gedwongen desinvestering van alle internationale activa buiten Kazachstan.	wat heeft geleid tot een gedwongen desinvestering van alle internationale activa buiten Kazachstan.
Strategische beslissingsopties: Germany-entry 2027 vs. BeNeLux-consolidatie eerst	De sancties raakten LUKOIL en Rosneft, evenals hun tegenpartijen wereldwijd via de secundaire sanctieclausule.	Deze sancties raakten niet alleen de bedrijven zelf, maar ook al hun tegenpartijen wereldwijd via de secundaire sanctieclausule.
Strategische beslissingsopties: Germany-entry 2027 vs. BeNeLux-consolidatie eerst	De single-market focus van Alternatief A isoleert de onderneming van het toxische Duitse reguleringsklimaat.	Deze single-market focus isoleert de onderneming van het toxische Duitse reguleringsklimaat, beschermt de balans tegen strategic overstretch in een periode van compliance- en eigendomstransitie, en maximaliseert de uiteindelijke verkoop- en bedrijfswaarde voor de naderende nieuwe (Amerikaanse) eigenaar.
Strategische beslissingsopties: Germany-entry 2027 vs. BeNeLux-consolidatie eerst	De status van het rapport is "POST-SANCTIES / CARLYLE-TRANSITIE".	Status: POST-SANCTIES / CARLYLE-TRANSITIE
Strategische beslissingsopties: Germany-entry 2027 vs. BeNeLux-consolidatie eerst	De strategische keuzematrix die vóór juni 2026 beslist moest worden, is overtroffen door exogene interventies.	De strategische keuzematrix die vóór juni 2026 beslist moest worden, is overtroffen door een reeks exogene interventies die de eigendomsidentiteit van LUKOIL BeNeLux volledig hebben veranderd.
Strategische beslissingsopties: Germany-entry 2027 vs. BeNeLux-consolidatie eerst	De structurele margedruk wordt veroorzaakt door het verlies van de Zeeland Refinery.	(veroorzaakt door het verlies van de Zeeland Refinery)
Strategische beslissingsopties: Germany-entry 2027 vs. BeNeLux-consolidatie eerst	De succesvolle integratie van projecten zoals 'La Corbeille' levert de blauwdruk voor de toekomst.	De succesvolle integratie van projecten zoals het architecturale icoon 'La Corbeille' levert de blauwdruk voor de toekomst: lokaal verankerde hub-concepten met sterke nadruk op koffie, vers voedsel en hoogwaardige diensten, waarmee het hoofd kan worden geboden aan de marktstandaarden die partijen als Circle K en EG Group momenteel zetten.
Strategische beslissingsopties: Germany-entry 2027 vs. BeNeLux-consolidatie eerst	De transactie met Carlyle Group was gestructureerd om te voldoen aan Amerikaanse sancties.	Private equity firma Carlyle Group stemde ermee in de meeste internationale olie- en gasactiva van LUKOIL PJSC over te nemen in een transactie gestructureerd om te voldoen aan Amerikaanse sancties, met uitzondering van Kazachstan en onderhevig aan regelgevende en OFAC-goedkeuringen.
Strategische beslissingsopties: Germany-entry 2027 vs. BeNeLux-consolidatie eerst	De transactie van Alimentation Couche-Tard met TotalEnergies had een waarde van ongeveer $3,8 miljard.	een monumentale transactie met een waarde van om en nabij de $3,8 miljard.
Strategische beslissingsopties: Germany-entry 2027 vs. BeNeLux-consolidatie eerst	De verschuiving in Duitsland duwt exploitanten weg van een volumegedreven brandstofmodel naar een waardegedreven dienstverleningsmodel.	Deze verschuiving duwt exploitanten weg van een volumegedreven brandstofmodel naar een waardegedreven dienstverleningsmodel.
Strategische beslissingsopties: Germany-entry 2027 vs. BeNeLux-consolidatie eerst	De verwachte ROI-horizon voor Alternatief A is kort tot middellang (3 - 5 jaar).	Kort tot Middellang (3 - 5 jaar)
Strategische beslissingsopties: Germany-entry 2027 vs. BeNeLux-consolidatie eerst	De verwachte ROI-horizon voor Alternatief B is lang en onzeker.	Lang (Onzeker wegens dubbele integratielasten)
Strategische beslissingsopties: Germany-entry 2027 vs. BeNeLux-consolidatie eerst	De verwachte ROI-horizon voor Alternatief C is lang (>7 jaar).	Lang (>7 jaar)
Strategische beslissingsopties: Germany-entry 2027 vs. BeNeLux-consolidatie eerst	De vijf oligopoliespelers in de Duitse benzinedetailhandel zijn Aral (BP), Shell, Total, Esso en Jet.	De vijf oligopoliespelers zijn Aral (BP), Shell, Total, Esso en Jet.
Strategische beslissingsopties: Germany-entry 2027 vs. BeNeLux-consolidatie eerst	De voltooiing van de integratie van de TotalEnergies-locaties is gepland voor eind 2024.	met de voltooiing van de integratie van circa 2.175 voormalige TotalEnergies-locaties in de bredere regio gepland voor eind 2024
Strategische beslissingsopties: Germany-entry 2027 vs. BeNeLux-consolidatie eerst	De Zeeland Refinery heeft een verwerkingscapaciteit van circa 150.000 tot 180.000 vaten per dag.	(met een verwerkingscapaciteit van circa 150.000 tot 180.000 vaten per dag)
Strategische beslissingsopties: Germany-entry 2027 vs. BeNeLux-consolidatie eerst	Dit project vertegenwoordigt een totale investering van circa €600 miljoen.	Dit project vertegenwoordigt een totale investering van circa €600 miljoen.
Strategische beslissingsopties: Germany-entry 2027 vs. BeNeLux-consolidatie eerst	Duitsland betreden wordt door empirische data ten stelligste afgeraden.	Duitsland betreden – hetzij als solitaire focus in 2027 (Alternatief C), hetzij parallel (Alternatief B) – wordt door empirische data ten stelligste afgeraden.
Strategische beslissingsopties: Germany-entry 2027 vs. BeNeLux-consolidatie eerst	Duitsland bezit de grootste brandstofmarkt van Europa.	Duitsland bezit de grootste brandstofmarkt van Europa en is koploper in het faciliteren van geavanceerde forecourt-modernisering en laadinfrastructuur voor elektrische voertuigen.
Strategische beslissingsopties: Germany-entry 2027 vs. BeNeLux-consolidatie eerst	Duitsland heeft een robuuste auto-industrie.	en een robuuste auto-industrie
Strategische beslissingsopties: Germany-entry 2027 vs. BeNeLux-consolidatie eerst	Duitsland heeft meer dan 5.700 unieke postcodes met tankstations.	Het land heeft meer dan 5.700 unieke postcodes met tankstations in een markt die ruim 14.496 stations telt (stand 2023) en een robuuste auto-industrie, wat leidt tot een aanhoudende vraag naar premium brandstoffen, wat wordt gekwantificeerd door een recent nationaal energieverbruik van 23,9 miljard liter benzine en 17,3 miljard liter diesel in de personenautosector in 2023.
Strategische beslissingsopties: Germany-entry 2027 vs. BeNeLux-consolidatie eerst	Duitsland is de grootste brandstofdetailhandelmarkt van Europa in absolute termen.	Duitsland is de grootste brandstofdetailhandelmarkt van Europa in absolute termen.
Strategische beslissingsopties: Germany-entry 2027 vs. BeNeLux-consolidatie eerst	Duitsland is koploper in het faciliteren van geavanceerde forecourt-modernisering en laadinfrastructuur voor elektrische voertuigen.	Duitsland bezit de grootste brandstofmarkt van Europa en is koploper in het faciliteren van geavanceerde forecourt-modernisering en laadinfrastructuur voor elektrische voertuigen.
Strategische beslissingsopties: Germany-entry 2027 vs. BeNeLux-consolidatie eerst	Een geperfectioneerd BeNeLux-netwerk fungeert als een blauwdruk die een toekomstige koper kan uitrollen naar andere markten.	Een geperfectioneerd BeNeLux-netwerk fungeert als een hoogrenderende cash cow en een blauwdruk die een toekomstige koper kan uitrollen naar andere markten, zonder dat de Carlyle Group of LITASCO BV nu onmiddellijk zelf de kapitale risico's van een buitenlandse expansie hoeft te dragen.
Strategische beslissingsopties: Germany-entry 2027 vs. BeNeLux-consolidatie eerst	Een geperfectioneerd BeNeLux-netwerk fungeert als een hoogrenderende cash cow.	Een geperfectioneerd BeNeLux-netwerk fungeert als een hoogrenderende cash cow en een blauwdruk die een toekomstige koper kan uitrollen naar andere markten, zonder dat de Carlyle Group of LITASCO BV nu onmiddellijk zelf de kapitale risico's van een buitenlandse expansie hoeft te dragen.
Strategische beslissingsopties: Germany-entry 2027 vs. BeNeLux-consolidatie eerst	Een private-equity-eigenaar zoals Carlyle zoekt doorgaans naar cashflow-optimalisatie.	Een private-equity-eigenaar zoals Carlyle zoekt doorgaans naar cashflow-optimalisatie om binnen een termijn van drie tot zeven jaar waarde te ontsluiten (bijvoorbeeld via een exit of beursgang).
Strategische beslissingsopties: Germany-entry 2027 vs. BeNeLux-consolidatie eerst	Een toenemend deel van de omzet en winst van de Duitse sector wordt gegenereerd door nevenbedrijven zoals winkels en diensten.	Een toenemend deel van de omzet en winst van de sector wordt gegenereerd door nevenbedrijven zoals winkels en diensten, aangezien de verkoop van brandstoffen alleen minder winstgevend is.
Strategische beslissingsopties: Germany-entry 2027 vs. BeNeLux-consolidatie eerst	EG Benelux beheert meer dan 700 locaties.	EG Benelux, dat meer dan 700 locaties beheert, is onlangs een zesjarige samenwerking aangegaan met Premium Coffee Group (Lavazza) om de koffie-ervaring in 267 Esso-stations te upgraden naar 'barista-niveau' om de non-fuel inkomsten te verhogen.
Strategische beslissingsopties: Germany-entry 2027 vs. BeNeLux-consolidatie eerst	EG Group had een onbeheersbare schuld van bijna £8 miljard in maart 2023.	Deze schuldengefinancierde expansiedrift resulteerde in een onbeheersbare schuld van bijna £8 miljard in maart 2023.
Strategische beslissingsopties: Germany-entry 2027 vs. BeNeLux-consolidatie eerst	EG Group kocht in extreem hoog tempo netwerken in Europa en de Verenigde Staten op.	Deze operator voerde een agressieve parallelle expansiestrategie uit door in extreem hoog tempo netwerken in Europa en de Verenigde Staten op te kopen en tegelijkertijd kapitaal te storten in de ombouw van bestaande stations tot multi-purpose convenience hubs.
Strategische beslissingsopties: Germany-entry 2027 vs. BeNeLux-consolidatie eerst	EG Group moest 415 Amerikaanse winkels verkopen en terughuren in een $1,5 miljard deal.	het bedrijf moest 415 Amerikaanse winkels verkopen (en terughuren in een $1,5 miljard deal)
Strategische beslissingsopties: Germany-entry 2027 vs. BeNeLux-consolidatie eerst	EG Group verkocht de meerderheid van haar Britse en Ierse locaties aan supermarktketen Asda voor £2,27 miljard ($2,8 miljard).	en verkocht vrijwel onmiddellijk daarna de meerderheid van haar Britse en Ierse locaties aan supermarktketen Asda voor £2,27 miljard ($2,8 miljard) om de schuldpositie kunstmatig onder de factor 5 te drukken.
Strategische beslissingsopties: Germany-entry 2027 vs. BeNeLux-consolidatie eerst	Er werken 59,2 fte's bij LUKOIL Belgium.	Er werken 59,2 fte's bij LUKOIL Belgium volgens de personeelscijfers in de meest recente jaarrekening.
Strategische beslissingsopties: Germany-entry 2027 vs. BeNeLux-consolidatie eerst	Er zijn 180 LUKOIL-benzinestations in België.	In de Benelux-landen bevinden zich 228 LUKOIL-benzinestations, met 180 in België, 46 in Nederland en 2 in Luxemburg.
Strategische beslissingsopties: Germany-entry 2027 vs. BeNeLux-consolidatie eerst	Er zijn 2 LUKOIL-benzinestations in Luxemburg.	In de Benelux-landen bevinden zich 228 LUKOIL-benzinestations, met 180 in België, 46 in Nederland en 2 in Luxemburg.
Strategische beslissingsopties: Germany-entry 2027 vs. BeNeLux-consolidatie eerst	Er zijn 228 LUKOIL-benzinestations in de Benelux-landen.	In de Benelux-landen bevinden zich 228 LUKOIL-benzinestations, met 180 in België, 46 in Nederland en 2 in Luxemburg.
Strategische beslissingsopties: Germany-entry 2027 vs. BeNeLux-consolidatie eerst	Er zijn 46 LUKOIL-benzinestations in Nederland.	In de Benelux-landen bevinden zich 228 LUKOIL-benzinestations, met 180 in België, 46 in Nederland en 2 in Luxemburg.
Strategische beslissingsopties: Germany-entry 2027 vs. BeNeLux-consolidatie eerst	Er zijn twee opslagterminals in Neder-over-Heembeek (stad Brussel) en Maastricht (Nederland).	In de Benelux bevinden zich bijna 250 benzinestations en twee opslagterminals in Neder-over-Heembeek (stad Brussel) en Maastricht (Nederland).
Strategische beslissingsopties: Germany-entry 2027 vs. BeNeLux-consolidatie eerst	Esso heeft een marktaandeel van 7% in Duitsland.	en Esso (7%).
Strategische beslissingsopties: Germany-entry 2027 vs. BeNeLux-consolidatie eerst	Europa's hogere stedelijke dichtheid en sterkere beleidskaders hebben zeer hoge BEV-aandelen geproduceerd in markten als België en Nederland.	Europa's hogere stedelijke dichtheid en sterkere beleidskaders hebben zeer hoge BEV-aandelen geproduceerd in markten als België en Nederland.
Strategische beslissingsopties: Germany-entry 2027 vs. BeNeLux-consolidatie eerst	Europese activiteiten speelden een sleutelrol in LUKOILs wereldwijde omzet in 2024.	waarbij Europese activiteiten een sleutelrol speelden.
Strategische beslissingsopties: Germany-entry 2027 vs. BeNeLux-consolidatie eerst	Gennady Timchenko heeft een nauwe relatie met Vladimir Poetin.	Gennady Timchenko onder Amerikaanse sancties vanwege zijn nauwe relatie met Vladimir Poetin.
Strategische beslissingsopties: Germany-entry 2027 vs. BeNeLux-consolidatie eerst	Gennady Timchenko, medeoprichter van Gunvor, blijft onder Amerikaanse sancties.	Hoewel Gunvor formeel zijn banden met Rusland in 2014 had verbroken, blijft zijn medeoprichter Gennady Timchenko onder Amerikaanse sancties vanwege zijn nauwe relatie met Vladimir Poetin.
Strategische beslissingsopties: Germany-entry 2027 vs. BeNeLux-consolidatie eerst	Gunvor had formeel zijn banden met Rusland in 2014 verbroken.	Hoewel Gunvor formeel zijn banden met Rusland in 2014 had verbroken, blijft zijn medeoprichter Gennady Timchenko onder Amerikaanse sancties vanwege zijn nauwe relatie met Vladimir Poetin.
Strategische beslissingsopties: Germany-entry 2027 vs. BeNeLux-consolidatie eerst	Gunvor is een in Genève gevestigd handelshuis.	Gunvor, een in Genève gevestigd handelshuizen.
Strategische beslissingsopties: Germany-entry 2027 vs. BeNeLux-consolidatie eerst	Het "playbook" van Alternatief A compenseert krimpende brandstofmarges met lucratieve non-fuel inkomsten via convenience, fast-food en horeca.	het compenseren van krimpende brandstofmarges met lucratieve non-fuel inkomsten via convenience, fast-food en horeca
Strategische beslissingsopties: Germany-entry 2027 vs. BeNeLux-consolidatie eerst	Het "playbook" van Alternatief A is een existentiële noodzaak voor de financiële overleving van de BeNeLux-operatie.	Het illustreert des te meer dat het "playbook" van Alternatief A – het compenseren van krimpende brandstofmarges met lucratieve non-fuel inkomsten via convenience, fast-food en horeca – niet louter een abstracte theorie is, maar een existentiële noodzaak vormt voor de financiële overleving van de BeNeLux-operatie.
Strategische beslissingsopties: Germany-entry 2027 vs. BeNeLux-consolidatie eerst	Het 19e EU-sanctiepakket omvatte voor het eerst sleutelsubsidiaries van LUKOIL, waaronder Litasco SA.	Bijna gelijktijdig voerde de EU zijn 19e sanctiepakket in, dat voor het eerst sleutelsubsidiaries van LUKOIL omvatte — waaronder Litasco SA, de entiteit die jarenlang de export en verwerking van Russische olie beheerde.
Strategische beslissingsopties: Germany-entry 2027 vs. BeNeLux-consolidatie eerst	Het 45-procent belang in de Zeeland-raffinaderij in de haven van Vlissingen wordt verkocht aan Carlyle.	Dit betekende dat ook de 250 benzinestations in België en Nederland, de opslagterminals in Neder-over-Heembeek en Maastricht, en het 45-procent belang in de Zeeland-raffinaderij in de haven van Vlissingen aan Carlyle worden verkocht.
Strategische beslissingsopties: Germany-entry 2027 vs. BeNeLux-consolidatie eerst	Het aantal verkochte elektrische voertuigen in België steeg in 2025 met 13,6% ten opzichte van 2024.	In totaal werden in 2025 in België 145.170 elektrische voertuigen verkocht, een stijging ten opzichte van 127.759 in 2024 (+13,6%).
Strategische beslissingsopties: Germany-entry 2027 vs. BeNeLux-consolidatie eerst	Het Amerikaanse ministerie van Financiën kondigde in oktober 2025 een nieuw sanctiepakket aan.	Het keerpunt kwam in oktober 2025, toen het Amerikaanse ministerie van Financiën een nieuw sanctiepakket aankondigde dat de financiering en dienstverlening van LUKOILs internationale activa effectief blokkeerde.
Strategische beslissingsopties: Germany-entry 2027 vs. BeNeLux-consolidatie eerst	Het belang in de Zeeland Refinery voorzag de BeNeLux-tankstations van een stabiele, geïntegreerde brandstoftoevoer.	wat de BeNeLux-tankstations voorzag van een stabiele, geïntegreerde brandstoftoevoer.
Strategische beslissingsopties: Germany-entry 2027 vs. BeNeLux-consolidatie eerst	Het Belgische EV-wagenpark zal in 2026 ongeveer 10% van het totale Belgische wagenpark uitmaken.	Het Belgische EV-wagenpark zou in 2026 de 600.000 voertuigen moeten overschrijden, wat neerkomt op ongeveer 10% van het totale Belgische wagenpark.
Strategische beslissingsopties: Germany-entry 2027 vs. BeNeLux-consolidatie eerst	Het Belgische EV-wagenpark zou in 2026 de 600.000 voertuigen moeten overschrijden.	Het Belgische EV-wagenpark zou in 2026 de 600.000 voertuigen moeten overschrijden, wat neerkomt op ongeveer 10% van het totale Belgische wagenpark.
Strategische beslissingsopties: Germany-entry 2027 vs. BeNeLux-consolidatie eerst	Het Britse EG Group voerde een agressieve parallelle expansiestrategie uit.	Het fatale risico van parallelle expansie gecombineerd met netwerkombouw is recentelijk ondubbelzinnig gedemonstreerd door het Britse EG Group.
Strategische beslissingsopties: Germany-entry 2027 vs. BeNeLux-consolidatie eerst	Het dragen van gelijktijdige integratiekosten en ombouwkosten leidt onvermijdelijk tot strategic overstretch.	Het dragen van gelijktijdige integratiekosten in een oligopolistische overnamemarkt (Duitsland) én ombouwkosten in een transitie-markt (BeNeLux) creëert onacceptabele managementcomplexiteit en leidt onvermijdelijk tot strategic overstretch, analoog aan recente kapitaalvernietigende crises bij branchegenoten.
Strategische beslissingsopties: Germany-entry 2027 vs. BeNeLux-consolidatie eerst	Het dragen van gelijktijdige integratiekosten in een oligopolistische overnamemarkt (Duitsland) en ombouwkosten in een transitie-markt (BeNeLux) creëert onacceptabele managementcomplexiteit.	Het dragen van gelijktijdige integratiekosten in een oligopolistische overnamemarkt (Duitsland) én ombouwkosten in een transitie-markt (BeNeLux) creëert onacceptabele managementcomplexiteit en leidt onvermijdelijk tot strategic overstretch, analoog aan recente kapitaalvernietigende crises bij branchegenoten.
Strategische beslissingsopties: Germany-entry 2027 vs. BeNeLux-consolidatie eerst	Het economische fundament onder de brandstofretail in Duitsland is in april 2026 politiek gedeconstrueerd door het Kraftstoffmaßnahmenpaket.	Het economische fundament onder de brandstofretail in Duitsland is in april 2026 politiek gedeconstrueerd door het Kraftstoffmaßnahmenpaket.
Strategische beslissingsopties: Germany-entry 2027 vs. BeNeLux-consolidatie eerst	Het erfgoedmodel van vertrouwen op benzineverkopen is niet langer duurzaam in Duitsland.	Brandstofvolumes krimpen, en het erfgoedmodel van vertrouwen op benzineverkopen is niet langer duurzaam.
Strategische beslissingsopties: Germany-entry 2027 vs. BeNeLux-consolidatie eerst	Het gecombineerde marktaandeel van de vijf oligopoliespelers in Duitsland is 51%.	Het gecombineerde marktaandeel van de vijf oligopoliespelers is 51%.
Strategische beslissingsopties: Germany-entry 2027 vs. BeNeLux-consolidatie eerst	Het gelijktijdig transformeren van een lokaal netwerk en het penetreren van een verzadigde buitenlandse markt lijkt kapitaalvernietigend in de huidige geopolitieke context.	het gelijktijdig transformeren van een lokaal netwerk én het penetreren van een verzadigde buitenlandse markt lijkt kapitaalvernietigend in de huidige geopolitieke context.
Strategische beslissingsopties: Germany-entry 2027 vs. BeNeLux-consolidatie eerst	Het Internationaal Centrum voor Recht & Economie waarschuwt dat de "no-fault" interventieregeling bedrijven kan straffen puur voor hun bestaan in een geconcentreerde markt.	Het Internationaal Centrum voor Recht & Economie waarschuwt dat deze "no-fault" (zonder schuld) interventieregeling bedrijven kan straffen puur voor hun bestaan in een geconcentreerde markt.
Strategische beslissingsopties: Germany-entry 2027 vs. BeNeLux-consolidatie eerst	Het Kraftstoffmaßnahmenpaket creëert een klimaat van "reguleringsinstabiliteit".	Het Kraftstoffmaßnahmenpaket creëert een klimaat van "reguleringsinstabiliteit".
Strategische beslissingsopties: Germany-entry 2027 vs. BeNeLux-consolidatie eerst	Het Kraftstoffmaßnahmenpaket is op 1 april 2026 in werking getreden.	dat op 1 april 2026 in werking is getreden.
Strategische beslissingsopties: Germany-entry 2027 vs. BeNeLux-consolidatie eerst	Het LUKOIL-netwerk in de BeNeLux staat op een kantelpunt.	Het LUKOIL-netwerk in de BeNeLux staat op een kantelpunt, gedomineerd door drie externe schokken: de desintegratie van de toeleveringsketen door het verlies van de Zeeland Refinery, de op handen zijnde Amerikaanse goedkeuring voor een overname door Carlyle, en disruptieve wetgeving in omringende landen.
Strategische beslissingsopties: Germany-entry 2027 vs. BeNeLux-consolidatie eerst	Het marktaandeel van ARAL in brandstofverkoop is 21%.	De brandstofverkoopmarktaandelen per merk zijn: 21% voor ARAL, 20% voor Shell, 16% voor BFT, 10,5% voor Jet, 9,5% voor Total en 7% voor Esso.
Strategische beslissingsopties: Germany-entry 2027 vs. BeNeLux-consolidatie eerst	Het marktaandeel van BFT in brandstofverkoop is 16%.	16% voor BFT
Strategische beslissingsopties: Germany-entry 2027 vs. BeNeLux-consolidatie eerst	Het marktaandeel van elektrische voertuigen in België was 35% in 2025.	Dit vertaalde zich in een marktaandeel van 35%, wat betekent dat meer dan één op de drie nieuw geregistreerde auto's in België elektrisch was.
Strategische beslissingsopties: Germany-entry 2027 vs. BeNeLux-consolidatie eerst	Het marktaandeel van Esso in brandstofverkoop is 7%.	7% voor Esso.
Strategische beslissingsopties: Germany-entry 2027 vs. BeNeLux-consolidatie eerst	Het marktaandeel van Jet in brandstofverkoop is 10,5%.	10,5% voor Jet
Strategische beslissingsopties: Germany-entry 2027 vs. BeNeLux-consolidatie eerst	Het marktaandeel van Shell in brandstofverkoop is 20%.	20% voor Shell
Strategische beslissingsopties: Germany-entry 2027 vs. BeNeLux-consolidatie eerst	Het marktaandeel van Total in brandstofverkoop is 9,5%.	9,5% voor Total
Strategische beslissingsopties: Germany-entry 2027 vs. BeNeLux-consolidatie eerst	Het moederbedrijf van LITASCO BeNeLux BV is sinds oktober 2025 onderhevig aan stringente Amerikaanse sancties.	Sinds oktober 2025 is het moederbedrijf onderhevig aan stringente Amerikaanse sancties, ingesteld door de regering-Trump, wat heeft geleid tot een gedwongen desinvestering van alle internationale activa buiten Kazachstan.
Strategische beslissingsopties: Germany-entry 2027 vs. BeNeLux-consolidatie eerst	Het nationale energieverbruik in de personenautosector in Duitsland was 17,3 miljard liter diesel in 2023.	en 17,3 miljard liter diesel in de personenautosector in 2023.
Strategische beslissingsopties: Germany-entry 2027 vs. BeNeLux-consolidatie eerst	Het nationale energieverbruik in de personenautosector in Duitsland was 23,9 miljard liter benzine in 2023.	wat wordt gekwantificeerd door een recent nationaal energieverbruik van 23,9 miljard liter benzine en 17,3 miljard liter diesel in de personenautosector in 2023.
Strategische beslissingsopties: Germany-entry 2027 vs. BeNeLux-consolidatie eerst	Het nemen van macro-reguleringsrisico's is onverantwoordbaar binnen een private-equity-gedreven financiële structuur.	Binnen een private-equity-gedreven financiële structuur is het nemen van dergelijke macro-reguleringsrisico's onverantwoordbaar.
Strategische beslissingsopties: Germany-entry 2027 vs. BeNeLux-consolidatie eerst	Het nieuwe KPAnG verbiedt tankstations om prijzen voor benzine en diesel meer dan één keer per dag te verhogen.	Het nieuwe KPAnG verbiedt dit.
Strategische beslissingsopties: Germany-entry 2027 vs. BeNeLux-consolidatie eerst	Het nieuwe sanctiepakket blokkeerde de financiering en dienstverlening van LUKOILs internationale activa.	Het keerpunt kwam in oktober 2025, toen het Amerikaanse ministerie van Financiën een nieuw sanctiepakket aankondigde dat de financiering en dienstverlening van LUKOILs internationale activa effectief blokkeerde.
Strategische beslissingsopties: Germany-entry 2027 vs. BeNeLux-consolidatie eerst	Het oligopolie in Duitsland bezit meer dan 70% marktaandeel.	(het oligopolie bezit >70% marktaandeel)
Strategische beslissingsopties: Germany-entry 2027 vs. BeNeLux-consolidatie eerst	Het omvormen van de shop van 'La Corbeille' tot een volwaardig "LUKOIL Café" benadrukt de ambitie om non-fuel inkomsten te vergroten.	Het omvormen van de shop tot een volwaardig "LUKOIL Café" benadrukt de ambitie om non-fuel inkomsten te vergroten.
Strategische beslissingsopties: Germany-entry 2027 vs. BeNeLux-consolidatie eerst	Het ontwikkelen van een winstgevend, schaalbaar "gemaks- en energieknooppunt"-model in een bekende markt creëert tastbare waarde.	Het ontwikkelen van een winstgevend, schaalbaar "gemaks- en energieknooppunt"-model in een bekende markt creëert tastbare waarde.
Strategische beslissingsopties: Germany-entry 2027 vs. BeNeLux-consolidatie eerst	Het perfectioneren van de BeNeLux-operatie (Alternatief A) is de meest robuuste en risicomijdende strategie.	Onderzoek suggereert dat het perfectioneren van de BeNeLux-operatie (Alternatief A) momenteel de meest robuuste en risicomijdende strategie is, voornamelijk gedreven door de noodzaak om operationele marges te beschermen in aanloop naar een eigendomstransitie.
Strategische beslissingsopties: Germany-entry 2027 vs. BeNeLux-consolidatie eerst	Het perfectioneren van de BeNeLux-operatie is uiterst rationeel vanuit een evidence-based perspectief.	Vanuit een evidence-based perspectief is het perfectioneren van de BeNeLux-operatie uiterst rationeel.
Strategische beslissingsopties: Germany-entry 2027 vs. BeNeLux-consolidatie eerst	Het perfectioneren van locaties zoals 'La Corbeille' dient als een testomgeving om combinaties van vers voedsel, koffieconcepten en loyaliteitsprogramma's te ontdekken die de hoogste ROI opleveren.	Het perfectioneren van dergelijke locaties dient als een testomgeving (een playbook) om te ontdekken welke combinaties van vers voedsel, koffieconcepten en loyaliteitsprogramma's de hoogste Return on Investment (ROI) opleveren.
Strategische beslissingsopties: Germany-entry 2027 vs. BeNeLux-consolidatie eerst	Het project zal de CO₂-uitstoot van het terrein met maximaal 300.000 ton per jaar verminderen.	De elektrolyseur zal in 2029 in bedrijf worden genomen en zal de CO₂-uitstoot van het terrein met maximaal 300.000 ton per jaar verminderen.
Strategische beslissingsopties: Germany-entry 2027 vs. BeNeLux-consolidatie eerst	Het project zal de productie van maximaal 30.000 ton groene waterstof per jaar mogelijk maken.	Dit project zal de productie van maximaal 30.000 ton groene waterstof per jaar mogelijk maken.
Strategische beslissingsopties: Germany-entry 2027 vs. BeNeLux-consolidatie eerst	Het rapport is opgesteld op basis van bronnen van MobilityEnergy.com, VRT NWS, Bloomberg, Reuters, ECFR, European Parliament, EAFO, GLOBSEC, IBISWorld, McKinsey, KPMG, Foodservice Alliance, en officiële communicatie van LUKOIL, TotalEnergies en de Carlyle Group.	Rapport opgesteld op basis van bronnen van MobilityEnergy.com, VRT NWS, Bloomberg, Reuters, ECFR, European Parliament, EAFO, GLOBSEC, IBISWorld, McKinsey, KPMG, Foodservice Alliance, en officiële communicatie van LUKOIL, TotalEnergies en de Carlyle Group — alle gepubliceerd tussen 2025 en juli 2026.
Strategische beslissingsopties: Germany-entry 2027 vs. BeNeLux-consolidatie eerst	Het risicoprofiel voor Alternatief A is laag.	Laag (Bekende consumentenmarkt, eigen activa)
Strategische beslissingsopties: Germany-entry 2027 vs. BeNeLux-consolidatie eerst	Het risicoprofiel voor Alternatief B is maximaal.	Maximaal (Versnipperde investeringsmiddelen)
Strategische beslissingsopties: Germany-entry 2027 vs. BeNeLux-consolidatie eerst	Het risicoprofiel voor Alternatief C is hoog.	Hoog (Politieke en marktbarrières)
Strategische beslissingsopties: Germany-entry 2027 vs. BeNeLux-consolidatie eerst	Het Roemeense netwerk van benzinestations heeft 320 stations.	Het netwerk heeft 320 stations en er is interesse in het kopen ervan.
Strategische beslissingsopties: Germany-entry 2027 vs. BeNeLux-consolidatie eerst	Het strategische besluit dat vóór juni 2026 genomen moet worden, dient ondubbelzinnig de keuze te vallen op Alternatief A.	Het strategische besluit dat vóór juni 2026 genomen moet worden, dient ondubbelzinnig de keuze te vallen op Alternatief A: de BeNeLux-operatie perfectioneren als schaalbaar playbook.
Strategische beslissingsopties: Germany-entry 2027 vs. BeNeLux-consolidatie eerst	Het strategische onderzoeksrapport is opgesteld in juli 2026.	Opgesteld: Juli 2026
Strategische beslissingsopties: Germany-entry 2027 vs. BeNeLux-consolidatie eerst	Het succesvol navigeren van de rigide prijsstructuur in Duitsland vereist een volledig op Duitsland toegesneden operationeel model.	Het succesvol navigeren van deze rigide structuur vereist een volledig op Duitsland toegesneden operationeel model, wat schaalvoordelen met de BeNeLux-markt minimaliseert.
Strategische beslissingsopties: Germany-entry 2027 vs. BeNeLux-consolidatie eerst	Het tankstation in België werd overgenomen van Terpower NV.	Het tankstation werd overgenomen van Terpower NV en is LUKOILs eerste nieuwe opening in België in jaren.
Strategische beslissingsopties: Germany-entry 2027 vs. BeNeLux-consolidatie eerst	Het verdienmodel in de Europese brandstofretail verschuift van louter brandstofverkoop naar een focus op gemaksvoeding en service.	Het verdienmodel in de Europese brandstofretail verschuift in hoog tempo van louter brandstofverkoop (waarvan de marges onder druk staan door de elektrificatie van het wagenpark, waarbij het mechanisme eenvoudig is: dalende brandstofvolumes kunnen de oplopende vaste operationele kosten van een station niet langer zelfstandig dekken) naar een focus op gemaksvoeding (convenience) en service.
Strategische beslissingsopties: Germany-entry 2027 vs. BeNeLux-consolidatie eerst	Het verwachte rendement weegt niet op tegen het kapitaalbeslag en de juridische barrières in Duitsland.	Het verwachte rendement weegt simpelweg niet op tegen het kapitaalbeslag en de juridische barrières.
Strategische beslissingsopties: Germany-entry 2027 vs. BeNeLux-consolidatie eerst	Hulshout ligt ongeveer 30 kilometer ten zuidoosten van Antwerpen.	In Hulshout, Vlaanderen, op zo'n 30 kilometer ten zuidoosten van Antwerpen, heeft het 'La Corbeille' overgenomen, bekend als 'het mooiste tankstation van België'.
Strategische beslissingsopties: Germany-entry 2027 vs. BeNeLux-consolidatie eerst	In 2025 genereerde Ruslands olie- en gassector 104 miljard dollar aan staatsinkomsten.	In 2025 genereerde Ruslands olie- en gassector — waarvan LUKOIL een grote speler is — 104 miljard dollar aan staatsinkomsten.
Strategische beslissingsopties: Germany-entry 2027 vs. BeNeLux-consolidatie eerst	In 2025 was 89% van de nieuw verkochte batterij-elektrische voertuigen (BEV's) geregistreerd als bedrijfsauto's.	In 2025 was 89% van de nieuw verkochte batterij-elektrische voertuigen (BEV's) geregistreerd als bedrijfsauto's, wat de impact van fiscale prikkels en corporate decarbonisatiestrategieën weerspiegelt.
Strategische beslissingsopties: Germany-entry 2027 vs. BeNeLux-consolidatie eerst	In 2025 werden in België 145.170 elektrische voertuigen verkocht.	In totaal werden in 2025 in België 145.170 elektrische voertuigen verkocht, een stijging ten opzichte van 127.759 in 2024 (+13,6%).
Strategische beslissingsopties: Germany-entry 2027 vs. BeNeLux-consolidatie eerst	In de Benelux bevinden zich bijna 250 benzinestations.	In de Benelux bevinden zich bijna 250 benzinestations en twee opslagterminals in Neder-over-Heembeek (stad Brussel) en Maastricht (Nederland).
Strategische beslissingsopties: Germany-entry 2027 vs. BeNeLux-consolidatie eerst	In februari 2026 heeft het Franse TotalEnergies het belang in de Zeeland Refinery volledig overgenomen.	In februari 2026 heeft het Franse TotalEnergies dit belang echter volledig overgenomen als direct gevolg van de sanctiedruk.
Strategische beslissingsopties: Germany-entry 2027 vs. BeNeLux-consolidatie eerst	In Nederland worden ruim 250 locaties getransformeerd tot uitgebreide gemakswinkels.	Alleen al in Nederland worden ruim 250 locaties getransformeerd tot uitgebreide gemakswinkels, met tientallen soortgelijke ombouwingen in België en Luxemburg.
Strategische beslissingsopties: Germany-entry 2027 vs. BeNeLux-consolidatie eerst	Indien de upgrade van het netwerk achterwege blijft, dreigt een drastisch verlies van marktaandeel.	Indien dit achterwege blijft, dreigt een drastisch verlies van marktaandeel.
Strategische beslissingsopties: Germany-entry 2027 vs. BeNeLux-consolidatie eerst	Jet heeft een marktaandeel van 10,5% in Duitsland.	Jet (10,5%)
Strategische beslissingsopties: Germany-entry 2027 vs. BeNeLux-consolidatie eerst	Kapitaalefficiëntie is heilig binnen de context van een naderende overname door de Carlyle Group.	Binnen de context van een naderende overname door de Carlyle Group – een private-equitypartij die doorgaans streeft naar rendementsoptimalisatie binnen een horizon van vijf jaar alvorens over te gaan tot een strategische exit – is kapitaalefficiëntie heilig.
Strategische beslissingsopties: Germany-entry 2027 vs. BeNeLux-consolidatie eerst	'La Corbeille' biedt uitgebreide faciliteiten, waaronder een bakkerij, koffiecorner, zitruimtes en vergaderzalen.	en biedt uitgebreide faciliteiten, waaronder een bakkerij, koffiecorner, zitruimtes en zelfs vergaderzalen.
Strategische beslissingsopties: Germany-entry 2027 vs. BeNeLux-consolidatie eerst	'La Corbeille' is architecturaal ontworpen in de vorm van een conservenblik.	is architecturaal ontworpen in de vorm van een conservenblik (een knipoog naar het industriële verleden van de locatie)
Strategische beslissingsopties: Germany-entry 2027 vs. BeNeLux-consolidatie eerst	'La Corbeille' staat bekend als 'het mooiste tankstation van België'.	In Hulshout, Vlaanderen, op zo'n 30 kilometer ten zuidoosten van Antwerpen, heeft het 'La Corbeille' overgenomen, bekend als 'het mooiste tankstation van België'.
Strategische beslissingsopties: Germany-entry 2027 vs. BeNeLux-consolidatie eerst	'La Corbeille' werd in 2019 geopend en bekroond als "mooiste tankstation van België".	Dit station, in 2019 geopend en bekroond als "mooiste tankstation van België", is architecturaal ontworpen in de vorm van een conservenblik (een knipoog naar het industriële verleden van de locatie) en biedt uitgebreide faciliteiten, waaronder een bakkerij, koffiecorner, zitruimtes en zelfs vergaderzalen.
Strategische beslissingsopties: Germany-entry 2027 vs. BeNeLux-consolidatie eerst	LITASCO BeNeLux kan succesvol transformeren naar een modern "Forecourt & Convenience" bedrijf door alle operationele middelen en investeringen te concentreren op de circa 250 locaties in België, Nederland en Luxemburg.	Door alle operationele middelen en investeringen te concentreren op de circa 250 locaties in België, Nederland en Luxemburg, kan LITASCO BeNeLux succesvol transformeren naar een modern "Forecourt & Convenience" bedrijf.
Strategische beslissingsopties: Germany-entry 2027 vs. BeNeLux-consolidatie eerst	Litasco SA beheerde jarenlang de export en verwerking van Russische olie.	Litasco SA, de entiteit die jarenlang de export en verwerking van Russische olie beheerde.
Strategische beslissingsopties: Germany-entry 2027 vs. BeNeLux-consolidatie eerst	LUKOIL BeNeLux is de facto een pure-play retailer geworden door het verlies van het 45%-belang in de Zeeland Refinery.	Door het recente verlies van het 45%-belang in de Zeeland Refinery in Vlissingen, is LUKOIL BeNeLux de facto een pure-play retailer geworden.
Strategische beslissingsopties: Germany-entry 2027 vs. BeNeLux-consolidatie eerst	LUKOIL BeNeLux is getransformeerd van een geïntegreerde downstream-speler naar een pure-play brandstof- en gemaksretailer.	LUKOIL BeNeLux is hierdoor getransformeerd van een geïntegreerde downstream-speler naar een pure-play brandstof- en gemaksretailer (een bedrijf dat zich uitsluitend richt op één specifieke kernactiviteit, in dit geval de detailhandel zonder eigen raffinage of productie).
Strategische beslissingsopties: Germany-entry 2027 vs. BeNeLux-consolidatie eerst	LUKOIL BeNeLux is recentelijk omgedoopt tot LITASCO BeNeLux BV.	De strategische positionering van LUKOIL BeNeLux (recentelijk omgedoopt tot LITASCO BeNeLux BV) wordt momenteel niet in een vacuüm bepaald.
Strategische beslissingsopties: Germany-entry 2027 vs. BeNeLux-consolidatie eerst	LUKOIL BeNeLux moet aanzienlijk kapitaal alloceren aan de fysieke en conceptuele upgrade van het eigen netwerk.	Deze ontwikkelingen dwingen LUKOIL BeNeLux om aanzienlijk kapitaal te alloceren aan de fysieke en conceptuele upgrade van het eigen netwerk.
Strategische beslissingsopties: Germany-entry 2027 vs. BeNeLux-consolidatie eerst	LUKOIL BeNeLux moet de focus exclusief verleggen naar Alternatief A vóór juni 2026.	Eindbeslissing (vóór juni 2026): LUKOIL BeNeLux moet de focus exclusief verleggen naar Alternatief A, waardoor het bedrijf wordt gemaximaliseerd als winstgevende cash cow en overdraagbaar concept voor de naderende nieuwe eigenaar.
Strategische beslissingsopties: Germany-entry 2027 vs. BeNeLux-consolidatie eerst	LUKOIL bezat tot begin 2026 een belang van 45% in de Zeeland Refinery in Vlissingen.	Tot begin 2026 bezat LUKOIL een belang van 45% in de Zeeland Refinery in Vlissingen (met een verwerkingscapaciteit van circa 150.000 tot 180.000 vaten per dag), wat de BeNeLux-tankstations voorzag van een stabiele, geïntegreerde brandstoftoevoer.
Strategische beslissingsopties: Germany-entry 2027 vs. BeNeLux-consolidatie eerst	LUKOIL dreigt dezelfde fout te maken als EG Group indien Alternatief B wordt gekozen.	LUKOIL dreigt exact dezelfde fout te maken indien Alternatief B wordt gekozen.
Strategische beslissingsopties: Germany-entry 2027 vs. BeNeLux-consolidatie eerst	LUKOIL heeft 2 tankstations in Luxemburg.	enkele in Luxemburg (om precies te zijn 2 stations)).
Strategische beslissingsopties: Germany-entry 2027 vs. BeNeLux-consolidatie eerst	LUKOIL heeft 'La Corbeille' overgenomen in Hulshout, Vlaanderen.	In Hulshout, Vlaanderen, op zo'n 30 kilometer ten zuidoosten van Antwerpen, heeft het 'La Corbeille' overgenomen, bekend als 'het mooiste tankstation van België'.
Strategische beslissingsopties: Germany-entry 2027 vs. BeNeLux-consolidatie eerst	LUKOIL heeft ongeveer 185 tankstations in België.	(ongeveer 185 in België
Strategische beslissingsopties: Germany-entry 2027 vs. BeNeLux-consolidatie eerst	LUKOIL heeft ruim 70 tankstations in Nederland.	ruim 70 in Nederland
Strategische beslissingsopties: Germany-entry 2027 vs. BeNeLux-consolidatie eerst	LUKOIL investeert opnieuw in de uitbreiding van het aantal tankstationlocaties.	LUKOIL, dat eind januari was overgenomen door investeringsmaatschappij Carlyle, investeert opnieuw in de uitbreiding van het aantal tankstationlocaties.
Strategische beslissingsopties: Germany-entry 2027 vs. BeNeLux-consolidatie eerst	LUKOIL kondigde op 30 oktober 2025 een overeenkomst aan om 100% van de aandelen in LUKOIL International te verkopen aan Gunvor.	Op 30 oktober 2025 kondigde LUKOIL een overeenkomst aan om 100% van de aandelen in LUKOIL International te verkopen aan Gunvor, een in Genève gevestigd handelshuizen.
Strategische beslissingsopties: Germany-entry 2027 vs. BeNeLux-consolidatie eerst	LUKOIL moet haar brandstofvoorraden als onafhankelijke retailer direct inkopen op de groothandelsmarkt, voornamelijk via de spotmarkt rondom het ARA-gebied.	Nu het Franse TotalEnergies het volledige eigendom van de Zeeland Refinery heeft overgenomen, moet LUKOIL haar voorraden als onafhankelijke retailer direct inkopen op de groothandelsmarkt, voornamelijk via de spotmarkt rondom het essentiële ARA-gebied (Amsterdam-Rotterdam-Antwerpen).
Strategische beslissingsopties: Germany-entry 2027 vs. BeNeLux-consolidatie eerst	LUKOIL nam in maart 2026 het tankstation 'La Corbeille' in Hulshout (België) over van Terpower NV.	In maart 2026 nam de onderneming het iconische tankstation 'La Corbeille' in Hulshout (België) over van Terpower NV.
Strategische beslissingsopties: Germany-entry 2027 vs. BeNeLux-consolidatie eerst	LUKOIL opereert in de BeNeLux met een netwerk van ongeveer 250 tankstations.	LUKOIL opereert in de BeNeLux met een netwerk van om en nabij de 250 tankstations (ongeveer 185 in België, ruim 70 in Nederland, en enkele in Luxemburg (om precies te zijn 2 stations)).
Strategische beslissingsopties: Germany-entry 2027 vs. BeNeLux-consolidatie eerst	LUKOIL verwierf in 2009 een belang van 45% in de Zeeland Raffinaderij.	De brandstof wordt aan deze stations geleverd vanuit de Zeeland Raffinaderij, waar LUKOIL een belang van 45% verwierf in 2009.
Strategische beslissingsopties: Germany-entry 2027 vs. BeNeLux-consolidatie eerst	LUKOIL werd eind januari overgenomen door investeringsmaatschappij Carlyle.	LUKOIL, dat eind januari was overgenomen door investeringsmaatschappij Carlyle, investeert opnieuw in de uitbreiding van het aantal tankstationlocaties.
Strategische beslissingsopties: Germany-entry 2027 vs. BeNeLux-consolidatie eerst	LUKOILs Europese raffinaderijen konden door de sancties niet meer onder normale omstandigheden opereren.	Hierdoor konden LUKOILs Europese raffinaderijen niet meer onder normale omstandigheden opereren.
Strategische beslissingsopties: Germany-entry 2027 vs. BeNeLux-consolidatie eerst	LUKOIL's internationale activa staan onder zware Amerikaanse (OFAC) sanctiedruk.	LUKOIL's internationale activa staan onder zware Amerikaanse (OFAC) sanctiedruk.
Strategische beslissingsopties: Germany-entry 2027 vs. BeNeLux-consolidatie eerst	LUKOILs wereldwijde omzet oversteeg 95 miljard dollar in 2024.	LUKOILs eigen wereldwijde omzet oversteeg 95 miljard dollar in 2024, waarbij Europese activiteiten een sleutelrol speelden.
Strategische beslissingsopties: Germany-entry 2027 vs. BeNeLux-consolidatie eerst	Marktconcentratie en significante toetredingsbarrières werken "tacit collusion" in de hand.	Onderzoek toont aan dat marktconcentratie en de aanwezigheid van significante toetredingsbarrières "tacit collusion" (stilzwijgende collusie of prijsvolgerschap) in de hand werken, wat resulteert in gevestigde prijsevenwichten.
Strategische beslissingsopties: Germany-entry 2027 vs. BeNeLux-consolidatie eerst	Marktleider Aral heeft een marktaandeel van circa 16% in Duitsland.	Marktleider Aral heeft een marktaandeel van circa 16%.
Strategische beslissingsopties: Germany-entry 2027 vs. BeNeLux-consolidatie eerst	Na 2026 zal de fiscale aftrekbaarheid voor BEV's beginnen af te nemen.	Na 2026 zal deze aftrekbaarheid beginnen af te nemen: 95% in 2027, 90% in 2028, en dalend naar 67,5% vanaf 2031.
Strategische beslissingsopties: Germany-entry 2027 vs. BeNeLux-consolidatie eerst	Noordwest-Europa wordt beschouwd als de meest lucratieve markt voor diesel en vliegtuigbrandstof.	Dit gebied van noordwest-Europa wordt beschouwd als de meest lucratieve markt voor diesel en vliegtuigbrandstof.
Strategische beslissingsopties: Germany-entry 2027 vs. BeNeLux-consolidatie eerst	Onder het nieuwe regime geldt een omkering van de bewijslast.	Onder het nieuwe regime geldt een omkering van de bewijslast en kan de overheid ingrijpen bij een zogeheten "markstoring", zélfs als er geen bewijs is dat een bedrijf de wet heeft overtreden.
Strategische beslissingsopties: Germany-entry 2027 vs. BeNeLux-consolidatie eerst	Ongeveer $3,17 miljoen van de projectkosten zijn harde bouwkosten.	(waarvan alleen al ~$3,17 miljoen aan harde bouwkosten)
Strategische beslissingsopties: Germany-entry 2027 vs. BeNeLux-consolidatie eerst	Onoverkomelijke regelgevende barrières in Duitsland zijn een gevolg van de recente en radicale herziening van de Duitse mededingingswetgeving voor brandstofretailers.	het bewijs wijst sterk in de richting van onoverkomelijke regelgevende barrières, specifiek door de recente en radicale herziening van de Duitse mededingingswetgeving voor brandstofretailers.
Strategische beslissingsopties: Germany-entry 2027 vs. BeNeLux-consolidatie eerst	Organische groei door het bouwen van nieuwe locaties in Duitsland is praktisch onuitvoerbaar.	organische groei door het bouwen van nieuwe locaties is praktisch onuitvoerbaar vanwege strenge ruimtelijke ordening en milieuregelgeving.
Strategische beslissingsopties: Germany-entry 2027 vs. BeNeLux-consolidatie eerst	Parallel investeren (Alternatief B) draagt een significant risico op strategische overstrekking.	Parallel investeren (Alternatief B) draagt een significant risico op strategische overstrekking ("strategic overstretch"); het gelijktijdig transformeren van een lokaal netwerk én het penetreren van een verzadigde buitenlandse markt lijkt kapitaalvernietigend in de huidige geopolitieke context.
Strategische beslissingsopties: Germany-entry 2027 vs. BeNeLux-consolidatie eerst	Parallel investeren vereist dat de leiding van LITASCO BeNeLux twee fundamenteel verschillende problemen tegelijk oplost.	Daarnaast vereist parallel investeren dat de leiding van LITASCO BeNeLux twee fundamenteel verschillende problemen tegelijk oplost:
Strategische beslissingsopties: Germany-entry 2027 vs. BeNeLux-consolidatie eerst	Parallel investeren vereist een massale cash burn.	Parallel investeren vereist een massale cash burn: honderden miljoenen euro's aan CapEx (Capital Expenditure, oftewel eenmalige kapitaaluitgaven vereist voor vaste activa) – branchestandaarden tonen aan dat de kosten om een volwaardig tankstation met gemaksformule te bouwen of om te bouwen doorgaans tussen de $2 miljoen en meer dan $10 miljoen liggen, waarbij de gedetailleerde totale projectkosten voor een gemiddelde locatie oplopen tot om en nabij de $6,07 miljoen (waarvan alleen al ~$3,17 miljoen aan harde bouwkosten) – móéten gelijktijdig gefinancierd worden met de aanzienlijke premies die nodig zijn om een Duitse concurrent in een oligopolistische markt uit te kopen.
Strategische beslissingsopties: Germany-entry 2027 vs. BeNeLux-consolidatie eerst	Parallel investeren vernietigt aandeelhouderswaarde als het bedrijf de operationele en financiële lasten van meerdere getransformeerde kernmarkten niet synchroon en solvabel kan dragen.	Dit is het klassieke handboekvoorbeeld van 'strategic overstretch': parallel investeren vernietigt aandeelhouderswaarde als het bedrijf de operationele en financiële lasten van meerdere getransformeerde kernmarkten niet synchroon en solvabel kan dragen.
Strategische beslissingsopties: Germany-entry 2027 vs. BeNeLux-consolidatie eerst	Precieze, actuele winstmarges en kapitaalallocaties van de BeNeLux-operatie na de afstoting van de Zeeland Refinery zijn niet publiekelijk beschikbaar.	Precieze, actuele winstmarges en kapitaalallocaties van de BeNeLux-operatie na de afstoting van de Zeeland Refinery zijn niet publiekelijk beschikbaar.
Strategische beslissingsopties: Germany-entry 2027 vs. BeNeLux-consolidatie eerst	Private equity firma Carlyle Group stemde ermee in de meeste internationale olie- en gasactiva van LUKOIL PJSC over te nemen.	Private equity firma Carlyle Group stemde ermee in de meeste internationale olie- en gasactiva van LUKOIL PJSC over te nemen in een transactie gestructureerd om te voldoen aan Amerikaanse sancties, met uitzondering van Kazachstan en onderhevig aan regelgevende en OFAC-goedkeuringen.
Strategische beslissingsopties: Germany-entry 2027 vs. BeNeLux-consolidatie eerst	Private equity-eigenaren hanteren typisch een exit-horizon van 5–7 jaar.	Private equity-eigenaren hanteren typisch een exit-horizon van 5–7 jaar.
Strategische beslissingsopties: Germany-entry 2027 vs. BeNeLux-consolidatie eerst	Sancties kunnen variëren van het verplicht openstellen van data en het dicteren van contractvoorwaarden tot gedwongen desinvesteringen en opsplitsing van bedrijfsonderdelen.	Sancties kunnen variëren van het verplicht openstellen van data en het dicteren van contractvoorwaarden tot extreme maatregelen zoals gedwongen desinvesteringen en opsplitsing van bedrijfsonderdelen.
Strategische beslissingsopties: Germany-entry 2027 vs. BeNeLux-consolidatie eerst	Shell heeft een marktaandeel in brandstofverkoop van 20% in Duitsland.	op de voet gevolgd door Shell (20%)
Strategische beslissingsopties: Germany-entry 2027 vs. BeNeLux-consolidatie eerst	Sinds het begin van Ruslands volledige invasie van Oekraïne heeft LUKOIL miljarden naar de Russische economie gesluisd.	Sinds het begin van Ruslands volledige invasie van Oekraïne heeft LUKOIL miljarden naar de Russische economie gesluisd.
Strategische beslissingsopties: Germany-entry 2027 vs. BeNeLux-consolidatie eerst	Tankstations dienen steeds meer als lokale knooppunten voor dagelijkse boodschappen en hoogwaardige horeca.	Het consumentengedrag toont aan dat tankstations steeds meer dienen als lokale knooppunten voor dagelijkse boodschappen en hoogwaardige horeca, in plaats van uitsluitend als tanklocaties.
Strategische beslissingsopties: Germany-entry 2027 vs. BeNeLux-consolidatie eerst	Teboil heeft een keten van circa 430 benzinestations.	de keten van circa 430 benzinestations zal verkopen.
Strategische beslissingsopties: Germany-entry 2027 vs. BeNeLux-consolidatie eerst	Tientallen soortgelijke ombouwingen vinden plaats in België en Luxemburg.	met tientallen soortgelijke ombouwingen in België en Luxemburg.
Strategische beslissingsopties: Germany-entry 2027 vs. BeNeLux-consolidatie eerst	Total / Alimentation Couche-Tard heeft een marktaandeel van 9,5% in Duitsland.	Total / Alimentation Couche-Tard (9,5%)
Strategische beslissingsopties: Germany-entry 2027 vs. BeNeLux-consolidatie eerst	TotalEnergies en Air Liquide hebben een overeenkomst getekend voor een joint venture.	De twee bedrijven hebben een overeenkomst getekend voor een joint venture die een elektrolyseur van 250 MW nabij de Zeeland-raffinaderij zal bouwen en exploiteren.
Strategische beslissingsopties: Germany-entry 2027 vs. BeNeLux-consolidatie eerst	TotalEnergies heeft de volledige eigendom van de Zeeland-raffinaderij in Nederland herverkregen.	TotalEnergies heeft de volledige eigendom van de Zeeland-raffinaderij in Nederland herverkregen na het terugkopen van het resterende 45%-belang van Russisch oliebedrijf LUKOIL, zo meldden twee bronnen aan Reuters.
Strategische beslissingsopties: Germany-entry 2027 vs. BeNeLux-consolidatie eerst	TotalEnergies heeft overeenkomsten getekend met Air Liquide om twee projecten in Nederland te ontwikkelen.	TotalEnergies heeft overeenkomsten getekend met Air Liquide om twee projecten in Nederland te ontwikkelen voor de productie en levering van circa 45.000 ton per jaar aan groene waterstof geproduceerd met hernieuwbare energie.
Strategische beslissingsopties: Germany-entry 2027 vs. BeNeLux-consolidatie eerst	TotalEnergies kocht het resterende 45%-belang van LUKOIL in de Zeeland-raffinaderij terug.	TotalEnergies heeft de volledige eigendom van de Zeeland-raffinaderij in Nederland herverkregen na het terugkopen van het resterende 45%-belang van Russisch oliebedrijf LUKOIL, zo meldden twee bronnen aan Reuters.
Strategische beslissingsopties: Germany-entry 2027 vs. BeNeLux-consolidatie eerst	TRN (de vorige naam van de Zeeland-raffinaderij) levert producten aan retailnetwerken in Nederland, België en Duitsland.	TRN (de vorige naam van de Zeeland-raffinaderij) levert zijn producten aan retailnetwerken in met name Nederland, België en Duitsland.
